1,2,3,4,5,6,7,8,9,10,11,12,13,14,15,AVERAGE
92.92,88.88,69.69,97.97,84.84,80.8,53.53,73.73,59.59,94.94,74.74,65.65,87.87,77.77,61.61,77.63533333
82.82,50.5,90.9,58.58,73.73,70.7,69.69,63.63,54.54,51.51,93.93,74.74,83.83,78.78,69.69,71.17133333
54.54,59.59,84.84,82.82,97.97,78.78,94.94,83.83,73.73,79.79,72.72,92.92,69.69,73.73,61.61,77.43333333
81.81,87.87,62.62,73.73,84.84,96.96,81.81,71.71,85.85,80.8,88.88,85.85,73.73,73.73,75.75,80.396
65.65,99.99,96.96,55.55,52.52,68.68,91.91,86.86,69.69,71.71,78.78,53.53,83.83,85.85,55.55,74.47066667
79.79,79.79,77.77,93.93,86.86,55.55,57.57,85.85,59.59,71.71,83.83,65.65,87.87,90.9,98.98,78.376
69.69,87.87,55.55,87.87,68.68,52.52,96.96,75.75,59.59,67.67,88.88,77.77,88.88,74.74,59.59,74.134
69.69,82.82,84.84,95.95,94.94,50.5,98.98,77.77,71.71,57.57,88.88,71.71,51.51,50.5,59.59,73.79733333
50.5,74.74,83.83,79.79,53.53,83.83,51.51,93.93,99.99,70.7,79.79,68.68,81.81,54.54,73.73,73.39333333
61.61,96.96,88.88,67.67,66.66,89.89,69.69,63.63,75.75,67.67,93.93,79.79,82.82,99.99,99.99,80.32866667
71.71,92.92,72.72,75.75,61.61,83.83,56.56,50.5,97.97,56.56,75.75,60.6,95.95,89.89,68.68,74.06666667
75.75,85.85,58.58,71.71,89.89,80.8,99.99,84.84,53.53,65.65,93.93,60.6,54.54,50.5,71.71,73.19133333
82.82,53.53,57.57,95.95,63.63,82.82,89.89,97.97,86.86,86.86,65.65,52.52,98.98,94.94,93.93,80.26133333
94.94,65.65,59.59,51.51,66.66,78.78,87.87,64.64,92.92,89.89,68.68,82.82,99.99,74.74,92.92,78.10666667
64.64,85.85,87.87,90.9,65.65,89.89,64.64,54.54,90.9,89.89,94.94,64.64,94.94,64.64,67.67,78.10666667
99.99,91.91,92.92,68.68,63.63,82.82,52.52,99.99,81.81,61.61,99.99,60.6,89.89,51.51,78.78,78.44333333
98.98,95.95,93.93,84.84,89.89,98.98,97.97,92.92,71.71,79.79,63.63,54.54,57.57,87.87,84.84,83.56066667
63.63,58.58,54.54,83.83,96.96,86.86,55.55,69.69,65.65,57.57,77.77,92.92,57.57,53.53,71.71,69.75733333
66.66,84.84,63.63,58.58,94.94,95.95,81.81,72.72,53.53,95.95,98.98,96.96,51.51,64.64,81.81,77.50066667
73.73,51.51,59.59,83.83,96.96,87.87,72.72,65.65,96.96,73.73,66.66,80.8,64.64,98.98,95.95,77.972
50.5,79.79,87.87,77.77,81.81,53.53,95.95,91.91,65.65,82.82,92.92,81.81,78.78,92.92,81.81,79.72266667
85.85,59.59,62.62,84.84,84.84,54.54,56.56,62.62,79.79,79.79,90.9,76.76,91.91,51.51,61.61,72.24866667
50.5,95.95,50.5,88.88,88.88,94.94,66.66,96.96,67.67,53.53,68.68,59.59,66.66,94.94,80.8,75.00933333
62.62,69.69,95.95,84.84,62.62,50.5,88.88,78.78,92.92,94.94,98.98,51.51,95.95,69.69,73.73,78.10666667
64.64,68.68,67.67,95.95,66.66,85.85,74.74,67.67,54.54,81.81,93.93,96.96,89.89,63.63,72.72,76.356
89.89,67.67,53.53,77.77,87.87,88.88,62.62,90.9,79.79,54.54,69.69,61.61,88.88,93.93,97.97,77.70266667
52.52,57.57,97.97,81.81,71.71,89.89,89.89,80.8,65.65,90.9,56.56,82.82,70.7,58.58,62.62,73.99933333
60.6,64.64,67.67,59.59,53.53,53.53,58.58,62.62,69.69,70.7,53.53,93.93,70.7,79.79,76.76,66.39066667
62.62,72.72,90.9,55.55,92.92,62.62,53.53,89.89,78.78,81.81,78.78,54.54,97.97,56.56,85.85,74.336
76.76,86.86,80.8,83.83,74.74,59.59,50.5,82.82,93.93,51.51,66.66,63.63,67.67,62.62,88.88,72.72
86.86,80.8,86.86,62.62,70.7,97.97,60.6,64.64,74.74,82.82,51.51,77.77,52.52,94.94,63.63,73.932
83.83,80.8,51.51,78.78,79.79,61.61,77.77,79.79,80.8,65.65,84.84,84.84,72.72,54.54,79.79,74.47066667
70.7,66.66,61.61,86.86,83.83,76.76,64.64,72.72,82.82,58.58,78.78,66.66,71.71,68.68,90.9,73.46066667
53.53,61.61,60.6,79.79,72.72,79.79,87.87,88.88,68.68,58.58,86.86,89.89,79.79,57.57,97.97,74.942
57.57,83.83,66.66,62.62,53.53,77.77,96.96,53.53,60.6,55.55,67.67,73.73,86.86,73.73,85.85,70.43066667
79.79,72.72,75.75,84.84,89.89,75.75,56.56,51.51,65.65,73.73,90.9,93.93,62.62,77.77,76.76,75.21133333
99.99,58.58,61.61,63.63,97.97,65.65,52.52,51.51,63.63,79.79,58.58,85.85,82.82,71.71,94.94,72.58533333
73.73,78.78,65.65,81.81,76.76,82.82,59.59,71.71,75.75,54.54,87.87,87.87,69.69,68.68,82.82,74.538
86.86,66.66,66.66,64.64,70.7,66.66,85.85,65.65,62.62,88.88,83.83,87.87,76.76,64.64,54.54,72.85466667
90.9,99.99,80.8,70.7,84.84,61.61,89.89,56.56,96.96,68.68,78.78,51.51,88.88,99.99,51.51,78.10666667
90.9,93.93,65.65,85.85,57.57,51.51,62.62,80.8,67.67,62.62,76.76,63.63,69.69,55.55,57.57,69.488
60.6,91.91,73.73,59.59,51.51,81.81,87.87,74.74,75.75,90.9,81.81,71.71,53.53,83.83,54.54,72.922
93.93,69.69,56.56,99.99,88.88,60.6,55.55,87.87,61.61,91.91,84.84,86.86,52.52,76.76,59.59,75.144
69.69,59.59,94.94,77.77,95.95,63.63,87.87,79.79,99.99,59.59,87.87,78.78,98.98,72.72,76.76,80.26133333
76.76,90.9,76.76,79.79,95.95,57.57,85.85,63.63,93.93,98.98,90.9,68.68,70.7,95.95,97.97,82.95466667
51.51,70.7,94.94,73.73,64.64,56.56,82.82,99.99,76.76,75.75,87.87,62.62,65.65,77.77,73.73,74.336
91.91,95.95,68.68,53.53,82.82,78.78,51.51,64.64,95.95,67.67,97.97,91.91,95.95,56.56,52.52,76.42333333
95.95,84.84,72.72,65.65,69.69,58.58,99.99,51.51,64.64,97.97,53.53,99.99,78.78,54.54,56.56,73.66266667
71.71,60.6,76.76,53.53,68.68,95.95,83.83,68.68,95.95,59.59,70.7,99.99,89.89,72.72,66.66,75.68266667
64.64,51.51,57.57,66.66,92.92,86.86,96.96,87.87,87.87,69.69,83.83,59.59,87.87,79.79,92.92,77.77
57.57,68.68,98.98,86.86,61.61,88.88,89.89,81.81,75.75,75.75,55.55,83.83,94.94,98.98,87.87,80.46333333
67.67,62.62,88.88,52.52,78.78,55.55,68.68,86.86,99.99,55.55,60.6,58.58,92.92,92.92,99.99,74.80733333
63.63,68.68,84.84,95.95,58.58,63.63,76.76,58.58,74.74,68.68,88.88,72.72,59.59,53.53,89.89,71.912
66.66,56.56,74.74,88.88,87.87,59.59,73.73,90.9,57.57,74.74,93.93,83.83,76.76,80.8,72.72,75.952
58.58,53.53,90.9,57.57,76.76,74.74,77.77,79.79,71.71,69.69,51.51,50.5,81.81,99.99,62.62,70.498
62.62,53.53,99.99,69.69,66.66,53.53,50.5,80.8,87.87,79.79,93.93,53.53,64.64,84.84,64.64,71.104
72.72,97.97,63.63,85.85,55.55,54.54,80.8,53.53,63.63,57.57,81.81,80.8,73.73,98.98,61.61,72.18133333
54.54,95.95,59.59,50.5,63.63,74.74,59.59,79.79,51.51,67.67,74.74,64.64,55.55,53.53,76.76,65.51533333
76.76,71.71,66.66,80.8,81.81,52.52,66.66,55.55,83.83,82.82,92.92,84.84,53.53,52.52,79.79,72.18133333
77.77,83.83,90.9,86.86,89.89,57.57,86.86,51.51,63.63,76.76,78.78,71.71,52.52,50.5,97.97,74.47066667
62.62,77.77,80.8,74.74,71.71,73.73,62.62,95.95,58.58,74.74,84.84,74.74,52.52,94.94,89.89,75.346
63.63,56.56,98.98,50.5,86.86,69.69,62.62,89.89,59.59,63.63,71.71,94.94,63.63,81.81,79.79,72.922
80.8,62.62,57.57,51.51,53.53,96.96,71.71,96.96,80.8,52.52,66.66,65.65,69.69,56.56,73.73,69.15133333
95.95,83.83,64.64,51.51,94.94,51.51,77.77,62.62,68.68,63.63,76.76,79.79,72.72,95.95,83.83,74.942
58.58,56.56,86.86,96.96,71.71,52.52,88.88,65.65,83.83,68.68,58.58,93.93,53.53,66.66,92.92,73.05666667
76.76,85.85,98.98,79.79,98.98,87.87,71.71,51.51,91.91,67.67,50.5,83.83,80.8,91.91,69.69,79.184
76.76,90.9,91.91,93.93,79.79,71.71,66.66,66.66,64.64,66.66,69.69,55.55,71.71,72.72,71.71,74.06666667
92.92,64.64,63.63,90.9,53.53,86.86,82.82,74.74,83.83,79.79,80.8,69.69,65.65,65.65,66.66,74.80733333
61.61,83.83,61.61,92.92,90.9,97.97,95.95,73.73,97.97,62.62,93.93,76.76,80.8,86.86,96.96,83.628
56.56,95.95,51.51,93.93,72.72,51.51,53.53,70.7,72.72,52.52,97.97,95.95,78.78,59.59,90.9,72.98933333
84.84,89.89,81.81,70.7,70.7,90.9,89.89,94.94,61.61,99.99,65.65,75.75,61.61,81.81,72.72,79.52066667
82.82,93.93,78.78,53.53,90.9,64.64,51.51,71.71,57.57,80.8,96.96,95.95,87.87,64.64,86.86,77.23133333
58.58,96.96,66.66,96.96,53.53,71.71,96.96,87.87,97.97,90.9,81.81,99.99,73.73,94.94,55.55,81.608
91.91,76.76,85.85,71.71,68.68,98.98,50.5,71.71,97.97,90.9,60.6,82.82,96.96,67.67,79.79,79.52066667
86.86,83.83,74.74,84.84,53.53,81.81,60.6,90.9,52.52,60.6,54.54,71.71,71.71,95.95,74.74,73.25866667
59.59,74.74,60.6,95.95,70.7,96.96,56.56,88.88,95.95,96.96,86.86,72.72,60.6,91.91,53.53,77.50066667
95.95,87.87,73.73,72.72,86.86,72.72,65.65,83.83,99.99,80.8,83.83,78.78,91.91,71.71,72.72,81.27133333
72.72,56.56,84.84,91.91,72.72,78.78,76.76,69.69,96.96,71.71,86.86,86.86,65.65,72.72,91.91,78.44333333
56.56,84.84,71.71,77.77,58.58,62.62,87.87,62.62,74.74,53.53,84.84,87.87,91.91,88.88,64.64,73.932
99.99,72.72,60.6,80.8,87.87,78.78,94.94,73.73,56.56,67.67,64.64,74.74,71.71,73.73,68.68,75.144
63.63,53.53,67.67,93.93,81.81,65.65,98.98,75.75,51.51,78.78,81.81,70.7,90.9,60.6,92.92,75.21133333
89.89,70.7,80.8,51.51,93.93,64.64,69.69,63.63,57.57,65.65,70.7,68.68,99.99,93.93,56.56,73.19133333
53.53,83.83,65.65,64.64,70.7,61.61,79.79,73.73,57.57,89.89,60.6,54.54,62.62,51.51,96.96,68.478
76.76,73.73,82.82,72.72,52.52,67.67,50.5,81.81,69.69,68.68,56.56,77.77,91.91,73.73,60.6,70.498
54.54,84.84,94.94,79.79,95.95,89.89,50.5,64.64,86.86,61.61,84.84,92.92,93.93,97.97,72.72,80.396
67.67,63.63,86.86,90.9,85.85,52.52,57.57,54.54,91.91,67.67,51.51,85.85,78.78,89.89,53.53,71.912
89.89,61.61,71.71,73.73,85.85,57.57,86.86,93.93,69.69,53.53,68.68,92.92,94.94,53.53,57.57,74.134
68.68,64.64,59.59,56.56,96.96,83.83,72.72,54.54,58.58,64.64,93.93,75.75,88.88,57.57,59.59,70.43066667
58.58,56.56,91.91,66.66,53.53,97.97,67.67,51.51,94.94,88.88,96.96,81.81,95.95,86.86,74.74,77.63533333
88.88,71.71,50.5,90.9,70.7,55.55,83.83,54.54,89.89,98.98,97.97,57.57,86.86,50.5,84.84,75.548
99.99,95.95,72.72,63.63,76.76,76.76,88.88,51.51,65.65,50.5,69.69,87.87,91.91,94.94,95.95,78.84733333
53.53,67.67,96.96,54.54,57.57,56.56,84.84,61.61,90.9,83.83,99.99,55.55,91.91,82.82,59.59,73.19133333
87.87,79.79,67.67,63.63,99.99,54.54,89.89,76.76,51.51,60.6,97.97,92.92,64.64,98.98,60.6,76.49066667
87.87,91.91,63.63,95.95,82.82,75.75,57.57,55.55,64.64,74.74,80.8,65.65,72.72,61.61,92.92,74.942
50.5,80.8,60.6,50.5,79.79,75.75,99.99,86.86,74.74,65.65,76.76,93.93,88.88,95.95,72.72,76.89466667
77.77,62.62,99.99,53.53,56.56,81.81,89.89,84.84,99.99,93.93,59.59,65.65,54.54,95.95,89.89,77.77
79.79,88.88,97.97,70.7,54.54,73.73,74.74,79.79,71.71,80.8,78.78,92.92,75.75,82.82,84.84,79.184
98.98,60.6,73.73,53.53,80.8,93.93,99.99,55.55,90.9,60.6,82.82,53.53,58.58,72.72,94.94,75.41333333
56.56,70.7,85.85,76.76,97.97,54.54,55.55,55.55,82.82,94.94,55.55,86.86,73.73,64.64,58.58,71.37333333
76.76,51.51,80.8,65.65,94.94,57.57,71.71,78.78,95.95,97.97,97.97,62.62,82.82,95.95,98.98,80.66533333
91.91,76.76,75.75,81.81,83.83,68.68,81.81,70.7,58.58,93.93,64.64,65.65,69.69,96.96,87.87,77.90466667
86.86,90.9,59.59,64.64,62.62,90.9,58.58,58.58,63.63,90.9,86.86,83.83,71.71,97.97,53.53,74.74
78.78,50.5,57.57,66.66,52.52,86.86,69.69,67.67,85.85,88.88,71.71,86.86,86.86,56.56,59.59,71.104
72.72,55.55,79.79,97.97,80.8,58.58,73.73,91.91,66.66,70.7,88.88,80.8,99.99,71.71,95.95,79.04933333
60.6,59.59,51.51,82.82,57.57,98.98,65.65,75.75,78.78,65.65,54.54,55.55,88.88,72.72,62.62,68.74733333
82.82,73.73,65.65,97.97,59.59,72.72,97.97,52.52,69.69,70.7,75.75,90.9,64.64,52.52,75.75,73.528
90.9,85.85,98.98,88.88,83.83,60.6,60.6,52.52,74.74,81.81,60.6,64.64,92.92,86.86,65.65,76.62533333
92.92,58.58,62.62,89.89,59.59,62.62,88.88,72.72,74.74,91.91,51.51,93.93,71.71,71.71,96.96,76.01933333
79.79,65.65,71.71,98.98,63.63,90.9,86.86,64.64,73.73,88.88,66.66,83.83,58.58,85.85,60.6,76.01933333
70.7,79.79,85.85,54.54,91.91,97.97,92.92,71.71,59.59,78.78,56.56,67.67,93.93,61.61,56.56,74.67266667
63.63,71.71,50.5,56.56,51.51,81.81,96.96,84.84,70.7,68.68,61.61,61.61,78.78,76.76,83.83,70.63266667
74.74,91.91,60.6,95.95,82.82,79.79,51.51,64.64,65.65,77.77,88.88,93.93,96.96,90.9,61.61,78.51066667
81.81,80.8,65.65,97.97,61.61,76.76,89.89,81.81,62.62,55.55,84.84,58.58,81.81,66.66,61.61,73.86466667
79.79,85.85,91.91,66.66,60.6,70.7,83.83,50.5,65.65,67.67,73.73,80.8,81.81,99.99,99.99,77.29866667
96.96,50.5,77.77,98.98,72.72,89.89,85.85,72.72,65.65,66.66,80.8,89.89,82.82,92.92,58.58,78.84733333
88.88,91.91,66.66,60.6,63.63,82.82,69.69,66.66,53.53,82.82,85.85,84.84,99.99,69.69,85.85,76.89466667
68.68,94.94,80.8,69.69,51.51,86.86,66.66,59.59,68.68,62.62,67.67,90.9,58.58,54.54,86.86,71.23866667
50.5,89.89,69.69,73.73,56.56,55.55,93.93,66.66,97.97,61.61,86.86,50.5,68.68,69.69,97.97,72.65266667
52.52,60.6,84.84,75.75,94.94,97.97,68.68,50.5,99.99,76.76,75.75,66.66,96.96,58.58,86.86,76.49066667
85.85,59.59,64.64,58.58,53.53,82.82,68.68,54.54,61.61,57.57,88.88,91.91,76.76,93.93,62.62,70.76733333
76.76,58.58,53.53,56.56,64.64,88.88,81.81,52.52,68.68,85.85,50.5,65.65,80.8,54.54,95.95,69.01666667
82.82,71.71,69.69,51.51,70.7,53.53,58.58,71.71,71.71,63.63,79.79,88.88,89.89,76.76,88.88,72.65266667
91.91,66.66,66.66,66.66,98.98,55.55,72.72,81.81,54.54,64.64,84.84,50.5,53.53,96.96,63.63,71.306
99.99,51.51,65.65,59.59,50.5,57.57,56.56,73.73,97.97,96.96,67.67,97.97,92.92,82.82,72.72,74.942
56.56,99.99,69.69,68.68,80.8,99.99,85.85,68.68,53.53,64.64,50.5,69.69,70.7,66.66,55.55,70.76733333
53.53,72.72,63.63,88.88,70.7,67.67,97.97,62.62,53.53,52.52,96.96,71.71,85.85,73.73,55.55,71.17133333
55.55,68.68,93.93,73.73,59.59,88.88,86.86,87.87,90.9,75.75,82.82,60.6,95.95,97.97,94.94,80.93466667
79.79,74.74,92.92,95.95,75.75,83.83,61.61,50.5,78.78,59.59,79.79,63.63,50.5,50.5,81.81,71.97933333
68.68,90.9,80.8,51.51,69.69,95.95,88.88,67.67,91.91,58.58,84.84,86.86,89.89,81.81,84.84,79.52066667
61.61,53.53,89.89,74.74,88.88,90.9,78.78,79.79,65.65,55.55,51.51,89.89,77.77,60.6,91.91,74.06666667
79.79,73.73,64.64,61.61,70.7,69.69,55.55,97.97,99.99,84.84,88.88,80.8,65.65,67.67,68.68,75.346
74.74,51.51,69.69,67.67,86.86,77.77,84.84,91.91,63.63,69.69,61.61,72.72,84.84,61.61,87.87,73.79733333
83.83,74.74,95.95,68.68,80.8,56.56,82.82,93.93,74.74,78.78,96.96,95.95,96.96,88.88,65.65,82.34866667
50.5,74.74,58.58,83.83,61.61,66.66,78.78,65.65,82.82,80.8,58.58,80.8,90.9,64.64,62.62,70.76733333
79.79,97.97,97.97,85.85,53.53,97.97,99.99,71.71,87.87,74.74,80.8,61.61,92.92,79.79,87.87,83.35866667
77.77,50.5,90.9,79.79,76.76,53.53,72.72,87.87,87.87,57.57,92.92,50.5,80.8,57.57,89.89,73.79733333
91.91,75.75,53.53,52.52,88.88,67.67,70.7,70.7,66.66,81.81,87.87,61.61,79.79,86.86,90.9,75.144
64.64,82.82,93.93,76.76,99.99,96.96,65.65,95.95,96.96,97.97,67.67,67.67,65.65,74.74,72.72,81.33866667
90.9,55.55,52.52,65.65,67.67,72.72,65.65,97.97,92.92,87.87,65.65,70.7,82.82,96.96,69.69,75.68266667
68.68,68.68,96.96,56.56,93.93,70.7,80.8,85.85,54.54,65.65,85.85,87.87,86.86,58.58,62.62,74.942
55.55,67.67,89.89,56.56,99.99,73.73,64.64,70.7,85.85,52.52,62.62,61.61,74.74,74.74,62.62,70.22866667
99.99,79.79,64.64,55.55,86.86,86.86,91.91,78.78,83.83,88.88,78.78,86.86,88.88,92.92,69.69,82.28133333
57.57,70.7,90.9,52.52,66.66,53.53,72.72,50.5,73.73,68.68,89.89,57.57,56.56,54.54,81.81,66.52533333
62.62,78.78,67.67,70.7,67.67,71.71,57.57,60.6,93.93,63.63,65.65,84.84,70.7,69.69,67.67,70.22866667
72.72,82.82,76.76,64.64,68.68,92.92,94.94,78.78,82.82,78.78,90.9,71.71,92.92,75.75,80.8,80.396
75.75,68.68,61.61,65.65,65.65,65.65,73.73,74.74,60.6,62.62,61.61,75.75,90.9,99.99,59.59,70.83466667
61.61,62.62,90.9,65.65,73.73,80.8,77.77,58.58,63.63,92.92,53.53,73.73,84.84,83.83,57.57,72.114
69.69,55.55,63.63,90.9,77.77,93.93,77.77,54.54,69.69,74.74,55.55,92.92,53.53,81.81,91.91,73.59533333
65.65,66.66,53.53,51.51,79.79,56.56,51.51,61.61,89.89,82.82,51.51,97.97,92.92,65.65,85.85,70.22866667
83.83,85.85,89.89,51.51,63.63,53.53,95.95,52.52,90.9,90.9,53.53,85.85,99.99,52.52,76.76,75.144
74.74,82.82,50.5,70.7,70.7,65.65,58.58,93.93,80.8,66.66,58.58,88.88,57.57,59.59,99.99,71.97933333
98.98,51.51,87.87,80.8,73.73,91.91,89.89,70.7,95.95,75.75,95.95,62.62,82.82,53.53,92.92,80.32866667
81.81,68.68,73.73,78.78,53.53,91.91,52.52,55.55,73.73,92.92,99.99,83.83,55.55,58.58,71.71,72.85466667
87.87,53.53,60.6,65.65,72.72,98.98,75.75,71.71,61.61,67.67,91.91,96.96,55.55,53.53,60.6,71.64266667
66.66,56.56,89.89,72.72,64.64,99.99,53.53,75.75,97.97,59.59,63.63,81.81,66.66,82.82,55.55,72.518
83.83,81.81,93.93,73.73,98.98,88.88,51.51,58.58,57.57,77.77,68.68,82.82,82.82,51.51,78.78,75.41333333
67.67,75.75,67.67,75.75,85.85,80.8,51.51,94.94,79.79,77.77,66.66,97.97,65.65,74.74,76.76,75.952
62.62,88.88,85.85,88.88,91.91,74.74,62.62,72.72,84.84,98.98,63.63,74.74,85.85,94.94,67.67,79.92466667
66.66,55.55,56.56,60.6,77.77,72.72,86.86,56.56,55.55,91.91,63.63,90.9,92.92,92.92,72.72,72.922
66.66,70.7,62.62,58.58,59.59,91.91,84.84,72.72,57.57,62.62,64.64,64.64,61.61,82.82,51.51,67.53533333
81.81,72.72,50.5,57.57,95.95,87.87,54.54,92.92,96.96,85.85,71.71,78.78,64.64,50.5,97.97,76.01933333
54.54,88.88,57.57,65.65,91.91,99.99,54.54,80.8,73.73,65.65,75.75,53.53,68.68,65.65,71.71,71.23866667
56.56,88.88,55.55,99.99,72.72,90.9,84.84,85.85,96.96,74.74,62.62,50.5,53.53,58.58,95.95,75.21133333
55.55,79.79,77.77,93.93,73.73,78.78,52.52,76.76,65.65,98.98,67.67,89.89,95.95,59.59,80.8,76.49066667
56.56,98.98,55.55,78.78,69.69,88.88,96.96,99.99,93.93,92.92,64.64,68.68,55.55,97.97,74.74,79.588
87.87,84.84,57.57,77.77,94.94,75.75,75.75,79.79,78.78,52.52,59.59,57.57,92.92,97.97,67.67,76.08666667
61.61,96.96,75.75,66.66,62.62,58.58,74.74,81.81,81.81,58.58,56.56,75.75,60.6,54.54,84.84,70.094
97.97,82.82,83.83,74.74,59.59,57.57,93.93,99.99,82.82,69.69,74.74,81.81,71.71,98.98,65.65,79.72266667
68.68,65.65,51.51,98.98,53.53,94.94,97.97,85.85,60.6,66.66,66.66,76.76,95.95,63.63,94.94,76.154
81.81,85.85,59.59,89.89,52.52,85.85,90.9,99.99,73.73,66.66,83.83,94.94,60.6,53.53,65.65,76.356
85.85,63.63,66.66,98.98,91.91,96.96,50.5,73.73,68.68,56.56,66.66,94.94,67.67,90.9,92.92,77.77
52.52,76.76,61.61,94.94,71.71,62.62,85.85,88.88,55.55,51.51,68.68,50.5,70.7,71.71,59.59,68.20866667
53.53,89.89,65.65,90.9,71.71,80.8,88.88,61.61,58.58,77.77,97.97,68.68,72.72,97.97,68.68,76.356
68.68,97.97,71.71,76.76,54.54,75.75,93.93,99.99,78.78,89.89,88.88,90.9,57.57,90.9,51.51,79.184
85.85,81.81,83.83,50.5,52.52,89.89,85.85,82.82,63.63,74.74,87.87,57.57,77.77,68.68,69.69,74.20133333
67.67,93.93,68.68,62.62,74.74,64.64,89.89,97.97,58.58,69.69,97.97,91.91,59.59,60.6,54.54,74.20133333
89.89,82.82,69.69,60.6,56.56,86.86,70.7,97.97,51.51,68.68,55.55,65.65,68.68,78.78,97.97,73.46066667
67.67,69.69,50.5,80.8,94.94,60.6,81.81,92.92,79.79,74.74,66.66,75.75,90.9,98.98,60.6,76.42333333
51.51,63.63,80.8,96.96,61.61,81.81,74.74,92.92,69.69,74.74,57.57,50.5,66.66,99.99,95.95,74.60533333
71.71,71.71,68.68,65.65,70.7,96.96,70.7,96.96,77.77,82.82,58.58,99.99,93.93,96.96,54.54,78.51066667
54.54,86.86,78.78,70.7,69.69,62.62,58.58,85.85,76.76,51.51,75.75,68.68,80.8,66.66,51.51,69.286
53.53,51.51,81.81,86.86,68.68,75.75,91.91,79.79,58.58,55.55,79.79,69.69,52.52,52.52,51.51,67.33333333
76.76,50.5,85.85,75.75,84.84,85.85,80.8,62.62,68.68,78.78,97.97,96.96,55.55,88.88,72.72,77.50066667
74.74,73.73,92.92,56.56,59.59,60.6,99.99,89.89,62.62,75.75,50.5,67.67,69.69,51.51,76.76,70.83466667
53.53,61.61,87.87,90.9,66.66,84.84,81.81,82.82,53.53,63.63,95.95,68.68,51.51,91.91,50.5,72.38333333
59.59,93.93,73.73,90.9,76.76,55.55,77.77,93.93,80.8,55.55,77.77,71.71,68.68,66.66,90.9,75.61533333
79.79,59.59,84.84,68.68,51.51,89.89,53.53,67.67,59.59,50.5,86.86,98.98,60.6,93.93,63.63,71.306
67.67,86.86,82.82,56.56,56.56,56.56,92.92,65.65,70.7,67.67,54.54,77.77,80.8,78.78,95.95,72.78733333
70.7,52.52,73.73,79.79,73.73,98.98,90.9,95.95,84.84,61.61,95.95,92.92,58.58,77.77,53.53,77.43333333
88.88,94.94,61.61,95.95,70.7,60.6,85.85,77.77,64.64,78.78,77.77,74.74,70.7,70.7,68.68,76.154
95.95,96.96,68.68,56.56,77.77,91.91,56.56,52.52,70.7,60.6,92.92,82.82,55.55,61.61,72.72,72.922
95.95,72.72,68.68,72.72,99.99,96.96,52.52,86.86,57.57,77.77,96.96,70.7,64.64,68.68,56.56,75.952
87.87,80.8,94.94,75.75,62.62,55.55,74.74,79.79,84.84,94.94,93.93,62.62,98.98,51.51,87.87,79.11666667
91.91,94.94,81.81,67.67,64.64,71.71,70.7,75.75,57.57,87.87,72.72,82.82,60.6,57.57,53.53,72.78733333
65.65,97.97,61.61,77.77,63.63,59.59,88.88,85.85,68.68,60.6,96.96,61.61,90.9,53.53,86.86,74.67266667
58.58,50.5,80.8,68.68,54.54,78.78,90.9,84.84,92.92,83.83,59.59,80.8,82.82,80.8,99.99,76.558
68.68,70.7,91.91,66.66,54.54,90.9,96.96,57.57,60.6,75.75,53.53,92.92,67.67,61.61,99.99,73.99933333
92.92,71.71,91.91,84.84,90.9,68.68,75.75,90.9,51.51,82.82,84.84,86.86,76.76,70.7,57.57,78.578
52.52,58.58,86.86,79.79,83.83,86.86,67.67,67.67,53.53,59.59,57.57,97.97,88.88,90.9,60.6,72.85466667
56.56,62.62,85.85,82.82,62.62,82.82,70.7,99.99,70.7,53.53,63.63,86.86,89.89,95.95,98.98,77.568
91.91,86.86,70.7,74.74,92.92,97.97,79.79,99.99,80.8,57.57,66.66,97.97,79.79,92.92,90.9,84.09933333
94.94,86.86,52.52,76.76,77.77,52.52,79.79,70.7,77.77,54.54,89.89,88.88,82.82,54.54,79.79,74.67266667
66.66,62.62,87.87,60.6,56.56,91.91,87.87,81.81,84.84,98.98,62.62,92.92,74.74,67.67,57.57,75.68266667
71.71,94.94,73.73,55.55,81.81,50.5,53.53,69.69,60.6,96.96,60.6,94.94,86.86,56.56,82.82,72.72
51.51,88.88,67.67,66.66,92.92,74.74,96.96,67.67,89.89,83.83,71.71,94.94,63.63,52.52,82.82,76.42333333
94.94,73.73,67.67,74.74,67.67,87.87,93.93,74.74,68.68,96.96,64.64,71.71,89.89,60.6,80.8,77.90466667
83.83,59.59,51.51,79.79,60.6,81.81,75.75,74.74,85.85,99.99,62.62,66.66,56.56,57.57,63.63,70.7
53.53,85.85,97.97,95.95,56.56,55.55,53.53,67.67,77.77,87.87,76.76,64.64,60.6,54.54,80.8,71.306
53.53,90.9,88.88,99.99,63.63,96.96,99.99,82.82,53.53,57.57,84.84,57.57,57.57,93.93,80.8,77.50066667
52.52,56.56,95.95,78.78,68.68,70.7,92.92,90.9,87.87,87.87,61.61,88.88,71.71,63.63,93.93,77.50066667
80.8,99.99,85.85,89.89,81.81,78.78,69.69,59.59,56.56,72.72,99.99,75.75,70.7,95.95,77.77,79.72266667
86.86,62.62,71.71,51.51,70.7,51.51,58.58,52.52,88.88,63.63,74.74,71.71,59.59,72.72,70.7,67.19866667
94.94,85.85,82.82,91.91,82.82,91.91,65.65,77.77,98.98,76.76,77.77,53.53,74.74,87.87,57.57,80.05933333
86.86,54.54,93.93,76.76,73.73,76.76,88.88,56.56,88.88,60.6,90.9,61.61,79.79,52.52,84.84,75.144
98.98,84.84,72.72,97.97,97.97,73.73,85.85,55.55,94.94,90.9,99.99,78.78,78.78,56.56,74.74,82.82
86.86,85.85,55.55,82.82,65.65,75.75,83.83,68.68,86.86,79.79,67.67,52.52,87.87,50.5,69.69,73.326
67.67,65.65,83.83,65.65,50.5,88.88,68.68,91.91,82.82,96.96,69.69,58.58,92.92,84.84,98.98,77.83733333
74.74,68.68,58.58,68.68,57.57,83.83,92.92,98.98,95.95,83.83,71.71,76.76,97.97,88.88,93.93,80.86733333
91.91,83.83,70.7,93.93,99.99,85.85,61.61,58.58,95.95,65.65,50.5,98.98,96.96,95.95,53.53,80.26133333
98.98,61.61,82.82,82.82,62.62,57.57,91.91,87.87,99.99,72.72,58.58,54.54,72.72,53.53,67.67,73.73
59.59,65.65,88.88,66.66,95.95,79.79,66.66,51.51,51.51,69.69,61.61,68.68,74.74,72.72,80.8,70.296
98.98,87.87,58.58,87.87,50.5,63.63,68.68,99.99,79.79,89.89,86.86,68.68,86.86,90.9,55.55,78.30866667
68.68,94.94,73.73,65.65,93.93,51.51,50.5,99.99,91.91,75.75,68.68,63.63,99.99,95.95,97.97,79.52066667
81.81,68.68,95.95,88.88,71.71,83.83,59.59,79.79,72.72,94.94,58.58,62.62,85.85,51.51,73.73,75.346
83.83,56.56,85.85,97.97,78.78,52.52,97.97,71.71,81.81,80.8,67.67,51.51,60.6,94.94,55.55,74.538
63.63,71.71,98.98,55.55,78.78,93.93,95.95,61.61,96.96,53.53,82.82,79.79,77.77,89.89,69.69,78.03933333
51.51,57.57,60.6,79.79,50.5,87.87,65.65,54.54,87.87,72.72,80.8,56.56,63.63,58.58,79.79,67.19866667
73.73,64.64,88.88,96.96,77.77,85.85,61.61,52.52,85.85,75.75,71.71,83.83,80.8,72.72,82.82,77.02933333
78.78,74.74,73.73,89.89,90.9,99.99,53.53,71.71,69.69,59.59,79.79,60.6,59.59,88.88,58.58,73.99933333
60.6,63.63,55.55,63.63,95.95,96.96,80.8,55.55,89.89,70.7,80.8,60.6,87.87,62.62,66.66,72.78733333
96.96,69.69,54.54,99.99,66.66,82.82,95.95,76.76,84.84,86.86,91.91,55.55,73.73,53.53,59.59,76.62533333
51.51,94.94,70.7,50.5,92.92,67.67,93.93,70.7,56.56,92.92,78.78,81.81,80.8,68.68,75.75,75.21133333
68.68,91.91,85.85,66.66,78.78,90.9,60.6,51.51,58.58,50.5,65.65,84.84,80.8,91.91,62.62,72.65266667
81.81,57.57,76.76,56.56,50.5,91.91,71.71,89.89,77.77,78.78,85.85,84.84,52.52,54.54,53.53,70.96933333
88.88,87.87,60.6,81.81,53.53,72.72,98.98,97.97,87.87,78.78,96.96,65.65,75.75,68.68,84.84,80.05933333
68.68,65.65,52.52,90.9,77.77,87.87,62.62,69.69,70.7,92.92,80.8,85.85,55.55,67.67,97.97,75.144
70.7,76.76,90.9,84.84,79.79,82.82,73.73,61.61,73.73,79.79,73.73,90.9,59.59,84.84,76.76,77.366
95.95,55.55,72.72,80.8,80.8,87.87,83.83,70.7,87.87,60.6,71.71,80.8,75.75,63.63,97.97,77.77
73.73,82.82,51.51,87.87,54.54,75.75,96.96,57.57,87.87,82.82,69.69,51.51,85.85,70.7,87.87,74.47066667
65.65,57.57,96.96,65.65,78.78,83.83,85.85,98.98,97.97,87.87,62.62,90.9,67.67,74.74,93.93,80.598
85.85,51.51,83.83,51.51,63.63,88.88,61.61,75.75,71.71,63.63,60.6,65.65,51.51,94.94,67.67,69.21866667
64.64,70.7,83.83,90.9,79.79,88.88,66.66,61.61,66.66,97.97,93.93,79.79,78.78,53.53,92.92,78.03933333
51.51,69.69,73.73,71.71,72.72,99.99,72.72,97.97,94.94,51.51,57.57,58.58,75.75,87.87,84.84,74.74
89.89,61.61,50.5,75.75,92.92,69.69,77.77,58.58,88.88,62.62,61.61,63.63,98.98,69.69,77.77,73.326
86.86,72.72,82.82,75.75,54.54,63.63,98.98,54.54,98.98,94.94,54.54,68.68,60.6,62.62,98.98,75.27866667
95.95,58.58,89.89,59.59,60.6,84.84,88.88,93.93,77.77,91.91,84.84,73.73,55.55,68.68,72.72,77.164
57.57,97.97,83.83,56.56,91.91,67.67,57.57,94.94,55.55,60.6,68.68,72.72,51.51,57.57,92.92,71.17133333
72.72,55.55,75.75,66.66,50.5,58.58,76.76,71.71,73.73,82.82,63.63,64.64,64.64,94.94,61.61,68.94933333
64.64,88.88,59.59,92.92,91.91,79.79,56.56,69.69,91.91,65.65,88.88,61.61,51.51,87.87,52.52,73.59533333
68.68,88.88,84.84,67.67,76.76,92.92,93.93,90.9,84.84,78.78,69.69,83.83,63.63,58.58,51.51,77.02933333
55.55,60.6,58.58,66.66,84.84,89.89,72.72,99.99,60.6,58.58,97.97,80.8,75.75,88.88,56.56,73.86466667
75.75,85.85,51.51,71.71,89.89,63.63,68.68,66.66,98.98,58.58,91.91,63.63,92.92,85.85,74.74,76.01933333
64.64,61.61,84.84,78.78,83.83,64.64,86.86,75.75,87.87,93.93,58.58,82.82,63.63,51.51,87.87,75.144
81.81,90.9,85.85,59.59,69.69,60.6,95.95,88.88,60.6,67.67,62.62,67.67,93.93,55.55,59.59,73.39333333
97.97,57.57,50.5,97.97,91.91,59.59,80.8,85.85,69.69,57.57,60.6,77.77,59.59,56.56,95.95,73.326
67.67,65.65,61.61,77.77,65.65,90.9,84.84,89.89,56.56,64.64,60.6,74.74,78.78,52.52,90.9,72.18133333
52.52,75.75,50.5,87.87,68.68,87.87,92.92,87.87,85.85,68.68,65.65,89.89,59.59,87.87,60.6,74.80733333
77.77,83.83,53.53,69.69,53.53,93.93,59.59,96.96,64.64,68.68,72.72,61.61,50.5,64.64,99.99,71.44066667
70.7,74.74,50.5,58.58,78.78,51.51,62.62,84.84,53.53,65.65,52.52,77.77,89.89,61.61,75.75,67.266
61.61,96.96,72.72,86.86,52.52,50.5,91.91,99.99,79.79,53.53,88.88,69.69,99.99,65.65,90.9,77.43333333
59.59,96.96,61.61,68.68,68.68,93.93,82.82,63.63,64.64,71.71,79.79,85.85,57.57,72.72,58.58,72.45066667
97.97,60.6,67.67,90.9,94.94,89.89,55.55,71.71,90.9,91.91,58.58,87.87,85.85,88.88,61.61,79.65533333
81.81,83.83,93.93,59.59,96.96,50.5,62.62,91.91,72.72,81.81,54.54,72.72,51.51,50.5,64.64,71.306
50.5,91.91,82.82,60.6,63.63,83.83,72.72,71.71,57.57,99.99,57.57,76.76,75.75,83.83,82.82,74.134
89.89,52.52,56.56,96.96,64.64,71.71,90.9,94.94,82.82,71.71,76.76,88.88,78.78,71.71,76.76,77.70266667
63.63,73.73,63.63,57.57,85.85,89.89,51.51,61.61,97.97,67.67,64.64,86.86,64.64,87.87,92.92,73.99933333
92.92,81.81,74.74,88.88,86.86,81.81,56.56,57.57,83.83,74.74,77.77,60.6,70.7,87.87,82.82,77.29866667
82.82,85.85,79.79,67.67,69.69,65.65,54.54,60.6,51.51,86.86,60.6,51.51,50.5,61.61,53.53,65.51533333
71.71,59.59,77.77,60.6,69.69,65.65,58.58,66.66,55.55,79.79,79.79,63.63,50.5,60.6,64.64,65.65
50.5,63.63,71.71,68.68,84.84,55.55,88.88,94.94,57.57,57.57,94.94,57.57,62.62,85.85,69.69,70.96933333
79.79,72.72,90.9,53.53,66.66,53.53,95.95,52.52,56.56,56.56,66.66,77.77,52.52,56.56,56.56,65.91933333
74.74,68.68,76.76,93.93,54.54,64.64,66.66,50.5,74.74,57.57,67.67,68.68,77.77,50.5,72.72,68.00666667
58.58,74.74,90.9,54.54,75.75,54.54,53.53,51.51,92.92,92.92,91.91,69.69,80.8,59.59,51.51,70.22866667
72.72,85.85,80.8,56.56,67.67,62.62,98.98,53.53,79.79,60.6,91.91,52.52,51.51,98.98,65.65,71.97933333
80.8,92.92,87.87,92.92,60.6,88.88,68.68,98.98,67.67,92.92,88.88,86.86,98.98,77.77,92.92,85.17666667
97.97,97.97,76.76,60.6,60.6,54.54,71.71,65.65,62.62,60.6,69.69,58.58,98.98,92.92,81.81,74.06666667
65.65,83.83,96.96,57.57,55.55,86.86,97.97,59.59,83.83,79.79,50.5,93.93,72.72,69.69,84.84,75.952
87.87,51.51,75.75,85.85,85.85,53.53,53.53,68.68,53.53,68.68,97.97,99.99,91.91,70.7,85.85,75.41333333
94.94,59.59,67.67,63.63,73.73,81.81,71.71,90.9,68.68,74.74,85.85,87.87,53.53,98.98,59.59,75.548
53.53,96.96,90.9,60.6,74.74,61.61,82.82,80.8,67.67,64.64,73.73,89.89,73.73,89.89,73.73,75.68266667
68.68,53.53,91.91,89.89,60.6,71.71,63.63,72.72,73.73,90.9,74.74,56.56,97.97,55.55,90.9,74.20133333
91.91,95.95,88.88,99.99,57.57,55.55,64.64,68.68,95.95,78.78,63.63,73.73,54.54,52.52,62.62,73.66266667
64.64,61.61,94.94,76.76,51.51,73.73,60.6,95.95,88.88,77.77,84.84,92.92,53.53,86.86,67.67,75.48066667
87.87,80.8,68.68,86.86,60.6,89.89,93.93,96.96,63.63,79.79,59.59,52.52,80.8,93.93,50.5,76.42333333
61.61,97.97,74.74,62.62,80.8,91.91,68.68,64.64,57.57,77.77,54.54,67.67,86.86,67.67,62.62,71.84466667
75.75,59.59,77.77,53.53,61.61,96.96,98.98,78.78,96.96,88.88,83.83,90.9,69.69,61.61,70.7,77.70266667
88.88,80.8,69.69,64.64,70.7,63.63,77.77,68.68,55.55,75.75,92.92,54.54,68.68,90.9,66.66,72.65266667
90.9,77.77,90.9,65.65,74.74,73.73,89.89,87.87,93.93,51.51,70.7,67.67,67.67,96.96,97.97,79.85733333
63.63,53.53,67.67,81.81,67.67,68.68,69.69,59.59,68.68,53.53,65.65,82.82,84.84,53.53,59.59,66.72733333
92.92,95.95,75.75,59.59,81.81,92.92,83.83,87.87,94.94,65.65,66.66,55.55,62.62,89.89,54.54,77.366
78.78,77.77,63.63,77.77,53.53,69.69,92.92,88.88,51.51,98.98,91.91,80.8,80.8,74.74,80.8,77.50066667
99.99,85.85,74.74,67.67,66.66,87.87,93.93,81.81,66.66,92.92,92.92,69.69,78.78,63.63,73.73,79.79
88.88,55.55,63.63,63.63,59.59,63.63,90.9,95.95,59.59,64.64,64.64,79.79,92.92,61.61,91.91,73.124
57.57,92.92,68.68,75.75,73.73,62.62,81.81,79.79,86.86,72.72,92.92,76.76,62.62,94.94,59.59,75.952
58.58,53.53,56.56,77.77,89.89,52.52,81.81,52.52,93.93,61.61,77.77,69.69,54.54,80.8,96.96,70.56533333
55.55,79.79,90.9,79.79,69.69,69.69,93.93,59.59,83.83,70.7,98.98,83.83,92.92,53.53,63.63,76.42333333
79.79,96.96,55.55,65.65,74.74,72.72,55.55,63.63,78.78,70.7,75.75,61.61,62.62,54.54,54.54,68.20866667
86.86,90.9,65.65,89.89,68.68,78.78,83.83,99.99,76.76,65.65,84.84,50.5,77.77,60.6,56.56,75.81733333
89.89,82.82,81.81,76.76,68.68,68.68,86.86,60.6,88.88,90.9,67.67,64.64,77.77,86.86,69.69,77.50066667
58.58,70.7,97.97,71.71,92.92,98.98,89.89,68.68,76.76,62.62,50.5,53.53,84.84,53.53,81.81,74.20133333
79.79,57.57,59.59,85.85,76.76,68.68,99.99,89.89,51.51,82.82,56.56,64.64,88.88,76.76,61.61,73.39333333
85.85,62.62,99.99,66.66,61.61,85.85,97.97,53.53,99.99,63.63,53.53,61.61,84.84,90.9,79.79,76.558
86.86,57.57,54.54,64.64,92.92,99.99,57.57,64.64,66.66,98.98,97.97,75.75,93.93,58.58,62.62,75.548
85.85,64.64,74.74,83.83,84.84,54.54,96.96,53.53,59.59,52.52,92.92,52.52,79.79,97.97,55.55,72.65266667
79.79,79.79,52.52,55.55,57.57,81.81,66.66,64.64,87.87,63.63,93.93,51.51,61.61,86.86,52.52,69.084
90.9,64.64,87.87,53.53,89.89,85.85,95.95,74.74,73.73,75.75,72.72,78.78,69.69,83.83,61.61,77.29866667
64.64,77.77,85.85,74.74,75.75,65.65,71.71,70.7,66.66,72.72,68.68,63.63,94.94,54.54,97.97,73.73
56.56,87.87,78.78,97.97,76.76,88.88,67.67,88.88,70.7,66.66,94.94,80.8,54.54,70.7,64.64,76.42333333
99.99,54.54,86.86,93.93,66.66,50.5,80.8,81.81,75.75,98.98,64.64,81.81,57.57,79.79,51.51,75.00933333
99.99,50.5,82.82,50.5,66.66,86.86,90.9,78.78,61.61,94.94,71.71,62.62,99.99,89.89,77.77,77.70266667
53.53,87.87,88.88,69.69,52.52,54.54,63.63,75.75,81.81,74.74,77.77,55.55,62.62,83.83,64.64,69.82466667
87.87,77.77,73.73,95.95,64.64,85.85,75.75,75.75,93.93,80.8,76.76,70.7,59.59,56.56,53.53,75.27866667
82.82,56.56,92.92,78.78,81.81,52.52,80.8,98.98,84.84,88.88,97.97,84.84,75.75,50.5,71.71,78.64533333
64.64,59.59,95.95,79.79,78.78,74.74,95.95,97.97,68.68,85.85,94.94,56.56,61.61,70.7,58.58,76.28866667
71.71,88.88,63.63,81.81,83.83,81.81,66.66,89.89,82.82,54.54,86.86,53.53,56.56,93.93,73.73,75.346
91.91,52.52,61.61,51.51,99.99,85.85,60.6,63.63,99.99,86.86,72.72,54.54,51.51,74.74,54.54,70.83466667
75.75,92.92,65.65,71.71,69.69,72.72,55.55,77.77,99.99,95.95,76.76,64.64,87.87,73.73,75.75,77.09666667
51.51,74.74,65.65,98.98,81.81,52.52,58.58,80.8,71.71,96.96,88.88,77.77,67.67,62.62,54.54,72.316
72.72,64.64,67.67,50.5,79.79,75.75,58.58,96.96,64.64,80.8,71.71,85.85,86.86,62.62,88.88,73.86466667
70.7,80.8,85.85,64.64,56.56,61.61,77.77,80.8,70.7,69.69,81.81,79.79,84.84,84.84,76.76,75.144
77.77,80.8,50.5,98.98,95.95,83.83,74.74,71.71,54.54,86.86,88.88,63.63,63.63,72.72,57.57,74.80733333
70.7,89.89,51.51,51.51,90.9,63.63,78.78,95.95,93.93,86.86,95.95,98.98,85.85,96.96,89.89,82.75266667
51.51,72.72,77.77,55.55,90.9,85.85,98.98,55.55,89.89,60.6,65.65,99.99,98.98,79.79,71.71,77.02933333
58.58,69.69,99.99,68.68,81.81,80.8,72.72,95.95,55.55,72.72,95.95,50.5,64.64,99.99,64.64,75.48066667
96.96,75.75,51.51,95.95,98.98,68.68,71.71,70.7,87.87,65.65,64.64,89.89,90.9,78.78,61.61,77.972
72.72,98.98,95.95,95.95,58.58,57.57,96.96,77.77,63.63,76.76,66.66,58.58,68.68,82.82,60.6,75.48066667
89.89,65.65,90.9,97.97,51.51,95.95,96.96,70.7,80.8,92.92,66.66,77.77,96.96,85.85,61.61,81.47333333
68.68,97.97,92.92,66.66,73.73,88.88,52.52,83.83,71.71,61.61,50.5,61.61,82.82,58.58,73.73,72.38333333
75.75,66.66,50.5,62.62,79.79,87.87,72.72,59.59,53.53,68.68,84.84,72.72,92.92,89.89,58.58,71.77733333
85.85,56.56,91.91,55.55,67.67,55.55,79.79,56.56,65.65,99.99,74.74,79.79,83.83,58.58,84.84,73.124
76.76,83.83,72.72,57.57,62.62,69.69,64.64,82.82,81.81,79.79,97.97,88.88,60.6,87.87,88.88,77.09666667
84.84,72.72,70.7,71.71,60.6,89.89,54.54,63.63,56.56,80.8,87.87,84.84,85.85,56.56,98.98,74.67266667
94.94,94.94,97.97,93.93,80.8,96.96,72.72,73.73,77.77,72.72,52.52,77.77,60.6,93.93,89.89,82.07933333
84.84,83.83,58.58,51.51,81.81,64.64,74.74,87.87,71.71,86.86,92.92,74.74,58.58,61.61,83.83,74.538
93.93,66.66,89.89,93.93,76.76,63.63,74.74,96.96,82.82,82.82,59.59,97.97,93.93,70.7,86.86,82.07933333
72.72,55.55,91.91,53.53,89.89,61.61,64.64,60.6,82.82,72.72,66.66,68.68,76.76,55.55,66.66,69.35333333
69.69,74.74,78.78,69.69,79.79,94.94,52.52,93.93,79.79,91.91,54.54,67.67,52.52,76.76,89.89,75.144
66.66,62.62,66.66,92.92,77.77,66.66,63.63,80.8,79.79,82.82,97.97,61.61,68.68,85.85,84.84,75.952
88.88,94.94,88.88,81.81,85.85,85.85,81.81,72.72,62.62,84.84,61.61,94.94,88.88,79.79,93.93,83.15666667
56.56,67.67,85.85,87.87,98.98,76.76,79.79,97.97,79.79,87.87,81.81,94.94,63.63,53.53,92.92,80.396
79.79,77.77,74.74,74.74,62.62,92.92,51.51,85.85,89.89,57.57,73.73,53.53,77.77,96.96,78.78,75.21133333
79.79,63.63,78.78,72.72,65.65,96.96,99.99,72.72,95.95,70.7,84.84,63.63,84.84,94.94,59.59,78.982
75.75,99.99,74.74,88.88,71.71,81.81,80.8,51.51,54.54,97.97,74.74,63.63,93.93,80.8,88.88,78.64533333
87.87,57.57,70.7,79.79,91.91,97.97,60.6,61.61,77.77,88.88,88.88,93.93,69.69,72.72,60.6,77.366
72.72,61.61,63.63,78.78,65.65,81.81,99.99,57.57,81.81,86.86,87.87,51.51,82.82,67.67,54.54,72.98933333
95.95,71.71,98.98,90.9,80.8,63.63,53.53,50.5,59.59,69.69,50.5,98.98,95.95,57.57,96.96,75.68266667
73.73,77.77,53.53,73.73,72.72,99.99,67.67,95.95,78.78,78.78,65.65,94.94,84.84,73.73,61.61,76.89466667
56.56,87.87,86.86,96.96,52.52,84.84,63.63,92.92,56.56,93.93,66.66,99.99,95.95,95.95,75.75,80.46333333
81.81,65.65,92.92,60.6,63.63,58.58,51.51,60.6,97.97,73.73,57.57,61.61,90.9,94.94,89.89,73.46066667
64.64,52.52,72.72,99.99,60.6,89.89,88.88,58.58,69.69,59.59,55.55,80.8,71.71,55.55,80.8,70.76733333
55.55,79.79,97.97,72.72,68.68,53.53,79.79,68.68,76.76,92.92,99.99,61.61,65.65,92.92,95.95,77.50066667
72.72,54.54,61.61,91.91,51.51,76.76,59.59,65.65,84.84,59.59,85.85,67.67,57.57,93.93,73.73,70.498
95.95,89.89,56.56,99.99,54.54,83.83,80.8,58.58,58.58,77.77,54.54,80.8,50.5,88.88,74.74,73.73
87.87,81.81,82.82,77.77,69.69,59.59,96.96,53.53,91.91,64.64,65.65,80.8,87.87,64.64,77.77,76.22133333
90.9,97.97,97.97,83.83,84.84,51.51,87.87,69.69,79.79,79.79,91.91,93.93,93.93,67.67,55.55,81.81
90.9,74.74,86.86,98.98,74.74,60.6,89.89,57.57,79.79,85.85,59.59,62.62,61.61,71.71,50.5,73.73
96.96,72.72,86.86,85.85,87.87,56.56,69.69,60.6,65.65,86.86,92.92,51.51,60.6,53.53,53.53,72.114
95.95,51.51,89.89,69.69,79.79,70.7,99.99,98.98,96.96,85.85,96.96,64.64,72.72,91.91,86.86,83.49333333
63.63,65.65,89.89,89.89,96.96,93.93,94.94,86.86,77.77,56.56,69.69,76.76,81.81,85.85,59.59,79.31866667
74.74,91.91,78.78,86.86,72.72,67.67,58.58,81.81,84.84,68.68,80.8,69.69,62.62,73.73,51.51,73.66266667
62.62,99.99,61.61,60.6,95.95,86.86,91.91,93.93,59.59,51.51,85.85,89.89,89.89,87.87,51.51,77.972
85.85,67.67,86.86,70.7,80.8,66.66,69.69,50.5,69.69,64.64,83.83,76.76,72.72,69.69,54.54,71.37333333
72.72,94.94,90.9,94.94,50.5,74.74,92.92,61.61,91.91,88.88,74.74,87.87,69.69,87.87,83.83,81.204
51.51,90.9,79.79,94.94,55.55,55.55,64.64,68.68,85.85,97.97,75.75,85.85,78.78,91.91,51.51,75.27866667
90.9,57.57,51.51,82.82,51.51,92.92,55.55,90.9,56.56,78.78,51.51,66.66,69.69,80.8,59.59,69.15133333
53.53,62.62,72.72,98.98,62.62,61.61,51.51,59.59,65.65,98.98,86.86,55.55,67.67,61.61,81.81,69.42066667
59.59,96.96,55.55,50.5,53.53,58.58,94.94,90.9,55.55,84.84,74.74,51.51,89.89,65.65,52.52,69.01666667
83.83,53.53,60.6,77.77,96.96,54.54,66.66,88.88,90.9,67.67,52.52,54.54,55.55,55.55,64.64,68.276
82.82,72.72,59.59,71.71,63.63,54.54,75.75,59.59,70.7,89.89,57.57,57.57,88.88,91.91,79.79,71.77733333
81.81,83.83,97.97,76.76,58.58,79.79,80.8,87.87,95.95,94.94,56.56,74.74,72.72,68.68,99.99,80.73266667
80.8,84.84,72.72,79.79,86.86,83.83,59.59,82.82,60.6,66.66,76.76,66.66,89.89,95.95,74.74,77.50066667
84.84,64.64,57.57,63.63,61.61,56.56,50.5,55.55,70.7,64.64,99.99,79.79,81.81,53.53,89.89,69.01666667
64.64,56.56,57.57,77.77,74.74,85.85,90.9,74.74,69.69,70.7,88.88,74.74,64.64,77.77,92.92,74.80733333
52.52,77.77,58.58,86.86,55.55,98.98,51.51,97.97,78.78,82.82,51.51,75.75,73.73,98.98,64.64,73.73
95.95,83.83,99.99,81.81,80.8,66.66,76.76,54.54,64.64,57.57,60.6,80.8,66.66,78.78,88.88,75.88466667
83.83,59.59,53.53,97.97,57.57,50.5,97.97,73.73,83.83,63.63,80.8,56.56,67.67,67.67,98.98,72.922
61.61,54.54,73.73,94.94,86.86,52.52,86.86,61.61,86.86,55.55,70.7,77.77,93.93,70.7,75.75,73.59533333
82.82,66.66,65.65,94.94,55.55,71.71,64.64,98.98,64.64,99.99,52.52,58.58,57.57,75.75,51.51,70.76733333
84.84,76.76,62.62,80.8,97.97,59.59,66.66,69.69,83.83,69.69,56.56,86.86,56.56,91.91,68.68,74.20133333
86.86,84.84,98.98,68.68,50.5,58.58,69.69,66.66,68.68,87.87,82.82,61.61,74.74,80.8,58.58,73.326
56.56,76.76,93.93,98.98,65.65,75.75,99.99,94.94,91.91,83.83,88.88,52.52,57.57,87.87,52.52,78.51066667
91.91,92.92,87.87,85.85,89.89,51.51,98.98,91.91,59.59,93.93,60.6,86.86,59.59,66.66,97.97,81.06933333
78.78,73.73,55.55,66.66,61.61,73.73,78.78,74.74,95.95,88.88,82.82,79.79,62.62,59.59,72.72,73.73
65.65,70.7,95.95,93.93,64.64,75.75,84.84,51.51,92.92,90.9,56.56,69.69,54.54,66.66,64.64,73.25866667
76.76,67.67,57.57,51.51,65.65,81.81,56.56,78.78,69.69,80.8,72.72,55.55,67.67,74.74,81.81,69.286
79.79,77.77,56.56,77.77,55.55,80.8,99.99,91.91,51.51,50.5,55.55,53.53,87.87,89.89,65.65,71.64266667
58.58,84.84,50.5,58.58,58.58,95.95,80.8,67.67,94.94,93.93,60.6,83.83,68.68,90.9,86.86,75.68266667
91.91,76.76,92.92,57.57,81.81,86.86,86.86,60.6,68.68,81.81,66.66,60.6,80.8,92.92,89.89,78.44333333
72.72,54.54,84.84,71.71,63.63,60.6,53.53,98.98,94.94,72.72,83.83,93.93,59.59,91.91,70.7,75.21133333
83.83,77.77,78.78,51.51,97.97,86.86,88.88,80.8,87.87,81.81,50.5,59.59,91.91,69.69,61.61,76.62533333
58.58,64.64,89.89,73.73,72.72,67.67,74.74,62.62,93.93,79.79,69.69,72.72,57.57,57.57,98.98,72.98933333
79.79,79.79,60.6,87.87,68.68,55.55,64.64,97.97,60.6,65.65,98.98,67.67,99.99,77.77,92.92,77.23133333
86.86,86.86,59.59,82.82,75.75,51.51,98.98,50.5,88.88,90.9,54.54,76.76,56.56,54.54,81.81,73.124
62.62,64.64,62.62,95.95,61.61,57.57,57.57,50.5,84.84,61.61,84.84,62.62,70.7,72.72,56.56,67.13133333
58.58,78.78,95.95,96.96,78.78,74.74,96.96,83.83,52.52,81.81,70.7,55.55,54.54,70.7,91.91,76.154
79.79,76.76,62.62,96.96,87.87,77.77,56.56,64.64,75.75,69.69,76.76,64.64,95.95,71.71,58.58,74.40333333
99.99,56.56,57.57,90.9,93.93,87.87,61.61,69.69,74.74,50.5,93.93,91.91,57.57,62.62,98.98,76.558
82.82,88.88,60.6,83.83,56.56,93.93,71.71,59.59,66.66,68.68,75.75,56.56,74.74,61.61,80.8,72.18133333
81.81,71.71,86.86,77.77,50.5,85.85,75.75,99.99,59.59,58.58,53.53,70.7,96.96,52.52,98.98,74.74
78.78,64.64,82.82,76.76,84.84,59.59,76.76,77.77,85.85,66.66,89.89,78.78,83.83,64.64,66.66,75.88466667
84.84,53.53,67.67,67.67,94.94,89.89,77.77,87.87,81.81,68.68,82.82,65.65,60.6,56.56,79.79,74.67266667
77.77,79.79,66.66,65.65,64.64,87.87,74.74,71.71,97.97,56.56,67.67,76.76,92.92,89.89,91.91,77.50066667
94.94,86.86,52.52,90.9,60.6,74.74,92.92,90.9,86.86,63.63,74.74,66.66,84.84,73.73,80.8,78.376
83.83,92.92,86.86,69.69,80.8,74.74,51.51,52.52,76.76,92.92,52.52,94.94,92.92,92.92,91.91,79.184
93.93,85.85,87.87,89.89,76.76,65.65,68.68,86.86,71.71,88.88,87.87,73.73,84.84,57.57,53.53,78.24133333
83.83,61.61,53.53,61.61,75.75,99.99,85.85,90.9,59.59,64.64,91.91,56.56,72.72,68.68,63.63,72.72
65.65,73.73,63.63,64.64,86.86,65.65,80.8,61.61,61.61,52.52,92.92,63.63,56.56,81.81,50.5,68.14133333
57.57,63.63,90.9,72.72,79.79,99.99,62.62,90.9,79.79,87.87,83.83,78.78,54.54,91.91,64.64,77.29866667
62.62,90.9,92.92,55.55,85.85,86.86,85.85,91.91,81.81,63.63,82.82,85.85,51.51,73.73,66.66,77.23133333
82.82,56.56,95.95,58.58,77.77,98.98,91.91,60.6,81.81,88.88,64.64,50.5,60.6,64.64,59.59,72.922
83.83,85.85,83.83,93.93,50.5,62.62,76.76,98.98,57.57,77.77,50.5,85.85,54.54,52.52,92.92,73.86466667
96.96,92.92,74.74,55.55,59.59,97.97,74.74,89.89,66.66,66.66,87.87,81.81,86.86,74.74,51.51,77.23133333
92.92,91.91,74.74,62.62,83.83,87.87,80.8,69.69,68.68,51.51,99.99,74.74,94.94,71.71,79.79,79.04933333
78.78,91.91,81.81,59.59,79.79,72.72,72.72,70.7,71.71,82.82,91.91,62.62,75.75,86.86,99.99,78.64533333
88.88,57.57,58.58,71.71,68.68,96.96,73.73,61.61,57.57,90.9,88.88,73.73,78.78,79.79,50.5,73.19133333
90.9,84.84,56.56,63.63,57.57,90.9,61.61,65.65,64.64,70.7,62.62,65.65,70.7,59.59,55.55,68.074
85.85,56.56,78.78,93.93,76.76,66.66,62.62,76.76,56.56,88.88,68.68,97.97,79.79,73.73,58.58,74.80733333
81.81,87.87,67.67,74.74,73.73,82.82,70.7,64.64,88.88,87.87,58.58,55.55,91.91,55.55,75.75,74.538
97.97,82.82,61.61,77.77,88.88,75.75,79.79,88.88,71.71,52.52,52.52,68.68,69.69,77.77,70.7,74.47066667
89.89,72.72,69.69,88.88,89.89,53.53,82.82,72.72,98.98,85.85,54.54,51.51,54.54,61.61,76.76,73.59533333
53.53,71.71,71.71,62.62,73.73,84.84,99.99,64.64,98.98,84.84,81.81,69.69,59.59,94.94,98.98,78.10666667
60.6,87.87,59.59,65.65,57.57,66.66,80.8,54.54,51.51,71.71,87.87,90.9,68.68,77.77,56.56,69.21866667
68.68,72.72,58.58,82.82,82.82,72.72,58.58,67.67,52.52,97.97,73.73,92.92,91.91,77.77,55.55,73.79733333
90.9,98.98,51.51,68.68,91.91,62.62,75.75,90.9,85.85,53.53,60.6,62.62,90.9,83.83,58.58,75.144
77.77,88.88,88.88,74.74,58.58,52.52,79.79,84.84,64.64,60.6,95.95,53.53,81.81,52.52,71.71,72.45066667
92.92,83.83,94.94,79.79,50.5,81.81,87.87,73.73,58.58,69.69,82.82,86.86,95.95,73.73,66.66,78.64533333
93.93,93.93,85.85,82.82,55.55,92.92,60.6,92.92,90.9,98.98,74.74,71.71,97.97,80.8,74.74,83.224
51.51,95.95,67.67,57.57,68.68,91.91,96.96,87.87,50.5,81.81,56.56,67.67,82.82,88.88,60.6,73.79733333
50.5,69.69,59.59,51.51,61.61,75.75,51.51,60.6,80.8,70.7,78.78,72.72,86.86,57.57,98.98,68.478
85.85,89.89,68.68,83.83,82.82,78.78,68.68,66.66,57.57,62.62,84.84,78.78,75.75,91.91,56.56,75.548
75.75,62.62,62.62,62.62,96.96,75.75,64.64,76.76,97.97,54.54,66.66,52.52,80.8,89.89,62.62,72.18133333
99.99,85.85,99.99,56.56,74.74,84.84,68.68,83.83,66.66,89.89,61.61,88.88,66.66,81.81,94.94,80.32866667
66.66,87.87,73.73,80.8,52.52,74.74,81.81,99.99,59.59,59.59,86.86,72.72,80.8,89.89,68.68,75.75
72.72,81.81,56.56,98.98,61.61,95.95,85.85,58.58,60.6,97.97,97.97,71.71,98.98,63.63,54.54,77.164
88.88,62.62,83.83,57.57,66.66,87.87,63.63,72.72,59.59,95.95,69.69,85.85,78.78,79.79,62.62,74.40333333
83.83,90.9,85.85,62.62,55.55,87.87,81.81,65.65,64.64,75.75,74.74,83.83,58.58,97.97,71.71,76.08666667
86.86,51.51,68.68,81.81,59.59,96.96,96.96,71.71,69.69,79.79,53.53,66.66,84.84,67.67,60.6,73.124
63.63,60.6,70.7,70.7,67.67,64.64,94.94,55.55,56.56,68.68,72.72,90.9,78.78,93.93,59.59,71.306
54.54,92.92,51.51,66.66,56.56,82.82,78.78,65.65,92.92,76.76,85.85,59.59,73.73,66.66,55.55,70.7
71.71,95.95,75.75,73.73,84.84,73.73,89.89,71.71,68.68,54.54,81.81,78.78,79.79,51.51,88.88,76.08666667
62.62,60.6,61.61,62.62,58.58,62.62,76.76,99.99,98.98,72.72,68.68,81.81,57.57,68.68,76.76,71.37333333
56.56,84.84,81.81,79.79,71.71,64.64,99.99,61.61,64.64,93.93,56.56,69.69,97.97,92.92,80.8,77.164
58.58,56.56,78.78,74.74,63.63,70.7,57.57,63.63,88.88,90.9,75.75,86.86,66.66,83.83,98.98,74.40333333
99.99,67.67,85.85,70.7,90.9,70.7,96.96,74.74,53.53,85.85,85.85,89.89,79.79,83.83,91.91,81.87733333
63.63,61.61,58.58,56.56,85.85,68.68,87.87,91.91,60.6,54.54,58.58,74.74,97.97,60.6,76.76,70.56533333
93.93,67.67,62.62,52.52,84.84,59.59,85.85,76.76,79.79,99.99,61.61,94.94,90.9,88.88,79.79,78.64533333
59.59,77.77,95.95,96.96,83.83,84.84,74.74,93.93,95.95,59.59,74.74,59.59,71.71,70.7,99.99,79.992
53.53,63.63,91.91,95.95,80.8,94.94,78.78,97.97,96.96,74.74,76.76,55.55,57.57,65.65,99.99,78.982
58.58,85.85,55.55,74.74,64.64,82.82,85.85,95.95,65.65,88.88,95.95,85.85,51.51,79.79,99.99,78.10666667
83.83,91.91,90.9,87.87,74.74,63.63,67.67,67.67,62.62,85.85,84.84,95.95,95.95,53.53,65.65,78.174
79.79,79.79,94.94,97.97,75.75,85.85,59.59,70.7,56.56,95.95,62.62,78.78,50.5,65.65,96.96,76.76
70.7,57.57,69.69,93.93,84.84,80.8,82.82,59.59,59.59,84.84,85.85,59.59,87.87,92.92,73.73,76.28866667
55.55,81.81,57.57,93.93,94.94,69.69,79.79,93.93,73.73,65.65,68.68,58.58,90.9,86.86,59.59,75.41333333
89.89,90.9,94.94,70.7,50.5,58.58,51.51,80.8,82.82,96.96,77.77,82.82,71.71,84.84,72.72,77.164
54.54,80.8,90.9,59.59,65.65,82.82,81.81,96.96,97.97,81.81,76.76,86.86,67.67,51.51,59.59,75.68266667
85.85,81.81,79.79,68.68,80.8,97.97,61.61,60.6,75.75,82.82,93.93,87.87,74.74,89.89,98.98,81.406
94.94,60.6,90.9,66.66,66.66,60.6,81.81,68.68,91.91,80.8,61.61,84.84,91.91,72.72,86.86,77.43333333
90.9,79.79,64.64,64.64,88.88,56.56,77.77,60.6,75.75,92.92,91.91,77.77,67.67,57.57,54.54,73.46066667
82.82,74.74,62.62,57.57,83.83,75.75,54.54,94.94,88.88,72.72,57.57,96.96,97.97,62.62,96.96,77.366
69.69,88.88,76.76,52.52,61.61,58.58,83.83,68.68,62.62,72.72,98.98,78.78,85.85,76.76,58.58,72.98933333
68.68,88.88,71.71,59.59,51.51,95.95,89.89,75.75,80.8,55.55,91.91,58.58,89.89,60.6,84.84,74.942
83.83,89.89,91.91,80.8,80.8,55.55,69.69,52.52,54.54,55.55,84.84,67.67,81.81,73.73,83.83,73.79733333
55.55,76.76,53.53,70.7,99.99,67.67,61.61,74.74,75.75,68.68,56.56,80.8,58.58,93.93,50.5,69.69
93.93,75.75,96.96,94.94,89.89,83.83,65.65,54.54,70.7,55.55,80.8,79.79,80.8,55.55,56.56,75.68266667
79.79,74.74,61.61,89.89,92.92,73.73,79.79,62.62,86.86,67.67,73.73,59.59,55.55,81.81,51.51,72.78733333
71.71,60.6,67.67,97.97,59.59,76.76,60.6,74.74,73.73,71.71,63.63,56.56,82.82,61.61,58.58,69.21866667
80.8,93.93,92.92,94.94,90.9,68.68,75.75,52.52,64.64,55.55,59.59,64.64,56.56,66.66,55.55,71.57533333
73.73,56.56,57.57,53.53,95.95,95.95,58.58,63.63,78.78,63.63,84.84,97.97,58.58,65.65,95.95,73.39333333
90.9,97.97,84.84,79.79,88.88,92.92,55.55,96.96,84.84,69.69,59.59,66.66,53.53,50.5,83.83,77.09666667
99.99,80.8,88.88,95.95,99.99,72.72,98.98,62.62,89.89,76.76,76.76,65.65,77.77,72.72,91.91,83.426
75.75,82.82,80.8,95.95,81.81,84.84,53.53,71.71,91.91,58.58,77.77,82.82,60.6,76.76,87.87,77.568
78.78,78.78,85.85,67.67,76.76,67.67,66.66,98.98,79.79,86.86,58.58,80.8,54.54,70.7,80.8,75.548
60.6,73.73,85.85,76.76,80.8,56.56,91.91,73.73,54.54,72.72,84.84,88.88,70.7,52.52,87.87,74.134
58.58,86.86,92.92,71.71,59.59,83.83,90.9,95.95,68.68,52.52,50.5,95.95,57.57,58.58,50.5,71.64266667
97.97,63.63,82.82,99.99,94.94,62.62,89.89,88.88,74.74,75.75,62.62,59.59,70.7,67.67,69.69,77.43333333
64.64,54.54,96.96,63.63,86.86,80.8,70.7,93.93,94.94,91.91,50.5,62.62,67.67,67.67,91.91,75.952
99.99,56.56,87.87,93.93,58.58,61.61,63.63,56.56,64.64,63.63,62.62,74.74,76.76,63.63,55.55,69.35333333
95.95,84.84,88.88,95.95,58.58,64.64,72.72,69.69,56.56,79.79,65.65,79.79,59.59,86.86,56.56,74.40333333
63.63,90.9,92.92,81.81,99.99,53.53,65.65,71.71,80.8,78.78,95.95,68.68,63.63,71.71,78.78,77.23133333
94.94,68.68,84.84,98.98,51.51,57.57,96.96,59.59,53.53,94.94,93.93,88.88,83.83,52.52,72.72,76.89466667
99.99,98.98,59.59,59.59,85.85,99.99,76.76,55.55,75.75,52.52,84.84,82.82,81.81,74.74,89.89,78.578
74.74,86.86,75.75,92.92,65.65,59.59,66.66,81.81,70.7,85.85,82.82,55.55,72.72,97.97,68.68,75.88466667
63.63,79.79,74.74,78.78,66.66,52.52,52.52,54.54,62.62,83.83,69.69,56.56,51.51,75.75,89.89,67.53533333
75.75,85.85,82.82,72.72,56.56,90.9,89.89,76.76,76.76,95.95,55.55,75.75,70.7,72.72,63.63,76.154
63.63,91.91,65.65,90.9,81.81,79.79,75.75,84.84,63.63,80.8,81.81,52.52,86.86,76.76,81.81,77.23133333
86.86,88.88,72.72,77.77,67.67,58.58,75.75,61.61,73.73,58.58,74.74,65.65,76.76,66.66,51.51,70.498
55.55,52.52,86.86,56.56,91.91,72.72,87.87,97.97,53.53,55.55,77.77,73.73,80.8,75.75,51.51,71.37333333
88.88,86.86,90.9,52.52,98.98,76.76,79.79,84.84,62.62,93.93,53.53,63.63,88.88,98.98,88.88,80.66533333
65.65,55.55,59.59,92.92,65.65,80.8,73.73,63.63,78.78,84.84,65.65,85.85,56.56,58.58,81.81,71.306
77.77,93.93,95.95,87.87,99.99,68.68,65.65,68.68,60.6,88.88,70.7,93.93,52.52,55.55,83.83,77.63533333
57.57,71.71,93.93,54.54,74.74,59.59,91.91,76.76,65.65,75.75,91.91,52.52,70.7,86.86,55.55,71.97933333
68.68,97.97,90.9,70.7,95.95,97.97,59.59,89.89,98.98,63.63,55.55,64.64,91.91,77.77,62.62,79.11666667
94.94,54.54,97.97,95.95,83.83,94.94,92.92,67.67,52.52,69.69,95.95,77.77,54.54,84.84,70.7,79.25133333
96.96,66.66,60.6,59.59,65.65,55.55,96.96,71.71,50.5,50.5,64.64,53.53,58.58,89.89,64.64,67.064
85.85,66.66,58.58,91.91,74.74,75.75,63.63,72.72,55.55,56.56,60.6,86.86,96.96,84.84,84.84,74.40333333
96.96,98.98,70.7,63.63,53.53,79.79,72.72,85.85,74.74,64.64,68.68,72.72,65.65,53.53,55.55,71.84466667
93.93,72.72,55.55,65.65,84.84,79.79,86.86,57.57,97.97,84.84,74.74,86.86,78.78,71.71,91.91,78.91466667
94.94,55.55,82.82,69.69,93.93,96.96,99.99,61.61,92.92,88.88,70.7,75.75,98.98,96.96,74.74,83.628
60.6,91.91,56.56,53.53,72.72,99.99,90.9,86.86,75.75,91.91,57.57,76.76,71.71,99.99,98.98,79.04933333
71.71,79.79,97.97,97.97,74.74,70.7,77.77,94.94,89.89,77.77,82.82,96.96,66.66,87.87,94.94,84.16666667
72.72,87.87,70.7,59.59,93.93,98.98,84.84,73.73,59.59,61.61,55.55,85.85,86.86,50.5,67.67,73.99933333
72.72,64.64,62.62,91.91,88.88,67.67,74.74,71.71,59.59,60.6,88.88,64.64,88.88,60.6,52.52,71.37333333
80.8,58.58,54.54,68.68,61.61,86.86,85.85,51.51,66.66,82.82,90.9,87.87,86.86,54.54,92.92,74.06666667
77.77,79.79,96.96,55.55,61.61,71.71,76.76,74.74,96.96,69.69,53.53,67.67,81.81,72.72,90.9,75.21133333
83.83,99.99,58.58,80.8,81.81,63.63,53.53,60.6,82.82,52.52,52.52,92.92,80.8,82.82,67.67,72.98933333
56.56,71.71,57.57,83.83,70.7,94.94,58.58,90.9,66.66,99.99,63.63,76.76,97.97,97.97,78.78,77.77
72.72,71.71,90.9,62.62,86.86,55.55,83.83,80.8,58.58,86.86,89.89,95.95,82.82,62.62,95.95,78.51066667
99.99,81.81,93.93,71.71,61.61,78.78,76.76,76.76,59.59,94.94,94.94,68.68,66.66,92.92,97.97,81.13666667
68.68,60.6,52.52,90.9,82.82,81.81,76.76,77.77,61.61,79.79,79.79,78.78,98.98,72.72,65.65,75.27866667
50.5,65.65,92.92,92.92,69.69,78.78,52.52,86.86,88.88,62.62,83.83,65.65,68.68,98.98,77.77,75.75
96.96,83.83,59.59,87.87,53.53,52.52,68.68,89.89,54.54,80.8,64.64,93.93,99.99,56.56,83.83,75.144
83.83,66.66,58.58,75.75,75.75,80.8,54.54,91.91,67.67,77.77,51.51,81.81,53.53,58.58,69.69,69.892
71.71,80.8,69.69,50.5,78.78,97.97,53.53,92.92,66.66,77.77,62.62,52.52,55.55,64.64,66.66,69.488
84.84,91.91,94.94,83.83,84.84,57.57,76.76,84.84,85.85,83.83,51.51,57.57,91.91,50.5,96.96,78.51066667
56.56,75.75,86.86,90.9,72.72,95.95,52.52,69.69,89.89,81.81,74.74,84.84,64.64,74.74,82.82,76.962
74.74,94.94,78.78,53.53,62.62,90.9,54.54,80.8,67.67,79.79,64.64,71.71,65.65,62.62,74.74,71.84466667
84.84,53.53,60.6,81.81,94.94,87.87,86.86,71.71,61.61,67.67,77.77,60.6,62.62,70.7,97.97,74.74
52.52,63.63,62.62,57.57,89.89,85.85,57.57,84.84,65.65,97.97,89.89,55.55,73.73,95.95,85.85,74.60533333
69.69,81.81,76.76,67.67,89.89,58.58,58.58,54.54,75.75,97.97,96.96,77.77,56.56,89.89,82.82,75.68266667
91.91,94.94,73.73,50.5,78.78,57.57,76.76,80.8,76.76,85.85,55.55,90.9,52.52,72.72,57.57,73.124
50.5,95.95,57.57,62.62,51.51,86.86,59.59,96.96,90.9,64.64,62.62,97.97,72.72,61.61,78.78,72.72
86.86,54.54,92.92,97.97,79.79,51.51,60.6,65.65,75.75,92.92,99.99,96.96,56.56,58.58,84.84,77.02933333
74.74,82.82,58.58,77.77,92.92,76.76,51.51,54.54,77.77,64.64,51.51,58.58,88.88,81.81,52.52,69.69
81.81,62.62,98.98,59.59,76.76,89.89,87.87,59.59,71.71,89.89,86.86,67.67,55.55,98.98,56.56,76.28866667
91.91,66.66,73.73,53.53,94.94,58.58,89.89,68.68,56.56,53.53,53.53,59.59,80.8,79.79,85.85,71.17133333
99.99,62.62,87.87,83.83,69.69,56.56,95.95,93.93,55.55,99.99,69.69,90.9,57.57,55.55,95.95,78.376
51.51,74.74,71.71,68.68,70.7,99.99,92.92,65.65,96.96,80.8,73.73,81.81,56.56,76.76,85.85,76.558
65.65,67.67,95.95,57.57,81.81,81.81,77.77,85.85,94.94,64.64,91.91,78.78,58.58,84.84,81.81,77.972
89.89,51.51,57.57,67.67,57.57,99.99,58.58,61.61,58.58,96.96,57.57,64.64,84.84,63.63,87.87,70.56533333
85.85,59.59,86.86,81.81,64.64,72.72,56.56,71.71,50.5,71.71,94.94,98.98,52.52,57.57,56.56,70.83466667
59.59,53.53,92.92,85.85,61.61,80.8,53.53,64.64,78.78,52.52,58.58,57.57,88.88,58.58,85.85,68.882
80.8,91.91,81.81,79.79,72.72,50.5,95.95,82.82,96.96,55.55,79.79,91.91,63.63,75.75,79.79,78.64533333
80.8,75.75,93.93,91.91,77.77,57.57,96.96,71.71,97.97,50.5,73.73,77.77,70.7,58.58,90.9,77.77
68.68,50.5,71.71,50.5,87.87,63.63,77.77,52.52,80.8,68.68,59.59,79.79,53.53,89.89,83.83,69.286
99.99,77.77,68.68,58.58,56.56,87.87,67.67,61.61,86.86,60.6,59.59,61.61,69.69,73.73,66.66,70.498
87.87,73.73,87.87,91.91,78.78,84.84,54.54,65.65,71.71,60.6,91.91,84.84,85.85,56.56,57.57,75.61533333
83.83,52.52,70.7,68.68,89.89,88.88,61.61,80.8,54.54,67.67,63.63,67.67,77.77,56.56,56.56,69.42066667
54.54,76.76,75.75,77.77,70.7,70.7,61.61,85.85,79.79,68.68,69.69,85.85,54.54,53.53,59.59,69.69
96.96,54.54,90.9,97.97,73.73,56.56,74.74,58.58,70.7,86.86,90.9,94.94,88.88,79.79,79.79,79.72266667
61.61,71.71,67.67,72.72,99.99,94.94,60.6,69.69,78.78,72.72,90.9,71.71,56.56,68.68,50.5,72.58533333
67.67,68.68,60.6,83.83,58.58,59.59,99.99,80.8,89.89,69.69,94.94,58.58,82.82,53.53,68.68,73.19133333
94.94,89.89,98.98,75.75,86.86,53.53,58.58,57.57,57.57,66.66,58.58,63.63,68.68,88.88,78.78,73.25866667
98.98,88.88,86.86,91.91,72.72,61.61,83.83,94.94,80.8,89.89,61.61,51.51,72.72,92.92,53.53,78.84733333
83.83,98.98,70.7,86.86,66.66,86.86,94.94,71.71,54.54,99.99,74.74,74.74,55.55,77.77,88.88,79.11666667
77.77,57.57,59.59,50.5,88.88,98.98,67.67,75.75,78.78,68.68,90.9,52.52,94.94,97.97,65.65,75.07666667
55.55,79.79,88.88,64.64,66.66,76.76,94.94,66.66,67.67,70.7,68.68,79.79,67.67,70.7,65.65,72.316
61.61,64.64,63.63,50.5,89.89,92.92,66.66,66.66,50.5,52.52,64.64,88.88,91.91,99.99,83.83,72.58533333
55.55,90.9,60.6,88.88,66.66,72.72,67.67,85.85,91.91,64.64,59.59,58.58,86.86,74.74,66.66,72.78733333
83.83,82.82,99.99,86.86,50.5,92.92,91.91,55.55,79.79,79.79,75.75,85.85,85.85,57.57,55.55,77.63533333
87.87,52.52,56.56,57.57,65.65,63.63,67.67,78.78,94.94,82.82,80.8,62.62,81.81,54.54,75.75,70.902
84.84,54.54,89.89,71.71,66.66,58.58,52.52,68.68,90.9,91.91,79.79,81.81,80.8,80.8,56.56,73.99933333
85.85,96.96,57.57,86.86,51.51,82.82,66.66,51.51,89.89,63.63,80.8,60.6,66.66,88.88,82.82,74.20133333
91.91,70.7,52.52,66.66,87.87,51.51,97.97,82.82,76.76,94.94,87.87,62.62,90.9,66.66,98.98,78.71266667
56.56,55.55,86.86,96.96,93.93,91.91,79.79,59.59,89.89,59.59,68.68,80.8,69.69,84.84,56.56,75.41333333
80.8,56.56,85.85,91.91,93.93,69.69,75.75,75.75,66.66,89.89,75.75,98.98,70.7,61.61,73.73,77.83733333
73.73,94.94,53.53,89.89,58.58,98.98,92.92,55.55,77.77,66.66,84.84,71.71,92.92,82.82,81.81,78.44333333
98.98,79.79,78.78,50.5,58.58,58.58,87.87,65.65,64.64,62.62,82.82,88.88,60.6,74.74,65.65,71.912
97.97,62.62,93.93,81.81,65.65,65.65,99.99,70.7,81.81,82.82,56.56,98.98,81.81,54.54,80.8,78.376
91.91,92.92,78.78,74.74,64.64,70.7,62.62,66.66,53.53,51.51,76.76,81.81,63.63,79.79,50.5,70.7
50.5,82.82,81.81,79.79,89.89,71.71,96.96,67.67,74.74,91.91,99.99,89.89,91.91,78.78,68.68,81.13666667
61.61,61.61,54.54,89.89,61.61,99.99,52.52,63.63,51.51,84.84,53.53,50.5,73.73,71.71,98.98,68.68
78.78,68.68,57.57,89.89,69.69,53.53,75.75,63.63,55.55,58.58,76.76,99.99,76.76,62.62,75.75,70.902
50.5,82.82,59.59,75.75,90.9,85.85,86.86,85.85,74.74,55.55,96.96,62.62,52.52,93.93,84.84,75.952
51.51,57.57,90.9,83.83,53.53,50.5,69.69,58.58,68.68,86.86,95.95,66.66,90.9,80.8,78.78,72.316
75.75,77.77,63.63,60.6,50.5,82.82,65.65,94.94,60.6,89.89,82.82,51.51,75.75,98.98,77.77,73.932
75.75,98.98,71.71,77.77,82.82,86.86,51.51,92.92,59.59,55.55,68.68,91.91,87.87,80.8,88.88,78.10666667
60.6,58.58,77.77,64.64,92.92,82.82,62.62,57.57,80.8,84.84,97.97,84.84,65.65,71.71,63.63,73.79733333
89.89,89.89,70.7,58.58,56.56,59.59,97.97,93.93,78.78,86.86,53.53,64.64,70.7,77.77,80.8,75.346
93.93,75.75,69.69,82.82,64.64,79.79,77.77,66.66,53.53,60.6,60.6,79.79,88.88,99.99,86.86,76.08666667
97.97,65.65,86.86,71.71,92.92,84.84,51.51,94.94,84.84,57.57,86.86,64.64,77.77,97.97,95.95,80.8
67.67,94.94,98.98,80.8,74.74,53.53,55.55,82.82,73.73,76.76,57.57,90.9,85.85,80.8,81.81,77.09666667
90.9,75.75,95.95,50.5,52.52,81.81,95.95,73.73,83.83,86.86,87.87,97.97,63.63,53.53,54.54,76.356
89.89,76.76,50.5,54.54,81.81,72.72,72.72,76.76,81.81,93.93,70.7,75.75,63.63,88.88,82.82,75.548
87.87,87.87,76.76,98.98,83.83,85.85,74.74,69.69,87.87,59.59,96.96,78.78,79.79,69.69,66.66,80.32866667
76.76,59.59,90.9,52.52,50.5,68.68,55.55,79.79,70.7,74.74,55.55,77.77,61.61,95.95,93.93,70.96933333
76.76,69.69,90.9,73.73,73.73,99.99,66.66,69.69,69.69,72.72,50.5,87.87,51.51,77.77,91.91,74.87466667
52.52,63.63,68.68,73.73,55.55,70.7,87.87,83.83,85.85,53.53,64.64,92.92,92.92,83.83,87.87,74.538
93.93,56.56,98.98,84.84,55.55,67.67,63.63,65.65,74.74,61.61,69.69,53.53,52.52,70.7,68.68,69.21866667
50.5,80.8,80.8,86.86,80.8,95.95,62.62,55.55,67.67,72.72,89.89,94.94,85.85,82.82,65.65,76.89466667
54.54,50.5,74.74,99.99,86.86,58.58,77.77,95.95,55.55,76.76,73.73,61.61,71.71,80.8,80.8,73.326
95.95,58.58,84.84,56.56,50.5,89.89,56.56,94.94,56.56,62.62,76.76,73.73,90.9,68.68,85.85,73.528
69.69,74.74,87.87,99.99,76.76,83.83,86.86,84.84,98.98,62.62,94.94,55.55,96.96,94.94,87.87,83.76266667
93.93,66.66,98.98,83.83,71.71,85.85,74.74,58.58,60.6,92.92,61.61,68.68,70.7,64.64,94.94,76.558
95.95,92.92,88.88,52.52,75.75,88.88,76.76,75.75,62.62,51.51,97.97,59.59,52.52,72.72,84.84,75.27866667
95.95,53.53,65.65,79.79,88.88,84.84,81.81,98.98,83.83,90.9,79.79,64.64,56.56,67.67,77.77,78.03933333
54.54,92.92,58.58,76.76,96.96,54.54,93.93,65.65,98.98,50.5,83.83,54.54,77.77,84.84,97.97,76.154
55.55,67.67,55.55,66.66,63.63,97.97,99.99,68.68,85.85,54.54,71.71,58.58,67.67,55.55,78.78,69.892
74.74,85.85,95.95,62.62,98.98,70.7,68.68,95.95,98.98,53.53,96.96,72.72,82.82,85.85,97.97,82.82
55.55,90.9,66.66,72.72,65.65,57.57,64.64,72.72,93.93,90.9,89.89,69.69,85.85,71.71,99.99,76.558
67.67,89.89,65.65,53.53,82.82,70.7,83.83,75.75,69.69,62.62,63.63,58.58,78.78,65.65,62.62,70.094
81.81,81.81,84.84,96.96,58.58,73.73,81.81,57.57,73.73,77.77,58.58,68.68,53.53,81.81,53.53,72.316
56.56,54.54,53.53,92.92,66.66,97.97,51.51,54.54,87.87,90.9,54.54,85.85,90.9,58.58,96.96,72.922
53.53,76.76,99.99,70.7,53.53,91.91,86.86,81.81,82.82,73.73,68.68,76.76,86.86,51.51,96.96,76.82733333
75.75,97.97,77.77,97.97,93.93,93.93,53.53,72.72,97.97,71.71,55.55,81.81,73.73,85.85,84.84,81.002
67.67,80.8,75.75,85.85,55.55,81.81,76.76,64.64,89.89,72.72,79.79,99.99,60.6,54.54,88.88,75.68266667
71.71,74.74,59.59,69.69,77.77,66.66,57.57,83.83,61.61,64.64,77.77,71.71,62.62,74.74,97.97,71.508
65.65,74.74,75.75,97.97,67.67,86.86,80.8,90.9,89.89,98.98,67.67,89.89,67.67,56.56,70.7,78.78
73.73,71.71,92.92,84.84,61.61,59.59,76.76,72.72,56.56,94.94,99.99,88.88,72.72,98.98,59.59,77.70266667
71.71,60.6,54.54,87.87,83.83,80.8,65.65,64.64,69.69,55.55,73.73,79.79,76.76,74.74,79.79,71.97933333
56.56,60.6,66.66,51.51,95.95,62.62,95.95,53.53,91.91,85.85,90.9,68.68,70.7,87.87,83.83,74.87466667
53.53,50.5,70.7,67.67,64.64,50.5,85.85,71.71,75.75,85.85,63.63,61.61,62.62,91.91,50.5,67.13133333
99.99,78.78,73.73,74.74,99.99,74.74,83.83,83.83,83.83,98.98,66.66,61.61,93.93,79.79,69.69,81.608
85.85,55.55,74.74,54.54,78.78,53.53,62.62,85.85,51.51,59.59,89.89,65.65,77.77,65.65,91.91,70.22866667
85.85,68.68,61.61,92.92,89.89,82.82,71.71,59.59,90.9,89.89,58.58,91.91,62.62,74.74,98.98,78.71266667
76.76,61.61,64.64,81.81,73.73,73.73,57.57,79.79,67.67,56.56,50.5,89.89,78.78,91.91,94.94,73.326
53.53,69.69,67.67,81.81,55.55,99.99,82.82,76.76,56.56,76.76,52.52,85.85,75.75,57.57,67.67,70.7
97.97,50.5,92.92,62.62,90.9,51.51,80.8,64.64,64.64,98.98,93.93,83.83,76.76,71.71,92.92,78.30866667
94.94,51.51,61.61,92.92,92.92,53.53,60.6,76.76,94.94,97.97,96.96,82.82,76.76,69.69,65.65,77.972
82.82,55.55,82.82,77.77,51.51,67.67,55.55,76.76,77.77,62.62,70.7,61.61,52.52,95.95,72.72,69.62266667
69.69,88.88,84.84,94.94,64.64,76.76,90.9,60.6,66.66,66.66,61.61,59.59,58.58,71.71,89.89,73.73
55.55,85.85,54.54,71.71,81.81,77.77,69.69,78.78,70.7,65.65,58.58,92.92,85.85,64.64,85.85,73.326
70.7,53.53,91.91,92.92,63.63,74.74,96.96,77.77,73.73,66.66,57.57,61.61,91.91,97.97,57.57,75.27866667
82.82,79.79,92.92,55.55,83.83,88.88,81.81,53.53,60.6,56.56,51.51,69.69,96.96,64.64,72.72,72.78733333
61.61,69.69,62.62,69.69,82.82,58.58,72.72,74.74,57.57,52.52,64.64,84.84,63.63,84.84,88.88,69.95933333
62.62,98.98,96.96,86.86,57.57,61.61,66.66,85.85,71.71,98.98,65.65,54.54,97.97,62.62,73.73,76.154
91.91,76.76,56.56,53.53,68.68,66.66,76.76,80.8,67.67,73.73,51.51,61.61,84.84,90.9,63.63,71.03666667
92.92,90.9,61.61,60.6,65.65,53.53,83.83,84.84,80.8,69.69,94.94,76.76,58.58,90.9,75.75,76.08666667
68.68,69.69,93.93,50.5,83.83,53.53,91.91,50.5,87.87,84.84,95.95,85.85,85.85,97.97,76.76,78.51066667
89.89,99.99,85.85,67.67,75.75,70.7,84.84,70.7,76.76,96.96,88.88,51.51,74.74,78.78,77.77,79.386
57.57,56.56,72.72,54.54,95.95,75.75,52.52,75.75,85.85,81.81,50.5,72.72,57.57,79.79,73.73,69.55533333
57.57,98.98,90.9,50.5,63.63,77.77,53.53,94.94,74.74,85.85,87.87,74.74,51.51,84.84,82.82,75.346
74.74,51.51,96.96,91.91,97.97,79.79,69.69,93.93,51.51,50.5,88.88,76.76,56.56,68.68,51.51,73.39333333
79.79,68.68,87.87,88.88,51.51,99.99,80.8,67.67,75.75,72.72,50.5,52.52,65.65,88.88,65.65,73.124
86.86,88.88,68.68,64.64,97.97,50.5,69.69,96.96,95.95,84.84,82.82,70.7,90.9,59.59,54.54,77.568
88.88,91.91,58.58,52.52,88.88,71.71,55.55,79.79,91.91,74.74,51.51,78.78,59.59,94.94,60.6,73.326
63.63,57.57,82.82,60.6,58.58,96.96,81.81,52.52,94.94,76.76,79.79,81.81,97.97,77.77,74.74,75.88466667
76.76,73.73,86.86,92.92,66.66,66.66,69.69,98.98,67.67,93.93,57.57,98.98,67.67,82.82,75.75,78.44333333
82.82,84.84,62.62,92.92,82.82,67.67,61.61,68.68,65.65,99.99,54.54,67.67,95.95,77.77,66.66,75.48066667
66.66,92.92,86.86,67.67,89.89,99.99,76.76,54.54,95.95,77.77,92.92,75.75,61.61,82.82,86.86,80.598
50.5,97.97,53.53,59.59,65.65,84.84,96.96,51.51,97.97,91.91,87.87,99.99,64.64,57.57,94.94,77.02933333
78.78,75.75,99.99,56.56,90.9,68.68,79.79,55.55,59.59,94.94,59.59,64.64,51.51,73.73,94.94,73.66266667
80.8,71.71,56.56,89.89,56.56,84.84,65.65,60.6,87.87,96.96,63.63,59.59,82.82,67.67,50.5,71.71
68.68,76.76,77.77,79.79,87.87,67.67,82.82,69.69,85.85,65.65,93.93,92.92,54.54,67.67,57.57,75.27866667
52.52,89.89,98.98,72.72,84.84,60.6,99.99,61.61,63.63,85.85,62.62,62.62,58.58,69.69,80.8,73.66266667
87.87,87.87,63.63,64.64,95.95,96.96,73.73,95.95,67.67,54.54,88.88,83.83,86.86,98.98,67.67,81.002
66.66,82.82,62.62,68.68,57.57,93.93,78.78,98.98,83.83,55.55,92.92,52.52,97.97,94.94,97.97,79.04933333
91.91,77.77,79.79,90.9,59.59,53.53,52.52,95.95,64.64,53.53,56.56,94.94,87.87,98.98,93.93,76.82733333
67.67,64.64,63.63,91.91,66.66,50.5,79.79,83.83,85.85,93.93,75.75,84.84,82.82,67.67,53.53,74.20133333
51.51,69.69,81.81,88.88,53.53,99.99,90.9,79.79,90.9,95.95,52.52,52.52,83.83,57.57,85.85,75.68266667
84.84,77.77,78.78,83.83,74.74,74.74,72.72,80.8,66.66,97.97,99.99,74.74,66.66,77.77,62.62,78.30866667
99.99,56.56,71.71,55.55,72.72,94.94,99.99,62.62,57.57,97.97,96.96,65.65,88.88,64.64,92.92,78.578
74.74,87.87,71.71,80.8,50.5,59.59,54.54,62.62,94.94,67.67,86.86,75.75,75.75,70.7,97.97,74.134
98.98,73.73,78.78,75.75,66.66,84.84,59.59,66.66,56.56,96.96,93.93,75.75,80.8,70.7,82.82,77.50066667
73.73,54.54,88.88,72.72,94.94,69.69,74.74,82.82,94.94,52.52,76.76,90.9,81.81,98.98,55.55,77.568
90.9,88.88,76.76,68.68,79.79,67.67,61.61,94.94,75.75,93.93,62.62,53.53,88.88,67.67,83.83,77.02933333
82.82,61.61,75.75,76.76,97.97,86.86,89.89,83.83,79.79,76.76,81.81,73.73,88.88,55.55,50.5,77.50066667
61.61,71.71,53.53,89.89,58.58,93.93,71.71,93.93,81.81,86.86,90.9,99.99,84.84,85.85,52.52,78.51066667
78.78,64.64,89.89,89.89,79.79,74.74,64.64,90.9,87.87,82.82,60.6,90.9,58.58,83.83,80.8,78.578
54.54,61.61,72.72,83.83,92.92,93.93,88.88,82.82,98.98,93.93,97.97,84.84,62.62,79.79,52.52,80.12666667
54.54,74.74,74.74,61.61,96.96,73.73,80.8,91.91,64.64,74.74,60.6,96.96,78.78,64.64,86.86,75.75
78.78,99.99,75.75,92.92,61.61,96.96,68.68,64.64,90.9,86.86,67.67,73.73,81.81,52.52,81.81,78.30866667
78.78,55.55,92.92,96.96,54.54,86.86,68.68,97.97,73.73,65.65,70.7,78.78,93.93,84.84,72.72,78.174
80.8,63.63,87.87,62.62,50.5,98.98,99.99,85.85,63.63,73.73,66.66,61.61,98.98,85.85,97.97,78.578
67.67,52.52,57.57,69.69,86.86,80.8,56.56,93.93,88.88,55.55,50.5,85.85,72.72,54.54,83.83,70.498
65.65,71.71,77.77,69.69,90.9,53.53,76.76,75.75,73.73,60.6,98.98,54.54,63.63,64.64,52.52,70.02666667
74.74,78.78,67.67,81.81,85.85,52.52,71.71,55.55,67.67,53.53,78.78,91.91,61.61,75.75,93.93,72.78733333
57.57,83.83,51.51,83.83,92.92,63.63,50.5,62.62,69.69,65.65,76.76,71.71,76.76,62.62,82.82,70.16133333
76.76,87.87,65.65,64.64,69.69,95.95,56.56,85.85,67.67,97.97,58.58,74.74,75.75,79.79,70.7,75.21133333
52.52,62.62,96.96,97.97,53.53,78.78,69.69,92.92,53.53,74.74,88.88,69.69,97.97,50.5,51.51,72.78733333
67.67,68.68,85.85,64.64,86.86,68.68,77.77,64.64,80.8,95.95,86.86,96.96,57.57,78.78,77.77,77.29866667
65.65,92.92,50.5,55.55,56.56,53.53,70.7,86.86,62.62,94.94,70.7,50.5,86.86,57.57,83.83,69.286
74.74,63.63,95.95,87.87,51.51,69.69,80.8,73.73,85.85,81.81,86.86,66.66,83.83,63.63,78.78,76.356
74.74,81.81,95.95,86.86,54.54,67.67,74.74,68.68,74.74,75.75,63.63,59.59,70.7,92.92,50.5,72.85466667
57.57,79.79,59.59,66.66,79.79,56.56,91.91,84.84,87.87,74.74,97.97,69.69,63.63,59.59,77.77,73.86466667
83.83,69.69,67.67,85.85,51.51,76.76,61.61,82.82,90.9,85.85,67.67,58.58,76.76,89.89,90.9,76.01933333
94.94,83.83,68.68,55.55,61.61,63.63,57.57,61.61,77.77,60.6,73.73,56.56,55.55,82.82,83.83,69.21866667
61.61,78.78,95.95,77.77,94.94,72.72,74.74,69.69,70.7,83.83,95.95,62.62,53.53,68.68,67.67,75.27866667
94.94,88.88,63.63,97.97,54.54,72.72,70.7,77.77,53.53,61.61,92.92,85.85,67.67,77.77,89.89,76.69266667
64.64,88.88,59.59,96.96,99.99,87.87,77.77,59.59,82.82,77.77,62.62,76.76,81.81,71.71,55.55,76.28866667
93.93,85.85,59.59,50.5,94.94,93.93,99.99,55.55,97.97,92.92,80.8,76.76,52.52,66.66,62.62,77.63533333
91.91,90.9,95.95,61.61,63.63,95.95,52.52,68.68,79.79,71.71,53.53,94.94,61.61,53.53,59.59,73.05666667
85.85,99.99,73.73,50.5,89.89,61.61,80.8,97.97,89.89,91.91,63.63,75.75,80.8,94.94,93.93,82.07933333
90.9,97.97,62.62,61.61,93.93,55.55,90.9,75.75,58.58,75.75,56.56,76.76,90.9,86.86,84.84,77.29866667
76.76,88.88,85.85,73.73,81.81,92.92,85.85,84.84,67.67,61.61,78.78,74.74,65.65,56.56,69.69,76.356
82.82,82.82,76.76,94.94,78.78,70.7,66.66,54.54,66.66,54.54,60.6,67.67,63.63,76.76,92.92,72.72
50.5,88.88,81.81,50.5,79.79,53.53,51.51,97.97,99.99,51.51,54.54,87.87,54.54,52.52,52.52,67.19866667
94.94,50.5,81.81,64.64,81.81,84.84,79.79,67.67,64.64,60.6,52.52,82.82,86.86,78.78,58.58,72.72
55.55,56.56,86.86,99.99,66.66,78.78,52.52,94.94,75.75,86.86,86.86,90.9,93.93,97.97,88.88,80.86733333
71.71,73.73,94.94,76.76,54.54,78.78,63.63,78.78,89.89,86.86,60.6,76.76,59.59,99.99,54.54,74.74
85.85,76.76,82.82,75.75,55.55,63.63,56.56,78.78,68.68,61.61,74.74,69.69,59.59,82.82,58.58,70.094
78.78,61.61,98.98,65.65,74.74,84.84,52.52,94.94,85.85,89.89,54.54,95.95,91.91,86.86,66.66,78.91466667
58.58,98.98,81.81,89.89,94.94,59.59,66.66,50.5,74.74,96.96,58.58,51.51,91.91,89.89,70.7,75.68266667
63.63,61.61,59.59,79.79,84.84,80.8,76.76,75.75,98.98,86.86,74.74,82.82,99.99,58.58,64.64,76.62533333
52.52,93.93,51.51,91.91,52.52,69.69,50.5,74.74,56.56,82.82,56.56,78.78,78.78,69.69,55.55,67.73733333
89.89,83.83,92.92,53.53,99.99,81.81,89.89,59.59,74.74,95.95,68.68,76.76,62.62,94.94,58.58,78.91466667
53.53,64.64,98.98,57.57,62.62,99.99,76.76,89.89,82.82,90.9,55.55,81.81,53.53,96.96,94.94,77.366
86.86,81.81,50.5,60.6,97.97,69.69,93.93,75.75,72.72,63.63,59.59,63.63,78.78,91.91,74.74,74.80733333
66.66,76.76,99.99,98.98,93.93,63.63,63.63,70.7,92.92,57.57,50.5,60.6,86.86,77.77,52.52,74.20133333
68.68,59.59,86.86,70.7,99.99,95.95,62.62,51.51,74.74,89.89,82.82,80.8,62.62,91.91,78.78,77.164
92.92,85.85,83.83,83.83,92.92,99.99,89.89,59.59,90.9,71.71,71.71,81.81,96.96,69.69,99.99,84.77266667
96.96,85.85,82.82,68.68,81.81,75.75,61.61,55.55,95.95,86.86,67.67,60.6,64.64,71.71,92.92,76.62533333
72.72,53.53,89.89,86.86,95.95,54.54,55.55,68.68,65.65,91.91,72.72,73.73,78.78,76.76,55.55,72.85466667
56.56,84.84,65.65,98.98,81.81,70.7,92.92,87.87,68.68,75.75,64.64,84.84,84.84,57.57,70.7,76.42333333
92.92,58.58,50.5,79.79,55.55,57.57,96.96,84.84,75.75,76.76,81.81,61.61,96.96,68.68,50.5,72.58533333
55.55,58.58,89.89,78.78,60.6,99.99,68.68,87.87,73.73,78.78,63.63,55.55,55.55,60.6,88.88,71.77733333
86.86,78.78,54.54,51.51,61.61,64.64,88.88,91.91,79.79,53.53,78.78,88.88,66.66,95.95,87.87,75.346
97.97,62.62,57.57,58.58,95.95,89.89,81.81,85.85,82.82,65.65,97.97,78.78,54.54,68.68,84.84,77.568
80.8,85.85,77.77,63.63,75.75,66.66,61.61,51.51,87.87,96.96,55.55,62.62,58.58,73.73,67.67,71.104
68.68,50.5,89.89,75.75,90.9,50.5,55.55,88.88,58.58,92.92,68.68,60.6,59.59,79.79,89.89,72.04666667
71.71,75.75,82.82,93.93,63.63,72.72,56.56,72.72,53.53,84.84,73.73,75.75,96.96,68.68,89.89,75.548
64.64,89.89,56.56,68.68,57.57,61.61,83.83,90.9,94.94,95.95,52.52,79.79,96.96,57.57,84.84,75.75
66.66,74.74,73.73,54.54,99.99,87.87,87.87,76.76,71.71,57.57,60.6,79.79,51.51,65.65,88.88,73.19133333
56.56,54.54,73.73,57.57,76.76,80.8,74.74,66.66,92.92,66.66,74.74,93.93,53.53,70.7,91.91,72.38333333
81.81,72.72,54.54,62.62,57.57,73.73,93.93,98.98,87.87,57.57,70.7,93.93,71.71,92.92,63.63,75.61533333
90.9,74.74,72.72,89.89,79.79,85.85,91.91,97.97,77.77,75.75,86.86,53.53,68.68,74.74,56.56,78.51066667
54.54,57.57,91.91,56.56,92.92,98.98,68.68,60.6,64.64,74.74,94.94,64.64,56.56,88.88,53.53,71.97933333
82.82,88.88,63.63,69.69,79.79,53.53,82.82,96.96,60.6,53.53,91.91,95.95,73.73,64.64,52.52,74.06666667
89.89,83.83,70.7,77.77,56.56,99.99,87.87,50.5,81.81,85.85,75.75,53.53,56.56,91.91,79.79,76.154
90.9,89.89,57.57,60.6,66.66,75.75,64.64,68.68,79.79,57.57,69.69,77.77,73.73,61.61,80.8,71.71
78.78,86.86,71.71,99.99,72.72,51.51,89.89,87.87,58.58,53.53,69.69,94.94,92.92,89.89,55.55,76.962
61.61,98.98,73.73,89.89,61.61,92.92,60.6,51.51,70.7,93.93,78.78,50.5,77.77,81.81,73.73,74.538
72.72,55.55,71.71,65.65,84.84,83.83,81.81,98.98,99.99,70.7,58.58,80.8,59.59,81.81,68.68,75.68266667
63.63,89.89,56.56,56.56,71.71,83.83,60.6,77.77,83.83,78.78,80.8,56.56,66.66,96.96,64.64,72.58533333
97.97,84.84,52.52,71.71,57.57,50.5,97.97,87.87,55.55,71.71,89.89,57.57,62.62,86.86,81.81,73.79733333
80.8,98.98,52.52,74.74,87.87,53.53,77.77,81.81,52.52,63.63,65.65,93.93,97.97,55.55,68.68,73.73
76.76,98.98,69.69,62.62,68.68,86.86,76.76,61.61,85.85,77.77,63.63,79.79,91.91,84.84,61.61,76.49066667
59.59,76.76,90.9,66.66,86.86,81.81,93.93,51.51,89.89,96.96,60.6,79.79,78.78,50.5,59.59,74.942
87.87,74.74,77.77,92.92,51.51,59.59,79.79,91.91,51.51,63.63,97.97,63.63,61.61,82.82,53.53,72.72
60.6,65.65,57.57,60.6,59.59,72.72,82.82,58.58,54.54,88.88,88.88,97.97,74.74,86.86,69.69,71.97933333
73.73,73.73,82.82,62.62,57.57,98.98,94.94,83.83,86.86,53.53,64.64,75.75,88.88,73.73,56.56,75.21133333
55.55,97.97,63.63,83.83,70.7,62.62,74.74,64.64,50.5,81.81,64.64,67.67,59.59,66.66,89.89,70.296
63.63,69.69,96.96,85.85,50.5,88.88,51.51,67.67,58.58,83.83,92.92,92.92,58.58,69.69,72.72,73.59533333
83.83,61.61,71.71,54.54,83.83,70.7,97.97,74.74,79.79,55.55,90.9,97.97,78.78,65.65,83.83,76.76
96.96,50.5,56.56,86.86,53.53,62.62,75.75,95.95,88.88,75.75,80.8,83.83,82.82,51.51,71.71,74.26866667
96.96,65.65,97.97,75.75,90.9,75.75,68.68,61.61,52.52,97.97,69.69,85.85,70.7,60.6,68.68,75.952
62.62,92.92,62.62,50.5,65.65,65.65,91.91,73.73,58.58,58.58,96.96,98.98,87.87,53.53,64.64,72.316
91.91,78.78,60.6,68.68,96.96,84.84,87.87,69.69,92.92,90.9,57.57,71.71,84.84,69.69,83.83,79.386
57.57,55.55,53.53,61.61,81.81,98.98,62.62,88.88,94.94,88.88,71.71,55.55,80.8,80.8,66.66,73.326
54.54,95.95,80.8,99.99,77.77,88.88,57.57,59.59,72.72,99.99,94.94,93.93,71.71,85.85,70.7,80.32866667
90.9,73.73,87.87,64.64,55.55,54.54,88.88,80.8,53.53,83.83,89.89,85.85,62.62,91.91,70.7,75.68266667
86.86,61.61,57.57,71.71,89.89,63.63,64.64,73.73,86.86,71.71,71.71,95.95,50.5,83.83,69.69,73.326
52.52,74.74,69.69,79.79,76.76,79.79,89.89,76.76,66.66,76.76,91.91,99.99,96.96,77.77,65.65,78.376
81.81,69.69,94.94,65.65,67.67,59.59,84.84,66.66,67.67,83.83,92.92,94.94,93.93,95.95,96.96,81.13666667
76.76,59.59,83.83,61.61,79.79,65.65,67.67,80.8,67.67,55.55,91.91,65.65,76.76,50.5,97.97,72.114
88.88,74.74,59.59,97.97,81.81,69.69,81.81,74.74,69.69,84.84,70.7,76.76,64.64,93.93,77.77,77.83733333
78.78,67.67,89.89,81.81,62.62,83.83,90.9,64.64,53.53,73.73,77.77,73.73,59.59,61.61,81.81,73.46066667
55.55,82.82,96.96,64.64,58.58,99.99,96.96,67.67,75.75,91.91,73.73,62.62,56.56,97.97,54.54,75.75
67.67,62.62,71.71,83.83,51.51,51.51,68.68,79.79,89.89,68.68,87.87,62.62,98.98,55.55,84.84,72.38333333
77.77,86.86,98.98,81.81,73.73,97.97,82.82,92.92,52.52,50.5,65.65,76.76,51.51,70.7,68.68,75.27866667
78.78,57.57,91.91,73.73,61.61,60.6,94.94,75.75,54.54,66.66,89.89,93.93,84.84,85.85,61.61,75.48066667
88.88,71.71,80.8,50.5,95.95,67.67,51.51,70.7,74.74,93.93,64.64,73.73,99.99,50.5,65.65,73.39333333
97.97,67.67,53.53,87.87,58.58,55.55,75.75,96.96,63.63,81.81,52.52,50.5,89.89,61.61,95.95,72.65266667
69.69,90.9,65.65,68.68,50.5,56.56,64.64,64.64,97.97,65.65,70.7,55.55,81.81,71.71,75.75,70.02666667
91.91,92.92,64.64,87.87,82.82,75.75,53.53,84.84,95.95,64.64,51.51,95.95,55.55,93.93,67.67,77.29866667
74.74,56.56,77.77,97.97,61.61,62.62,53.53,75.75,78.78,67.67,63.63,56.56,85.85,78.78,68.68,70.7
63.63,89.89,83.83,62.62,99.99,81.81,64.64,67.67,86.86,52.52,93.93,98.98,53.53,71.71,81.81,76.89466667
53.53,61.61,63.63,53.53,82.82,50.5,52.52,80.8,67.67,82.82,65.65,63.63,91.91,77.77,96.96,69.69
63.63,79.79,71.71,85.85,99.99,67.67,72.72,94.94,77.77,62.62,68.68,91.91,64.64,53.53,69.69,75.00933333
54.54,72.72,52.52,82.82,63.63,85.85,96.96,54.54,86.86,90.9,50.5,63.63,65.65,76.76,93.93,72.78733333
78.78,75.75,78.78,61.61,84.84,75.75,75.75,68.68,76.76,98.98,71.71,60.6,91.91,89.89,76.76,77.77
65.65,94.94,80.8,87.87,74.74,70.7,77.77,90.9,99.99,70.7,66.66,70.7,82.82,81.81,54.54,78.03933333
71.71,61.61,57.57,56.56,94.94,75.75,67.67,71.71,96.96,61.61,70.7,53.53,72.72,89.89,99.99,73.528
72.72,93.93,69.69,58.58,73.73,65.65,97.97,74.74,65.65,59.59,68.68,94.94,59.59,57.57,64.64,71.84466667
96.96,73.73,80.8,62.62,58.58,63.63,86.86,98.98,82.82,60.6,99.99,97.97,59.59,69.69,81.81,78.30866667
51.51,89.89,79.79,90.9,90.9,56.56,90.9,95.95,54.54,87.87,93.93,92.92,74.74,80.8,96.96,81.87733333
96.96,58.58,51.51,53.53,67.67,51.51,50.5,71.71,52.52,95.95,63.63,91.91,91.91,68.68,52.52,67.93933333
72.72,56.56,88.88,94.94,77.77,51.51,83.83,78.78,61.61,66.66,68.68,55.55,54.54,91.91,71.71,71.71
70.7,77.77,80.8,63.63,64.64,73.73,58.58,82.82,83.83,57.57,62.62,71.71,89.89,51.51,87.87,71.84466667
69.69,75.75,65.65,82.82,92.92,64.64,99.99,76.76,50.5,98.98,77.77,88.88,96.96,57.57,73.73,78.174
61.61,89.89,94.94,80.8,78.78,89.89,92.92,83.83,57.57,87.87,67.67,78.78,75.75,95.95,84.84,81.406
85.85,72.72,83.83,76.76,92.92,54.54,82.82,65.65,99.99,97.97,51.51,59.59,58.58,53.53,68.68,73.66266667
99.99,57.57,65.65,51.51,68.68,73.73,92.92,95.95,85.85,74.74,51.51,95.95,60.6,95.95,58.58,75.27866667
68.68,76.76,98.98,70.7,82.82,95.95,56.56,80.8,70.7,55.55,96.96,60.6,67.67,83.83,80.8,76.49066667
91.91,73.73,54.54,72.72,68.68,59.59,72.72,64.64,82.82,75.75,57.57,51.51,89.89,85.85,98.98,73.39333333
72.72,66.66,91.91,80.8,56.56,95.95,67.67,78.78,67.67,76.76,59.59,90.9,76.76,95.95,55.55,75.61533333
78.78,66.66,75.75,80.8,99.99,63.63,99.99,95.95,92.92,65.65,63.63,52.52,89.89,55.55,78.78,77.366
92.92,57.57,51.51,84.84,73.73,74.74,61.61,64.64,93.93,88.88,79.79,90.9,77.77,65.65,51.51,73.99933333
59.59,63.63,57.57,71.71,74.74,75.75,71.71,70.7,55.55,87.87,93.93,58.58,92.92,69.69,54.54,70.56533333
83.83,71.71,64.64,54.54,69.69,55.55,67.67,70.7,80.8,95.95,83.83,97.97,50.5,74.74,64.64,72.45066667
50.5,80.8,53.53,77.77,50.5,50.5,67.67,82.82,71.71,53.53,54.54,96.96,82.82,75.75,89.89,69.286
51.51,56.56,70.7,71.71,86.86,99.99,72.72,78.78,67.67,88.88,76.76,91.91,65.65,85.85,89.89,77.02933333
97.97,62.62,84.84,55.55,78.78,96.96,77.77,63.63,69.69,70.7,84.84,87.87,77.77,53.53,64.64,75.144
83.83,54.54,79.79,79.79,86.86,81.81,83.83,70.7,76.76,74.74,87.87,52.52,74.74,55.55,54.54,73.19133333
65.65,83.83,97.97,84.84,62.62,71.71,70.7,77.77,75.75,86.86,86.86,53.53,62.62,72.72,92.92,76.42333333
74.74,67.67,74.74,84.84,69.69,69.69,93.93,52.52,98.98,52.52,89.89,74.74,90.9,71.71,89.89,77.09666667
56.56,78.78,93.93,77.77,56.56,66.66,69.69,73.73,85.85,64.64,79.79,72.72,65.65,94.94,74.74,74.134
88.88,59.59,92.92,74.74,64.64,58.58,96.96,92.92,92.92,99.99,82.82,57.57,63.63,52.52,96.96,78.376
65.65,50.5,76.76,95.95,79.79,69.69,98.98,75.75,51.51,63.63,99.99,96.96,78.78,78.78,81.81,77.63533333
83.83,59.59,85.85,89.89,58.58,92.92,72.72,59.59,79.79,74.74,64.64,61.61,56.56,63.63,64.64,71.23866667
78.78,94.94,95.95,71.71,91.91,88.88,56.56,79.79,58.58,94.94,53.53,69.69,72.72,69.69,56.56,75.61533333
65.65,91.91,65.65,67.67,86.86,62.62,96.96,75.75,50.5,65.65,77.77,63.63,75.75,75.75,93.93,74.40333333
79.79,87.87,91.91,73.73,96.96,66.66,58.58,96.96,94.94,98.98,87.87,57.57,60.6,80.8,89.89,81.54066667
57.57,70.7,69.69,53.53,59.59,99.99,91.91,61.61,76.76,83.83,51.51,93.93,84.84,71.71,65.65,72.85466667
77.77,55.55,73.73,62.62,68.68,81.81,57.57,59.59,83.83,77.77,83.83,54.54,77.77,93.93,92.92,73.46066667
73.73,51.51,89.89,50.5,71.71,89.89,65.65,69.69,76.76,70.7,63.63,56.56,91.91,59.59,53.53,69.01666667
65.65,80.8,80.8,52.52,64.64,80.8,79.79,73.73,89.89,75.75,82.82,70.7,74.74,53.53,88.88,74.336
71.71,69.69,55.55,95.95,84.84,64.64,60.6,96.96,66.66,54.54,62.62,59.59,74.74,59.59,90.9,71.23866667
66.66,56.56,64.64,61.61,99.99,75.75,57.57,70.7,97.97,52.52,52.52,72.72,90.9,89.89,61.61,71.44066667
73.73,98.98,96.96,53.53,50.5,66.66,83.83,91.91,94.94,80.8,76.76,63.63,89.89,78.78,96.96,79.85733333
98.98,90.9,65.65,84.84,70.7,58.58,67.67,87.87,69.69,81.81,83.83,89.89,67.67,89.89,67.67,78.376
92.92,57.57,55.55,79.79,57.57,85.85,87.87,90.9,97.97,58.58,79.79,90.9,60.6,70.7,94.94,77.43333333
99.99,91.91,55.55,67.67,92.92,65.65,60.6,69.69,54.54,76.76,55.55,52.52,93.93,71.71,84.84,72.922
85.85,84.84,68.68,50.5,74.74,84.84,87.87,87.87,50.5,57.57,94.94,53.53,51.51,85.85,70.7,72.65266667
69.69,98.98,76.76,92.92,69.69,66.66,55.55,81.81,58.58,57.57,75.75,97.97,92.92,54.54,94.94,76.28866667
60.6,69.69,63.63,80.8,99.99,63.63,89.89,50.5,53.53,75.75,69.69,51.51,65.65,96.96,86.86,71.912
95.95,93.93,81.81,93.93,64.64,74.74,70.7,78.78,90.9,64.64,75.75,71.71,70.7,96.96,92.92,81.204
63.63,93.93,94.94,94.94,57.57,83.83,93.93,59.59,75.75,67.67,56.56,57.57,79.79,96.96,59.59,75.75
58.58,79.79,59.59,98.98,97.97,84.84,69.69,65.65,82.82,79.79,79.79,90.9,54.54,97.97,69.69,78.03933333
92.92,55.55,53.53,56.56,72.72,87.87,72.72,85.85,63.63,97.97,73.73,76.76,66.66,53.53,76.76,72.45066667
65.65,52.52,66.66,75.75,88.88,63.63,91.91,89.89,90.9,69.69,73.73,65.65,69.69,97.97,87.87,76.69266667
80.8,71.71,77.77,79.79,62.62,85.85,82.82,50.5,77.77,66.66,69.69,93.93,50.5,69.69,93.93,74.26866667
83.83,93.93,75.75,66.66,66.66,96.96,85.85,79.79,69.69,53.53,83.83,64.64,78.78,68.68,65.65,75.61533333
61.61,60.6,99.99,68.68,68.68,68.68,52.52,85.85,56.56,82.82,84.84,80.8,52.52,98.98,63.63,72.45066667
50.5,51.51,79.79,50.5,91.91,87.87,82.82,79.79,91.91,58.58,96.96,55.55,93.93,60.6,93.93,75.07666667
68.68,93.93,68.68,87.87,63.63,65.65,88.88,93.93,95.95,85.85,94.94,54.54,94.94,83.83,90.9,82.14666667
90.9,78.78,81.81,60.6,59.59,50.5,76.76,90.9,73.73,95.95,97.97,93.93,76.76,80.8,67.67,78.44333333
90.9,97.97,84.84,53.53,50.5,63.63,84.84,53.53,82.82,61.61,55.55,92.92,87.87,88.88,57.57,73.79733333
57.57,57.57,79.79,86.86,54.54,96.96,77.77,90.9,73.73,81.81,80.8,58.58,98.98,80.8,84.84,77.43333333
85.85,73.73,72.72,96.96,96.96,67.67,56.56,61.61,97.97,93.93,52.52,51.51,91.91,93.93,55.55,76.62533333
92.92,74.74,52.52,54.54,96.96,90.9,53.53,87.87,59.59,76.76,62.62,50.5,90.9,92.92,94.94,75.48066667
81.81,66.66,56.56,67.67,74.74,86.86,83.83,63.63,83.83,59.59,52.52,50.5,71.71,90.9,94.94,72.38333333
75.75,75.75,69.69,51.51,62.62,56.56,91.91,83.83,90.9,84.84,68.68,53.53,54.54,99.99,80.8,73.39333333
66.66,80.8,61.61,87.87,69.69,74.74,60.6,92.92,98.98,65.65,90.9,64.64,95.95,86.86,58.58,77.09666667
81.81,78.78,74.74,88.88,97.97,75.75,66.66,63.63,92.92,64.64,50.5,64.64,66.66,96.96,97.97,77.50066667
66.66,60.6,92.92,52.52,71.71,51.51,81.81,61.61,99.99,92.92,54.54,69.69,69.69,71.71,99.99,73.19133333
82.82,52.52,55.55,55.55,51.51,71.71,53.53,53.53,77.77,76.76,73.73,70.7,83.83,86.86,79.79,68.41066667
53.53,69.69,78.78,67.67,92.92,87.87,54.54,78.78,78.78,92.92,68.68,51.51,78.78,66.66,75.75,73.124
98.98,93.93,81.81,81.81,82.82,90.9,75.75,53.53,73.73,89.89,60.6,65.65,58.58,64.64,52.52,75.00933333
53.53,74.74,96.96,79.79,72.72,91.91,89.89,84.84,86.86,73.73,77.77,70.7,67.67,99.99,52.52,78.24133333
61.61,55.55,77.77,78.78,59.59,91.91,82.82,76.76,65.65,90.9,59.59,89.89,70.7,67.67,57.57,72.45066667
63.63,76.76,65.65,78.78,60.6,62.62,96.96,93.93,91.91,72.72,57.57,91.91,68.68,98.98,98.98,78.64533333
59.59,98.98,75.75,62.62,81.81,58.58,93.93,92.92,99.99,74.74,79.79,89.89,93.93,88.88,61.61,80.86733333
70.7,56.56,91.91,92.92,56.56,54.54,52.52,61.61,78.78,69.69,97.97,54.54,99.99,99.99,62.62,73.39333333
66.66,53.53,96.96,72.72,64.64,71.71,96.96,87.87,84.84,89.89,99.99,53.53,88.88,55.55,71.71,77.02933333
80.8,73.73,65.65,82.82,82.82,78.78,94.94,67.67,58.58,94.94,56.56,83.83,54.54,62.62,80.8,74.60533333
58.58,81.81,99.99,50.5,55.55,71.71,62.62,91.91,51.51,62.62,52.52,87.87,65.65,74.74,97.97,71.03666667
60.6,65.65,88.88,75.75,98.98,75.75,55.55,77.77,81.81,73.73,58.58,89.89,76.76,60.6,84.84,75.00933333
85.85,52.52,81.81,89.89,56.56,65.65,52.52,98.98,76.76,84.84,62.62,50.5,53.53,65.65,67.67,69.69
56.56,61.61,50.5,67.67,77.77,99.99,75.75,82.82,73.73,98.98,52.52,93.93,98.98,74.74,67.67,75.548
50.5,88.88,60.6,58.58,90.9,71.71,98.98,91.91,89.89,98.98,87.87,86.86,51.51,79.79,63.63,78.03933333
94.94,68.68,63.63,60.6,97.97,75.75,77.77,96.96,65.65,54.54,53.53,96.96,67.67,55.55,84.84,74.336
97.97,96.96,94.94,73.73,56.56,78.78,60.6,90.9,71.71,53.53,60.6,81.81,77.77,92.92,95.95,78.982
88.88,98.98,79.79,87.87,50.5,69.69,55.55,82.82,89.89,77.77,65.65,86.86,53.53,79.79,77.77,76.356
66.66,56.56,91.91,54.54,92.92,94.94,89.89,91.91,53.53,72.72,86.86,55.55,82.82,73.73,77.77,76.154
96.96,90.9,61.61,58.58,99.99,50.5,81.81,98.98,77.77,95.95,75.75,60.6,93.93,94.94,70.7,80.598
80.8,70.7,98.98,84.84,89.89,90.9,58.58,53.53,85.85,58.58,76.76,68.68,56.56,79.79,80.8,75.68266667
52.52,82.82,61.61,93.93,66.66,86.86,63.63,80.8,60.6,57.57,97.97,68.68,99.99,83.83,88.88,76.42333333
74.74,85.85,66.66,61.61,66.66,91.91,95.95,86.86,83.83,70.7,82.82,58.58,68.68,64.64,73.73,75.548
95.95,64.64,87.87,84.84,94.94,67.67,54.54,59.59,86.86,94.94,76.76,71.71,53.53,67.67,95.95,77.164
82.82,74.74,51.51,63.63,85.85,64.64,85.85,50.5,87.87,68.68,76.76,94.94,88.88,56.56,94.94,75.21133333
63.63,93.93,88.88,64.64,99.99,98.98,50.5,70.7,69.69,53.53,78.78,52.52,72.72,82.82,68.68,73.99933333
88.88,94.94,89.89,63.63,61.61,99.99,65.65,93.93,53.53,63.63,92.92,66.66,60.6,94.94,90.9,78.78
81.81,85.85,97.97,88.88,90.9,82.82,65.65,88.88,83.83,84.84,84.84,97.97,81.81,70.7,59.59,83.08933333
88.88,55.55,89.89,82.82,98.98,90.9,96.96,57.57,68.68,51.51,52.52,61.61,94.94,62.62,86.86,76.01933333
50.5,61.61,87.87,94.94,70.7,55.55,90.9,81.81,76.76,61.61,88.88,99.99,63.63,97.97,66.66,76.62533333
85.85,76.76,57.57,53.53,93.93,84.84,50.5,77.77,93.93,95.95,76.76,62.62,94.94,95.95,91.91,79.52066667
95.95,98.98,51.51,96.96,79.79,63.63,62.62,88.88,91.91,61.61,93.93,73.73,52.52,65.65,80.8,77.23133333
82.82,53.53,92.92,97.97,60.6,93.93,54.54,71.71,50.5,90.9,87.87,91.91,71.71,81.81,54.54,75.81733333
91.91,70.7,60.6,61.61,97.97,93.93,98.98,94.94,70.7,89.89,80.8,77.77,52.52,60.6,52.52,77.02933333
87.87,86.86,67.67,59.59,79.79,97.97,95.95,75.75,82.82,66.66,65.65,74.74,59.59,70.7,95.95,77.83733333
89.89,96.96,81.81,73.73,57.57,60.6,53.53,63.63,79.79,67.67,69.69,84.84,56.56,98.98,55.55,72.72
58.58,91.91,97.97,86.86,51.51,66.66,93.93,95.95,94.94,57.57,87.87,73.73,94.94,62.62,56.56,78.10666667
98.98,54.54,77.77,74.74,68.68,68.68,86.86,80.8,50.5,99.99,86.86,65.65,71.71,71.71,72.72,75.346
57.57,89.89,57.57,64.64,78.78,78.78,60.6,83.83,77.77,80.8,77.77,89.89,85.85,53.53,90.9,75.21133333
56.56,50.5,59.59,50.5,71.71,64.64,59.59,66.66,52.52,58.58,81.81,51.51,51.51,65.65,65.65,60.46533333
70.7,64.64,91.91,92.92,74.74,73.73,68.68,69.69,99.99,90.9,81.81,50.5,90.9,54.54,93.93,77.972
60.6,85.85,61.61,72.72,55.55,89.89,90.9,86.86,74.74,53.53,95.95,77.77,94.94,72.72,61.61,75.68266667
52.52,77.77,95.95,92.92,66.66,76.76,73.73,97.97,61.61,89.89,87.87,81.81,84.84,55.55,75.75,78.10666667
93.93,86.86,69.69,87.87,87.87,92.92,67.67,54.54,89.89,64.64,66.66,95.95,92.92,97.97,78.78,81.87733333
85.85,74.74,63.63,96.96,72.72,75.75,55.55,90.9,99.99,85.85,77.77,68.68,65.65,78.78,51.51,76.28866667
60.6,75.75,50.5,82.82,83.83,57.57,79.79,68.68,95.95,75.75,65.65,78.78,84.84,71.71,80.8,74.20133333
64.64,90.9,51.51,54.54,61.61,73.73,55.55,85.85,68.68,64.64,80.8,90.9,58.58,50.5,74.74,68.478
62.62,99.99,65.65,62.62,57.57,76.76,71.71,72.72,58.58,66.66,93.93,67.67,68.68,87.87,86.86,73.326
60.6,66.66,69.69,75.75,98.98,80.8,84.84,59.59,70.7,95.95,66.66,72.72,79.79,88.88,50.5,74.80733333
61.61,81.81,62.62,98.98,58.58,67.67,68.68,59.59,87.87,71.71,68.68,81.81,78.78,76.76,68.68,72.922
55.55,64.64,85.85,61.61,90.9,81.81,99.99,62.62,82.82,53.53,91.91,61.61,88.88,59.59,85.85,75.144
83.83,82.82,89.89,65.65,86.86,64.64,57.57,92.92,89.89,54.54,69.69,72.72,93.93,80.8,56.56,76.154
97.97,63.63,90.9,62.62,80.8,63.63,71.71,86.86,93.93,63.63,66.66,66.66,95.95,93.93,98.98,79.85733333
78.78,51.51,64.64,57.57,78.78,75.75,56.56,67.67,93.93,56.56,70.7,69.69,60.6,71.71,84.84,69.286
51.51,69.69,83.83,51.51,50.5,63.63,95.95,91.91,78.78,85.85,81.81,51.51,68.68,96.96,81.81,73.59533333
78.78,90.9,54.54,71.71,86.86,99.99,64.64,55.55,74.74,59.59,99.99,59.59,52.52,71.71,78.78,73.326
65.65,74.74,92.92,80.8,89.89,62.62,50.5,90.9,72.72,86.86,55.55,57.57,63.63,59.59,75.75,71.97933333
69.69,82.82,63.63,83.83,63.63,81.81,92.92,62.62,81.81,88.88,57.57,52.52,88.88,53.53,64.64,72.58533333
73.73,90.9,85.85,98.98,51.51,79.79,63.63,72.72,52.52,88.88,98.98,58.58,66.66,72.72,74.74,75.346
56.56,77.77,63.63,75.75,75.75,63.63,59.59,78.78,77.77,97.97,76.76,92.92,83.83,59.59,80.8,74.74
93.93,93.93,91.91,77.77,92.92,62.62,57.57,76.76,58.58,57.57,65.65,86.86,53.53,69.69,81.81,74.74
60.6,70.7,56.56,71.71,84.84,71.71,61.61,92.92,64.64,60.6,94.94,58.58,89.89,53.53,82.82,71.71
60.6,51.51,82.82,52.52,88.88,95.95,83.83,70.7,87.87,73.73,61.61,81.81,78.78,51.51,56.56,71.912
68.68,87.87,53.53,93.93,77.77,62.62,65.65,79.79,68.68,73.73,51.51,53.53,96.96,90.9,77.77,73.528
96.96,90.9,58.58,70.7,56.56,90.9,84.84,51.51,97.97,86.86,76.76,50.5,96.96,81.81,93.93,79.04933333
77.77,51.51,77.77,51.51,61.61,59.59,74.74,84.84,98.98,96.96,78.78,61.61,80.8,63.63,57.57,71.84466667
50.5,83.83,89.89,57.57,61.61,88.88,94.94,55.55,98.98,60.6,62.62,84.84,74.74,96.96,69.69,75.41333333
97.97,73.73,96.96,69.69,89.89,53.53,76.76,83.83,97.97,76.76,95.95,82.82,71.71,66.66,93.93,81.87733333
94.94,68.68,64.64,94.94,58.58,94.94,99.99,78.78,99.99,61.61,56.56,58.58,59.59,89.89,74.74,77.09666667
73.73,86.86,84.84,99.99,67.67,57.57,65.65,58.58,80.8,71.71,96.96,74.74,87.87,55.55,61.61,74.942
87.87,85.85,83.83,69.69,55.55,88.88,71.71,74.74,66.66,54.54,59.59,89.89,70.7,53.53,83.83,73.124
77.77,98.98,63.63,63.63,96.96,76.76,64.64,82.82,67.67,95.95,84.84,98.98,62.62,82.82,85.85,80.26133333
52.52,92.92,63.63,53.53,93.93,66.66,63.63,65.65,50.5,83.83,78.78,69.69,83.83,53.53,66.66,69.286
90.9,62.62,51.51,83.83,95.95,80.8,77.77,69.69,69.69,67.67,58.58,68.68,58.58,99.99,85.85,74.80733333
80.8,62.62,85.85,84.84,61.61,91.91,52.52,89.89,72.72,95.95,69.69,95.95,74.74,81.81,50.5,76.76
63.63,53.53,81.81,96.96,79.79,93.93,69.69,82.82,72.72,62.62,73.73,83.83,64.64,56.56,88.88,75.00933333
55.55,88.88,90.9,76.76,65.65,54.54,64.64,90.9,89.89,58.58,62.62,80.8,70.7,63.63,63.63,71.84466667
66.66,62.62,90.9,78.78,92.92,63.63,53.53,57.57,95.95,67.67,87.87,71.71,56.56,99.99,62.62,73.932
99.99,54.54,57.57,80.8,98.98,77.77,93.93,70.7,53.53,60.6,87.87,78.78,73.73,64.64,59.59,74.20133333
83.83,54.54,60.6,96.96,68.68,57.57,53.53,79.79,55.55,89.89,53.53,87.87,90.9,76.76,70.7,72.04666667
77.77,59.59,54.54,96.96,63.63,76.76,51.51,54.54,58.58,94.94,85.85,64.64,62.62,96.96,89.89,72.58533333
63.63,89.89,93.93,80.8,73.73,90.9,61.61,89.89,74.74,55.55,67.67,56.56,77.77,63.63,95.95,75.75
51.51,62.62,70.7,87.87,60.6,60.6,81.81,73.73,50.5,58.58,79.79,61.61,62.62,82.82,50.5,66.39066667
95.95,51.51,83.83,54.54,50.5,74.74,82.82,90.9,54.54,85.85,93.93,51.51,68.68,68.68,52.52,70.7
59.59,67.67,76.76,66.66,70.7,87.87,91.91,89.89,57.57,68.68,71.71,98.98,72.72,65.65,97.97,76.28866667
70.7,86.86,62.62,64.64,68.68,61.61,58.58,67.67,57.57,86.86,80.8,68.68,63.63,71.71,84.84,70.36333333
51.51,65.65,84.84,67.67,59.59,71.71,80.8,50.5,64.64,78.78,83.83,80.8,98.98,54.54,98.98,72.85466667
71.71,76.76,98.98,62.62,85.85,83.83,73.73,57.57,96.96,65.65,91.91,70.7,77.77,55.55,85.85,77.02933333
55.55,79.79,54.54,68.68,62.62,57.57,65.65,89.89,99.99,90.9,76.76,92.92,88.88,96.96,58.58,75.952
65.65,96.96,99.99,61.61,55.55,86.86,75.75,55.55,52.52,90.9,92.92,57.57,77.77,86.86,90.9,76.49066667
53.53,63.63,50.5,72.72,86.86,74.74,55.55,97.97,90.9,54.54,80.8,79.79,60.6,89.89,69.69,72.114
72.72,98.98,76.76,85.85,98.98,51.51,51.51,65.65,99.99,67.67,82.82,67.67,81.81,92.92,63.63,77.23133333
95.95,66.66,92.92,97.97,52.52,98.98,78.78,79.79,81.81,78.78,76.76,53.53,54.54,92.92,64.64,77.77
69.69,61.61,98.98,76.76,65.65,69.69,66.66,87.87,95.95,77.77,58.58,67.67,55.55,72.72,58.58,72.24866667
76.76,92.92,52.52,54.54,80.8,99.99,77.77,78.78,95.95,67.67,69.69,97.97,51.51,58.58,64.64,74.67266667
54.54,70.7,66.66,77.77,67.67,58.58,78.78,58.58,61.61,52.52,89.89,98.98,88.88,62.62,61.61,69.95933333
99.99,51.51,79.79,84.84,66.66,76.76,78.78,68.68,88.88,83.83,51.51,81.81,95.95,90.9,80.8,78.71266667
98.98,82.82,65.65,50.5,91.91,70.7,66.66,81.81,57.57,78.78,55.55,55.55,76.76,92.92,77.77,73.59533333
71.71,67.67,56.56,71.71,82.82,67.67,65.65,66.66,72.72,96.96,93.93,52.52,78.78,63.63,72.72,72.114
85.85,90.9,53.53,71.71,67.67,90.9,74.74,74.74,78.78,63.63,59.59,95.95,85.85,56.56,94.94,76.356
83.83,96.96,54.54,92.92,69.69,57.57,60.6,84.84,80.8,62.62,50.5,61.61,73.73,50.5,80.8,70.76733333
77.77,83.83,55.55,53.53,54.54,97.97,59.59,96.96,70.7,63.63,65.65,99.99,79.79,81.81,92.92,75.61533333
83.83,94.94,65.65,81.81,51.51,92.92,92.92,66.66,70.7,76.76,95.95,68.68,59.59,96.96,58.58,77.164
80.8,54.54,93.93,71.71,97.97,72.72,81.81,96.96,65.65,74.74,52.52,72.72,55.55,93.93,99.99,77.70266667
74.74,98.98,53.53,89.89,54.54,70.7,97.97,67.67,68.68,65.65,70.7,80.8,77.77,93.93,88.88,76.962
75.75,82.82,69.69,96.96,88.88,66.66,60.6,84.84,73.73,59.59,88.88,53.53,97.97,83.83,87.87,78.10666667
88.88,83.83,57.57,89.89,94.94,56.56,88.88,72.72,89.89,98.98,88.88,71.71,55.55,74.74,91.91,80.32866667
80.8,61.61,90.9,92.92,94.94,98.98,90.9,70.7,78.78,90.9,61.61,99.99,80.8,61.61,71.71,81.81
92.92,66.66,65.65,71.71,86.86,78.78,78.78,84.84,84.84,98.98,88.88,77.77,80.8,69.69,68.68,79.72266667
53.53,70.7,51.51,76.76,99.99,94.94,72.72,51.51,92.92,66.66,66.66,69.69,98.98,94.94,70.7,75.48066667
71.71,75.75,84.84,55.55,94.94,89.89,80.8,60.6,63.63,76.76,84.84,96.96,61.61,57.57,57.57,74.20133333
56.56,79.79,73.73,57.57,99.99,51.51,64.64,96.96,94.94,65.65,77.77,99.99,94.94,82.82,91.91,79.25133333
81.81,95.95,92.92,73.73,66.66,82.82,56.56,68.68,76.76,53.53,94.94,94.94,55.55,88.88,85.85,77.972
73.73,98.98,93.93,94.94,71.71,95.95,82.82,94.94,68.68,60.6,58.58,89.89,87.87,54.54,76.76,80.26133333
79.79,50.5,66.66,92.92,75.75,58.58,72.72,59.59,89.89,66.66,94.94,51.51,68.68,58.58,98.98,72.38333333
96.96,77.77,88.88,58.58,71.71,99.99,58.58,94.94,55.55,90.9,91.91,82.82,64.64,66.66,51.51,76.76
85.85,99.99,51.51,53.53,96.96,62.62,92.92,91.91,85.85,66.66,79.79,70.7,65.65,55.55,92.92,76.82733333
51.51,52.52,94.94,60.6,86.86,60.6,68.68,61.61,92.92,86.86,58.58,99.99,63.63,85.85,72.72,73.19133333
63.63,72.72,67.67,82.82,66.66,93.93,70.7,99.99,88.88,88.88,88.88,64.64,99.99,76.76,75.75,80.12666667
76.76,69.69,61.61,93.93,60.6,72.72,58.58,84.84,66.66,62.62,87.87,69.69,97.97,87.87,91.91,76.22133333
89.89,62.62,98.98,62.62,61.61,80.8,56.56,50.5,54.54,62.62,69.69,97.97,55.55,71.71,72.72,69.892
68.68,73.73,71.71,93.93,62.62,57.57,83.83,89.89,98.98,53.53,79.79,93.93,55.55,80.8,52.52,74.47066667
56.56,88.88,84.84,67.67,94.94,75.75,93.93,66.66,58.58,66.66,70.7,98.98,51.51,77.77,71.71,75.00933333
70.7,85.85,60.6,76.76,78.78,89.89,92.92,55.55,77.77,92.92,99.99,88.88,72.72,64.64,90.9,79.92466667
56.56,69.69,95.95,83.83,91.91,71.71,58.58,89.89,97.97,55.55,80.8,72.72,93.93,63.63,70.7,76.89466667
74.74,86.86,74.74,84.84,89.89,71.71,51.51,96.96,94.94,67.67,96.96,94.94,62.62,98.98,86.86,82.28133333
78.78,71.71,78.78,91.91,71.71,79.79,60.6,91.91,75.75,72.72,75.75,79.79,81.81,74.74,82.82,77.90466667
93.93,81.81,60.6,73.73,69.69,81.81,80.8,65.65,77.77,83.83,71.71,73.73,80.8,93.93,65.65,77.02933333
81.81,74.74,58.58,84.84,84.84,79.79,83.83,69.69,94.94,94.94,94.94,68.68,92.92,54.54,55.55,78.30866667
68.68,65.65,82.82,67.67,93.93,90.9,85.85,61.61,59.59,50.5,84.84,52.52,63.63,93.93,99.99,74.80733333
87.87,85.85,91.91,78.78,92.92,97.97,78.78,73.73,63.63,56.56,80.8,93.93,80.8,71.71,90.9,81.74266667
88.88,61.61,63.63,98.98,87.87,90.9,60.6,99.99,61.61,63.63,73.73,86.86,64.64,82.82,79.79,77.70266667
66.66,81.81,74.74,56.56,87.87,91.91,95.95,74.74,68.68,92.92,61.61,57.57,76.76,62.62,63.63,74.26866667
75.75,80.8,72.72,93.93,84.84,61.61,64.64,51.51,96.96,82.82,90.9,79.79,91.91,89.89,78.78,79.79
98.98,68.68,52.52,56.56,93.93,82.82,62.62,97.97,53.53,95.95,61.61,83.83,59.59,50.5,99.99,74.60533333
97.97,66.66,57.57,65.65,90.9,99.99,68.68,67.67,99.99,90.9,55.55,64.64,66.66,72.72,74.74,76.01933333
91.91,50.5,98.98,50.5,80.8,90.9,56.56,68.68,56.56,94.94,71.71,75.75,87.87,92.92,80.8,76.62533333
79.79,79.79,67.67,70.7,93.93,55.55,56.56,79.79,79.79,72.72,67.67,52.52,84.84,53.53,53.53,69.892
60.6,65.65,53.53,60.6,72.72,72.72,52.52,85.85,94.94,58.58,52.52,95.95,74.74,58.58,68.68,68.54533333
83.83,82.82,80.8,96.96,64.64,79.79,52.52,50.5,68.68,67.67,74.74,59.59,77.77,55.55,88.88,72.316
97.97,69.69,86.86,51.51,98.98,73.73,79.79,73.73,73.73,82.82,95.95,76.76,56.56,62.62,88.88,77.972
90.9,70.7,63.63,63.63,77.77,80.8,93.93,98.98,53.53,80.8,71.71,89.89,68.68,65.65,74.74,76.356
96.96,73.73,60.6,84.84,62.62,87.87,89.89,91.91,86.86,53.53,86.86,59.59,89.89,98.98,90.9,81.002
62.62,69.69,56.56,57.57,51.51,87.87,89.89,59.59,85.85,96.96,69.69,89.89,78.78,66.66,84.84,73.86466667
58.58,79.79,69.69,96.96,81.81,66.66,53.53,70.7,59.59,81.81,80.8,62.62,97.97,53.53,57.57,71.44066667
67.67,84.84,81.81,95.95,90.9,93.93,52.52,87.87,89.89,65.65,66.66,71.71,68.68,66.66,91.91,78.44333333
57.57,94.94,55.55,90.9,77.77,95.95,82.82,51.51,79.79,85.85,71.71,66.66,53.53,67.67,60.6,72.85466667
62.62,60.6,57.57,64.64,61.61,53.53,57.57,94.94,88.88,52.52,98.98,90.9,53.53,63.63,52.52,67.60266667
92.92,50.5,60.6,94.94,89.89,91.91,63.63,98.98,75.75,50.5,60.6,62.62,67.67,84.84,91.91,75.81733333
80.8,50.5,72.72,57.57,65.65,82.82,99.99,99.99,72.72,84.84,71.71,74.74,60.6,66.66,55.55,73.124
97.97,92.92,59.59,80.8,92.92,85.85,73.73,78.78,63.63,93.93,60.6,75.75,53.53,93.93,79.79,78.91466667
90.9,52.52,64.64,75.75,59.59,88.88,61.61,70.7,75.75,55.55,58.58,85.85,92.92,96.96,80.8,74.06666667
94.94,82.82,67.67,58.58,61.61,52.52,85.85,95.95,50.5,64.64,99.99,60.6,65.65,58.58,55.55,70.36333333
66.66,70.7,95.95,70.7,80.8,69.69,59.59,58.58,64.64,76.76,76.76,73.73,74.74,65.65,91.91,73.124
85.85,77.77,81.81,98.98,75.75,62.62,84.84,54.54,68.68,72.72,82.82,76.76,76.76,86.86,78.78,77.70266667
93.93,79.79,66.66,51.51,68.68,63.63,67.67,90.9,91.91,57.57,59.59,92.92,65.65,65.65,97.97,74.26866667
50.5,95.95,69.69,92.92,88.88,69.69,61.61,83.83,82.82,56.56,91.91,91.91,65.65,56.56,58.58,74.47066667
91.91,87.87,77.77,91.91,93.93,96.96,69.69,70.7,76.76,76.76,85.85,52.52,61.61,77.77,96.96,80.598
68.68,52.52,85.85,90.9,76.76,70.7,77.77,64.64,87.87,77.77,81.81,76.76,81.81,62.62,54.54,74.06666667
86.86,55.55,54.54,61.61,68.68,88.88,53.53,91.91,97.97,79.79,59.59,78.78,83.83,92.92,80.8,75.68266667
80.8,89.89,88.88,78.78,92.92,93.93,68.68,75.75,90.9,90.9,80.8,93.93,63.63,73.73,80.8,82.95466667
63.63,62.62,82.82,88.88,89.89,58.58,58.58,64.64,66.66,60.6,62.62,86.86,85.85,91.91,52.52,71.77733333
63.63,50.5,54.54,91.91,91.91,96.96,93.93,69.69,88.88,80.8,87.87,97.97,96.96,82.82,83.83,82.14666667
54.54,80.8,89.89,95.95,64.64,75.75,56.56,87.87,74.74,68.68,76.76,68.68,72.72,93.93,55.55,74.47066667
76.76,99.99,99.99,55.55,65.65,85.85,54.54,74.74,97.97,50.5,78.78,58.58,65.65,75.75,50.5,72.72
69.69,98.98,95.95,59.59,52.52,63.63,78.78,67.67,54.54,68.68,91.91,64.64,96.96,57.57,98.98,74.67266667
95.95,99.99,92.92,54.54,88.88,96.96,68.68,69.69,70.7,81.81,72.72,98.98,74.74,78.78,89.89,82.34866667
56.56,75.75,78.78,99.99,55.55,81.81,79.79,55.55,62.62,73.73,84.84,93.93,89.89,64.64,52.52,73.73
84.84,77.77,84.84,78.78,52.52,53.53,58.58,96.96,61.61,55.55,83.83,55.55,84.84,96.96,88.88,74.336
66.66,57.57,88.88,99.99,55.55,82.82,62.62,97.97,74.74,62.62,66.66,92.92,90.9,69.69,80.8,76.69266667
88.88,72.72,73.73,77.77,60.6,94.94,92.92,71.71,93.93,72.72,96.96,52.52,50.5,93.93,64.64,77.23133333
86.86,67.67,59.59,94.94,87.87,75.75,79.79,51.51,98.98,81.81,52.52,69.69,61.61,57.57,84.84,74.06666667
79.79,51.51,61.61,69.69,75.75,70.7,66.66,75.75,56.56,57.57,81.81,57.57,97.97,75.75,84.84,70.902
76.76,81.81,76.76,83.83,95.95,63.63,74.74,94.94,97.97,55.55,96.96,91.91,90.9,73.73,61.61,81.13666667
72.72,90.9,97.97,55.55,86.86,52.52,56.56,58.58,67.67,93.93,98.98,75.75,98.98,50.5,51.51,73.932
85.85,57.57,58.58,77.77,54.54,80.8,55.55,71.71,62.62,94.94,63.63,86.86,80.8,68.68,83.83,72.24866667
73.73,66.66,81.81,81.81,61.61,87.87,64.64,69.69,59.59,75.75,90.9,86.86,62.62,83.83,83.83,75.41333333
87.87,73.73,96.96,60.6,82.82,53.53,69.69,53.53,54.54,62.62,59.59,96.96,52.52,83.83,57.57,69.75733333
87.87,90.9,51.51,87.87,96.96,90.9,82.82,53.53,93.93,65.65,90.9,52.52,52.52,88.88,68.68,77.02933333
77.77,85.85,85.85,60.6,73.73,82.82,65.65,68.68,67.67,71.71,75.75,84.84,82.82,62.62,91.91,75.88466667
75.75,92.92,59.59,56.56,89.89,88.88,56.56,54.54,93.93,79.79,89.89,85.85,58.58,71.71,61.61,74.40333333
56.56,83.83,76.76,70.7,56.56,55.55,55.55,64.64,58.58,78.78,92.92,60.6,73.73,89.89,69.69,69.62266667
70.7,53.53,56.56,67.67,85.85,84.84,87.87,67.67,79.79,67.67,72.72,75.75,85.85,78.78,56.56,72.78733333
89.89,63.63,95.95,96.96,98.98,72.72,74.74,55.55,51.51,70.7,69.69,93.93,89.89,81.81,73.73,78.64533333
66.66,54.54,83.83,80.8,94.94,67.67,61.61,73.73,81.81,96.96,84.84,82.82,56.56,89.89,87.87,77.63533333
97.97,88.88,85.85,84.84,56.56,68.68,92.92,64.64,92.92,99.99,98.98,84.84,90.9,99.99,63.63,84.77266667
84.84,82.82,62.62,64.64,97.97,94.94,70.7,97.97,91.91,67.67,56.56,54.54,95.95,90.9,84.84,79.92466667
70.7,78.78,70.7,80.8,72.72,97.97,91.91,86.86,91.91,99.99,55.55,53.53,99.99,83.83,56.56,79.45333333
55.55,95.95,63.63,97.97,64.64,70.7,82.82,93.93,82.82,62.62,84.84,66.66,75.75,67.67,85.85,76.76
90.9,72.72,86.86,53.53,62.62,85.85,98.98,70.7,99.99,58.58,73.73,62.62,86.86,75.75,77.77,77.164
90.9,68.68,52.52,85.85,98.98,67.67,67.67,66.66,70.7,92.92,79.79,83.83,86.86,71.71,73.73,77.23133333
99.99,62.62,84.84,56.56,75.75,95.95,62.62,85.85,98.98,87.87,82.82,91.91,85.85,91.91,91.91,83.69533333
86.86,55.55,98.98,62.62,94.94,64.64,51.51,83.83,63.63,84.84,86.86,81.81,71.71,70.7,73.73,75.48066667
50.5,79.79,59.59,56.56,70.7,85.85,85.85,66.66,58.58,68.68,62.62,67.67,72.72,91.91,65.65,69.55533333
70.7,74.74,57.57,81.81,95.95,99.99,81.81,70.7,74.74,62.62,57.57,88.88,97.97,81.81,52.52,76.62533333
91.91,60.6,81.81,62.62,50.5,93.93,79.79,97.97,92.92,82.82,60.6,89.89,82.82,91.91,54.54,78.30866667
66.66,79.79,86.86,85.85,76.76,90.9,61.61,78.78,72.72,74.74,96.96,86.86,83.83,71.71,64.64,78.578
71.71,71.71,90.9,70.7,81.81,99.99,59.59,52.52,53.53,54.54,91.91,50.5,81.81,88.88,58.58,71.912
99.99,90.9,72.72,67.67,79.79,70.7,70.7,82.82,52.52,56.56,59.59,93.93,52.52,77.77,60.6,72.58533333
79.79,69.69,66.66,56.56,69.69,62.62,77.77,62.62,73.73,59.59,82.82,50.5,70.7,88.88,97.97,71.306
87.87,84.84,66.66,79.79,54.54,95.95,51.51,98.98,52.52,67.67,70.7,58.58,83.83,79.79,71.71,73.66266667
84.84,97.97,90.9,77.77,85.85,77.77,92.92,50.5,83.83,52.52,89.89,88.88,64.64,79.79,64.64,78.84733333
92.92,62.62,57.57,56.56,75.75,82.82,53.53,61.61,75.75,71.71,65.65,83.83,50.5,50.5,69.69,67.40066667
98.98,68.68,98.98,72.72,57.57,58.58,57.57,82.82,85.85,94.94,99.99,72.72,82.82,68.68,53.53,76.962
96.96,59.59,77.77,52.52,96.96,67.67,96.96,61.61,82.82,54.54,77.77,92.92,58.58,61.61,76.76,74.336
94.94,74.74,51.51,64.64,96.96,83.83,60.6,93.93,62.62,59.59,67.67,70.7,79.79,97.97,65.65,75.00933333
56.56,81.81,67.67,80.8,97.97,87.87,52.52,77.77,64.64,93.93,58.58,61.61,79.79,54.54,70.7,72.45066667
82.82,58.58,83.83,94.94,82.82,57.57,60.6,85.85,97.97,86.86,86.86,58.58,88.88,62.62,53.53,76.154
94.94,80.8,74.74,68.68,89.89,51.51,88.88,56.56,90.9,67.67,68.68,84.84,54.54,50.5,88.88,74.134
83.83,82.82,91.91,97.97,66.66,55.55,68.68,96.96,90.9,55.55,55.55,86.86,50.5,97.97,52.52,75.61533333
92.92,84.84,71.71,65.65,99.99,65.65,72.72,57.57,63.63,71.71,79.79,71.71,54.54,84.84,87.87,75.00933333
86.86,67.67,91.91,75.75,54.54,71.71,69.69,80.8,93.93,51.51,59.59,89.89,66.66,76.76,66.66,73.59533333
81.81,70.7,80.8,53.53,72.72,80.8,89.89,63.63,51.51,91.91,97.97,90.9,79.79,72.72,81.81,77.366
69.69,79.79,74.74,60.6,73.73,98.98,79.79,74.74,60.6,60.6,94.94,52.52,70.7,66.66,52.52,71.37333333
67.67,66.66,71.71,60.6,90.9,90.9,71.71,79.79,57.57,79.79,55.55,58.58,85.85,57.57,77.77,71.508
55.55,86.86,99.99,68.68,67.67,72.72,99.99,56.56,75.75,63.63,58.58,99.99,63.63,68.68,54.54,72.85466667
66.66,51.51,83.83,50.5,95.95,92.92,95.95,79.79,75.75,70.7,69.69,96.96,91.91,98.98,62.62,78.91466667
75.75,76.76,90.9,66.66,81.81,67.67,85.85,50.5,57.57,71.71,68.68,73.73,56.56,99.99,50.5,71.64266667
61.61,73.73,57.57,61.61,97.97,90.9,57.57,83.83,94.94,71.71,85.85,92.92,56.56,52.52,94.94,75.61533333
64.64,95.95,54.54,51.51,84.84,59.59,63.63,76.76,82.82,75.75,59.59,63.63,70.7,58.58,73.73,69.084
75.75,95.95,89.89,88.88,76.76,72.72,97.97,62.62,88.88,97.97,75.75,73.73,57.57,88.88,81.81,81.67533333
71.71,70.7,89.89,79.79,91.91,62.62,90.9,95.95,77.77,65.65,53.53,67.67,87.87,67.67,98.98,78.174
56.56,97.97,86.86,60.6,79.79,66.66,71.71,88.88,73.73,96.96,70.7,88.88,59.59,57.57,61.61,74.538
95.95,65.65,82.82,71.71,94.94,99.99,98.98,60.6,74.74,72.72,77.77,51.51,93.93,90.9,89.89,81.47333333
87.87,81.81,93.93,86.86,88.88,94.94,75.75,86.86,63.63,82.82,92.92,58.58,69.69,66.66,85.85,81.13666667
62.62,84.84,96.96,70.7,92.92,83.83,57.57,75.75,86.86,71.71,54.54,72.72,86.86,79.79,60.6,75.88466667
90.9,75.75,79.79,68.68,66.66,65.65,94.94,90.9,69.69,69.69,53.53,52.52,64.64,64.64,64.64,71.508
89.89,68.68,70.7,65.65,97.97,91.91,63.63,98.98,66.66,98.98,91.91,99.99,90.9,84.84,88.88,84.638
95.95,78.78,74.74,62.62,65.65,92.92,73.73,57.57,50.5,66.66,74.74,64.64,78.78,86.86,79.79,73.59533333
57.57,74.74,87.87,69.69,70.7,67.67,77.77,78.78,97.97,56.56,64.64,87.87,77.77,58.58,72.72,73.39333333
82.82,75.75,73.73,70.7,89.89,82.82,76.76,94.94,99.99,67.67,54.54,57.57,78.78,90.9,62.62,77.29866667
93.93,60.6,84.84,86.86,75.75,66.66,81.81,72.72,65.65,53.53,68.68,64.64,75.75,89.89,88.88,75.346
70.7,64.64,57.57,66.66,64.64,87.87,88.88,55.55,55.55,86.86,53.53,92.92,92.92,50.5,81.81,71.37333333
96.96,85.85,91.91,95.95,80.8,99.99,84.84,82.82,81.81,59.59,88.88,89.89,98.98,56.56,96.96,86.11933333
70.7,70.7,53.53,51.51,72.72,64.64,70.7,98.98,66.66,51.51,64.64,77.77,79.79,59.59,69.69,68.20866667
51.51,63.63,90.9,68.68,62.62,93.93,85.85,62.62,78.78,58.58,53.53,73.73,98.98,87.87,80.8,74.134
69.69,58.58,76.76,58.58,69.69,95.95,63.63,76.76,97.97,75.75,69.69,51.51,80.8,86.86,75.75,73.86466667
60.6,50.5,96.96,50.5,85.85,81.81,60.6,97.97,70.7,57.57,63.63,63.63,56.56,92.92,62.62,70.16133333
54.54,89.89,93.93,82.82,72.72,88.88,75.75,78.78,80.8,87.87,59.59,70.7,69.69,70.7,54.54,75.41333333
96.96,56.56,60.6,80.8,98.98,82.82,86.86,99.99,76.76,84.84,94.94,71.71,87.87,66.66,68.68,81.002
53.53,75.75,84.84,64.64,79.79,86.86,74.74,82.82,91.91,95.95,67.67,60.6,65.65,77.77,82.82,76.356
90.9,96.96,76.76,69.69,64.64,88.88,90.9,50.5,63.63,70.7,81.81,53.53,60.6,89.89,74.74,74.942
65.65,73.73,93.93,54.54,55.55,79.79,58.58,82.82,59.59,64.64,99.99,85.85,60.6,98.98,68.68,73.528
90.9,88.88,62.62,81.81,72.72,77.77,92.92,60.6,64.64,65.65,62.62,97.97,65.65,59.59,82.82,75.144
87.87,57.57,65.65,74.74,56.56,53.53,79.79,50.5,79.79,83.83,58.58,68.68,93.93,65.65,59.59,69.084
89.89,62.62,64.64,65.65,75.75,95.95,84.84,90.9,90.9,78.78,67.67,83.83,93.93,65.65,74.74,79.04933333
87.87,67.67,76.76,68.68,81.81,65.65,69.69,73.73,94.94,85.85,65.65,51.51,91.91,79.79,69.69,75.41333333
61.61,61.61,88.88,62.62,52.52,88.88,95.95,55.55,85.85,52.52,55.55,88.88,91.91,61.61,85.85,72.65266667
66.66,52.52,84.84,61.61,99.99,86.86,97.97,54.54,62.62,74.74,98.98,55.55,62.62,63.63,66.66,72.65266667
69.69,96.96,68.68,83.83,98.98,97.97,80.8,79.79,90.9,61.61,80.8,86.86,75.75,53.53,84.84,80.73266667
78.78,79.79,65.65,92.92,85.85,52.52,65.65,77.77,72.72,56.56,55.55,65.65,97.97,99.99,71.71,74.60533333
87.87,60.6,93.93,53.53,74.74,59.59,86.86,67.67,99.99,63.63,86.86,71.71,57.57,98.98,83.83,76.49066667
91.91,98.98,87.87,67.67,98.98,68.68,78.78,61.61,51.51,85.85,96.96,61.61,74.74,88.88,57.57,78.10666667
72.72,61.61,69.69,52.52,70.7,95.95,64.64,67.67,67.67,83.83,50.5,50.5,53.53,53.53,51.51,64.438
64.64,71.71,59.59,53.53,79.79,95.95,63.63,88.88,86.86,56.56,54.54,60.6,99.99,54.54,73.73,70.96933333
76.76,82.82,71.71,68.68,94.94,96.96,97.97,82.82,93.93,63.63,64.64,61.61,79.79,78.78,69.69,78.982
65.65,50.5,80.8,95.95,78.78,74.74,98.98,51.51,88.88,91.91,75.75,83.83,79.79,96.96,96.96,80.73266667
79.79,60.6,70.7,93.93,59.59,55.55,50.5,71.71,61.61,87.87,91.91,79.79,75.75,53.53,89.89,72.18133333
86.86,89.89,60.6,53.53,96.96,84.84,79.79,73.73,86.86,59.59,94.94,54.54,72.72,83.83,87.87,77.77
65.65,74.74,75.75,74.74,79.79,65.65,92.92,99.99,91.91,83.83,54.54,93.93,97.97,50.5,79.79,78.78
82.82,58.58,52.52,59.59,55.55,92.92,83.83,52.52,96.96,53.53,67.67,94.94,52.52,70.7,51.51,68.41066667
50.5,73.73,98.98,80.8,89.89,52.52,91.91,85.85,63.63,97.97,53.53,63.63,91.91,58.58,55.55,73.932
92.92,52.52,52.52,93.93,59.59,65.65,62.62,76.76,63.63,66.66,97.97,74.74,93.93,51.51,76.76,72.114
83.83,89.89,91.91,73.73,74.74,89.89,86.86,73.73,96.96,56.56,52.52,84.84,53.53,76.76,60.6,76.42333333
75.75,55.55,56.56,82.82,80.8,81.81,50.5,52.52,81.81,95.95,96.96,57.57,66.66,78.78,83.83,73.19133333
72.72,66.66,91.91,89.89,65.65,67.67,51.51,69.69,60.6,70.7,55.55,75.75,93.93,68.68,80.8,72.114
62.62,59.59,63.63,78.78,89.89,88.88,54.54,53.53,75.75,74.74,92.92,68.68,83.83,82.82,82.82,74.20133333
88.88,73.73,50.5,94.94,64.64,51.51,75.75,74.74,74.74,82.82,82.82,71.71,62.62,85.85,97.97,75.548
62.62,96.96,55.55,66.66,55.55,59.59,61.61,62.62,73.73,67.67,97.97,60.6,93.93,87.87,69.69,71.508
75.75,64.64,64.64,52.52,75.75,97.97,80.8,97.97,92.92,66.66,81.81,66.66,80.8,81.81,87.87,77.90466667
83.83,64.64,89.89,70.7,97.97,51.51,97.97,68.68,68.68,78.78,88.88,64.64,85.85,78.78,72.72,77.568
72.72,90.9,50.5,79.79,64.64,98.98,92.92,99.99,99.99,69.69,56.56,58.58,93.93,87.87,88.88,80.396
79.79,95.95,55.55,76.76,87.87,78.78,68.68,71.71,58.58,68.68,82.82,89.89,57.57,96.96,90.9,77.366
51.51,77.77,99.99,78.78,69.69,64.64,71.71,75.75,93.93,61.61,65.65,57.57,67.67,67.67,77.77,72.114
77.77,70.7,80.8,54.54,77.77,80.8,63.63,58.58,93.93,82.82,93.93,71.71,80.8,93.93,88.88,78.03933333
85.85,71.71,67.67,71.71,75.75,59.59,99.99,66.66,79.79,66.66,50.5,72.72,56.56,67.67,58.58,70.094
87.87,75.75,51.51,83.83,96.96,62.62,60.6,67.67,51.51,80.8,55.55,66.66,51.51,57.57,67.67,67.872
79.79,63.63,51.51,98.98,71.71,75.75,87.87,57.57,91.91,89.89,63.63,81.81,96.96,71.71,84.84,77.83733333
90.9,72.72,66.66,87.87,56.56,71.71,66.66,65.65,61.61,66.66,68.68,99.99,73.73,95.95,79.79,75.00933333
76.76,67.67,70.7,73.73,92.92,95.95,57.57,54.54,94.94,71.71,96.96,97.97,65.65,89.89,67.67,78.30866667
62.62,89.89,63.63,63.63,58.58,92.92,61.61,60.6,93.93,89.89,98.98,52.52,74.74,89.89,62.62,74.40333333
91.91,59.59,87.87,62.62,55.55,75.75,52.52,50.5,66.66,92.92,72.72,52.52,58.58,86.86,84.84,70.094
69.69,58.58,56.56,57.57,82.82,50.5,77.77,61.61,50.5,59.59,93.93,67.67,84.84,93.93,55.55,68.074
93.93,89.89,97.97,55.55,55.55,54.54,50.5,82.82,88.88,83.83,98.98,71.71,84.84,61.61,65.65,75.75
95.95,87.87,91.91,90.9,52.52,72.72,51.51,65.65,91.91,55.55,99.99,52.52,88.88,69.69,85.85,76.89466667
89.89,99.99,82.82,89.89,67.67,50.5,90.9,59.59,57.57,59.59,81.81,82.82,82.82,72.72,73.73,76.154
94.94,95.95,91.91,96.96,76.76,99.99,54.54,53.53,51.51,93.93,87.87,51.51,64.64,73.73,90.9,78.578
83.83,58.58,71.71,77.77,87.87,52.52,91.91,65.65,86.86,61.61,53.53,91.91,87.87,99.99,53.53,75.00933333
75.75,82.82,88.88,84.84,92.92,77.77,54.54,78.78,57.57,95.95,97.97,77.77,81.81,97.97,97.97,82.88733333
60.6,72.72,50.5,57.57,99.99,55.55,52.52,82.82,82.82,99.99,84.84,97.97,62.62,65.65,77.77,73.59533333
78.78,85.85,88.88,85.85,96.96,83.83,82.82,77.77,71.71,67.67,58.58,56.56,70.7,82.82,91.91,78.71266667
64.64,97.97,67.67,69.69,79.79,53.53,63.63,80.8,74.74,88.88,74.74,81.81,75.75,91.91,55.55,74.74
52.52,87.87,60.6,96.96,73.73,56.56,53.53,65.65,94.94,73.73,75.75,62.62,64.64,76.76,53.53,69.95933333
88.88,91.91,79.79,94.94,87.87,55.55,80.8,74.74,93.93,96.96,86.86,95.95,67.67,86.86,59.59,82.82
85.85,75.75,58.58,59.59,51.51,52.52,56.56,92.92,53.53,61.61,94.94,66.66,55.55,79.79,57.57,66.862
79.79,72.72,97.97,83.83,66.66,94.94,50.5,67.67,86.86,88.88,92.92,56.56,64.64,82.82,61.61,76.558
73.73,69.69,59.59,66.66,62.62,94.94,65.65,73.73,73.73,87.87,53.53,58.58,62.62,95.95,73.73,71.508
99.99,97.97,52.52,75.75,71.71,94.94,68.68,56.56,60.6,51.51,67.67,72.72,89.89,63.63,96.96,74.74
97.97,69.69,66.66,55.55,82.82,80.8,95.95,76.76,74.74,53.53,81.81,53.53,74.74,57.57,76.76,73.25866667
52.52,51.51,67.67,95.95,91.91,79.79,94.94,86.86,95.95,72.72,71.71,73.73,59.59,95.95,75.75,77.77
55.55,75.75,84.84,77.77,85.85,90.9,89.89,96.96,82.82,71.71,79.79,77.77,60.6,78.78,62.62,78.10666667
99.99,72.72,67.67,95.95,53.53,82.82,64.64,83.83,92.92,82.82,94.94,85.85,93.93,87.87,85.85,83.022
54.54,85.85,60.6,92.92,56.56,87.87,59.59,50.5,88.88,67.67,84.84,66.66,57.57,97.97,55.55,71.17133333
85.85,99.99,95.95,97.97,92.92,86.86,59.59,52.52,98.98,82.82,50.5,78.78,53.53,84.84,67.67,79.25133333
55.55,61.61,89.89,66.66,84.84,93.93,91.91,51.51,73.73,84.84,65.65,98.98,58.58,69.69,87.87,75.68266667
94.94,80.8,72.72,61.61,64.64,84.84,88.88,76.76,94.94,76.76,70.7,59.59,62.62,96.96,70.7,77.164
86.86,59.59,56.56,74.74,64.64,94.94,66.66,72.72,95.95,86.86,56.56,58.58,59.59,91.91,88.88,74.336
67.67,96.96,93.93,80.8,74.74,62.62,86.86,51.51,75.75,92.92,58.58,87.87,67.67,57.57,51.51,73.79733333
67.67,54.54,67.67,58.58,75.75,91.91,66.66,79.79,60.6,97.97,89.89,76.76,63.63,71.71,69.69,72.85466667
96.96,80.8,55.55,52.52,98.98,55.55,63.63,88.88,98.98,65.65,68.68,59.59,99.99,75.75,60.6,74.80733333
72.72,50.5,71.71,79.79,84.84,78.78,77.77,91.91,68.68,75.75,57.57,57.57,68.68,83.83,73.73,72.922
96.96,97.97,53.53,97.97,67.67,64.64,75.75,86.86,58.58,59.59,84.84,99.99,76.76,54.54,85.85,77.43333333
83.83,55.55,85.85,57.57,64.64,57.57,65.65,84.84,50.5,79.79,89.89,75.75,60.6,98.98,73.73,72.316
80.8,55.55,90.9,83.83,63.63,94.94,67.67,90.9,81.81,64.64,86.86,84.84,55.55,89.89,92.92,78.982
77.77,54.54,77.77,98.98,88.88,67.67,81.81,89.89,76.76,96.96,93.93,77.77,62.62,57.57,53.53,77.09666667
78.78,91.91,55.55,70.7,61.61,86.86,62.62,74.74,54.54,79.79,77.77,73.73,82.82,95.95,81.81,75.27866667
76.76,77.77,92.92,64.64,85.85,95.95,57.57,94.94,96.96,60.6,67.67,93.93,90.9,92.92,61.61,80.73266667
61.61,99.99,50.5,87.87,71.71,99.99,59.59,73.73,90.9,60.6,63.63,93.93,81.81,53.53,79.79,75.27866667
82.82,63.63,77.77,59.59,74.74,51.51,55.55,56.56,95.95,79.79,85.85,63.63,78.78,72.72,68.68,71.17133333
69.69,77.77,98.98,79.79,95.95,84.84,68.68,52.52,92.92,59.59,71.71,58.58,92.92,60.6,95.95,77.366
69.69,97.97,98.98,77.77,54.54,51.51,64.64,50.5,87.87,56.56,58.58,78.78,68.68,99.99,98.98,74.336
79.79,74.74,83.83,74.74,77.77,82.82,79.79,61.61,65.65,64.64,69.69,57.57,56.56,90.9,88.88,73.932
78.78,77.77,95.95,89.89,56.56,97.97,60.6,91.91,69.69,70.7,50.5,55.55,88.88,93.93,59.59,75.88466667
60.6,66.66,66.66,61.61,73.73,57.57,89.89,68.68,53.53,95.95,95.95,81.81,63.63,63.63,69.69,71.306
99.99,52.52,58.58,53.53,69.69,51.51,59.59,89.89,90.9,90.9,62.62,62.62,68.68,86.86,82.82,72.04666667
69.69,77.77,55.55,62.62,93.93,68.68,61.61,60.6,75.75,62.62,88.88,69.69,83.83,72.72,84.84,72.58533333
53.53,51.51,95.95,79.79,83.83,96.96,62.62,83.83,61.61,78.78,77.77,92.92,74.74,91.91,92.92,78.578
69.69,72.72,82.82,67.67,50.5,59.59,51.51,51.51,66.66,83.83,99.99,78.78,50.5,59.59,76.76,68.14133333
67.67,56.56,59.59,70.7,54.54,85.85,55.55,80.8,56.56,98.98,78.78,60.6,82.82,62.62,87.87,70.63266667
71.71,59.59,85.85,52.52,63.63,95.95,87.87,73.73,93.93,57.57,55.55,68.68,85.85,94.94,51.51,73.25866667
87.87,66.66,58.58,86.86,93.93,88.88,69.69,57.57,70.7,65.65,82.82,59.59,54.54,87.87,84.84,74.40333333
99.99,89.89,59.59,82.82,97.97,88.88,64.64,91.91,64.64,85.85,66.66,85.85,60.6,94.94,96.96,82.07933333
65.65,94.94,85.85,95.95,65.65,97.97,73.73,82.82,82.82,64.64,94.94,72.72,88.88,74.74,72.72,80.93466667
77.77,82.82,85.85,51.51,72.72,70.7,95.95,57.57,88.88,66.66,73.73,54.54,90.9,50.5,60.6,72.04666667
80.8,91.91,60.6,70.7,92.92,79.79,88.88,80.8,92.92,98.98,68.68,94.94,89.89,65.65,79.79,82.48333333
76.76,52.52,58.58,80.8,84.84,56.56,77.77,92.92,77.77,98.98,72.72,71.71,55.55,64.64,88.88,74.06666667
88.88,55.55,63.63,66.66,50.5,58.58,65.65,85.85,88.88,87.87,98.98,69.69,84.84,60.6,55.55,72.114
85.85,72.72,82.82,58.58,96.96,85.85,78.78,50.5,87.87,78.78,89.89,80.8,85.85,75.75,79.79,79.386
68.68,72.72,90.9,78.78,78.78,73.73,85.85,96.96,88.88,53.53,92.92,60.6,64.64,78.78,61.61,76.49066667
94.94,99.99,93.93,84.84,63.63,53.53,56.56,93.93,85.85,69.69,80.8,68.68,93.93,87.87,95.95,81.608
81.81,76.76,58.58,51.51,62.62,78.78,51.51,56.56,75.75,64.64,80.8,85.85,69.69,71.71,76.76,69.55533333
82.82,52.52,64.64,92.92,93.93,90.9,91.91,50.5,63.63,66.66,90.9,98.98,60.6,77.77,65.65,76.28866667
64.64,61.61,79.79,76.76,52.52,82.82,55.55,95.95,61.61,59.59,80.8,93.93,71.71,86.86,70.7,72.98933333
80.8,64.64,58.58,54.54,55.55,88.88,55.55,92.92,65.65,55.55,62.62,80.8,77.77,91.91,93.93,71.97933333
60.6,86.86,63.63,59.59,69.69,74.74,60.6,71.71,80.8,52.52,51.51,72.72,62.62,78.78,61.61,67.19866667
98.98,92.92,64.64,88.88,89.89,66.66,85.85,72.72,77.77,53.53,80.8,51.51,62.62,81.81,56.56,75.00933333
53.53,74.74,64.64,80.8,98.98,57.57,59.59,95.95,88.88,83.83,59.59,88.88,79.79,53.53,94.94,75.68266667
60.6,79.79,88.88,81.81,92.92,54.54,92.92,60.6,54.54,64.64,64.64,53.53,73.73,51.51,89.89,70.96933333
91.91,81.81,82.82,57.57,51.51,57.57,97.97,76.76,92.92,62.62,84.84,58.58,66.66,52.52,86.86,73.528
52.52,80.8,75.75,67.67,92.92,89.89,97.97,63.63,72.72,90.9,84.84,66.66,92.92,94.94,82.82,80.46333333
71.71,67.67,72.72,64.64,88.88,61.61,89.89,72.72,63.63,57.57,71.71,76.76,96.96,64.64,86.86,73.86466667
74.74,54.54,78.78,84.84,99.99,71.71,87.87,63.63,75.75,56.56,69.69,80.8,73.73,53.53,86.86,74.20133333
70.7,90.9,85.85,64.64,74.74,69.69,84.84,81.81,81.81,64.64,58.58,67.67,95.95,88.88,81.81,77.50066667
56.56,98.98,89.89,51.51,82.82,66.66,82.82,63.63,52.52,85.85,82.82,82.82,62.62,59.59,77.77,73.124
62.62,63.63,50.5,83.83,78.78,65.65,79.79,93.93,73.73,65.65,91.91,97.97,78.78,97.97,89.89,78.30866667
77.77,95.95,85.85,54.54,84.84,64.64,54.54,58.58,71.71,71.71,53.53,87.87,59.59,59.59,73.73,70.296
97.97,95.95,95.95,59.59,93.93,71.71,79.79,71.71,72.72,90.9,78.78,75.75,58.58,64.64,92.92,80.05933333
94.94,51.51,84.84,68.68,98.98,87.87,99.99,80.8,63.63,89.89,65.65,77.77,91.91,95.95,84.84,82.48333333
63.63,74.74,78.78,53.53,65.65,52.52,75.75,84.84,52.52,88.88,53.53,62.62,56.56,81.81,80.8,68.41066667
96.96,53.53,74.74,89.89,77.77,95.95,78.78,76.76,65.65,96.96,96.96,85.85,88.88,56.56,65.65,80.05933333
94.94,50.5,95.95,83.83,69.69,52.52,64.64,79.79,90.9,58.58,75.75,74.74,72.72,87.87,71.71,74.942
88.88,90.9,72.72,89.89,82.82,86.86,75.75,96.96,98.98,72.72,99.99,73.73,88.88,51.51,59.59,82.012
85.85,83.83,97.97,70.7,89.89,73.73,68.68,62.62,60.6,70.7,91.91,88.88,76.76,88.88,54.54,77.70266667
98.98,63.63,74.74,84.84,53.53,97.97,93.93,74.74,52.52,89.89,57.57,67.67,78.78,69.69,84.84,76.22133333
92.92,74.74,76.76,82.82,53.53,60.6,96.96,71.71,93.93,56.56,50.5,59.59,57.57,66.66,76.76,71.44066667
97.97,78.78,81.81,61.61,76.76,87.87,58.58,99.99,82.82,89.89,72.72,67.67,74.74,64.64,82.82,78.578
63.63,54.54,58.58,62.62,93.93,81.81,52.52,74.74,66.66,82.82,68.68,93.93,60.6,90.9,96.96,73.528
56.56,58.58,78.78,68.68,74.74,76.76,54.54,89.89,76.76,81.81,92.92,66.66,53.53,76.76,82.82,72.65266667
67.67,86.86,78.78,53.53,68.68,94.94,74.74,76.76,82.82,58.58,65.65,97.97,69.69,76.76,53.53,73.79733333
60.6,81.81,69.69,53.53,66.66,89.89,60.6,67.67,69.69,67.67,56.56,95.95,94.94,98.98,97.97,75.48066667
69.69,80.8,67.67,87.87,88.88,74.74,60.6,93.93,69.69,92.92,89.89,90.9,56.56,92.92,55.55,78.174
86.86,69.69,66.66,69.69,79.79,64.64,74.74,87.87,64.64,83.83,84.84,91.91,66.66,75.75,65.65,75.548
89.89,81.81,82.82,95.95,87.87,65.65,53.53,82.82,74.74,78.78,95.95,57.57,53.53,77.77,57.57,75.75
68.68,70.7,89.89,73.73,55.55,58.58,72.72,62.62,66.66,97.97,76.76,85.85,85.85,66.66,67.67,73.326
99.99,79.79,76.76,71.71,74.74,77.77,80.8,89.89,71.71,55.55,99.99,71.71,73.73,73.73,99.99,79.85733333
77.77,79.79,87.87,75.75,92.92,92.92,61.61,54.54,62.62,81.81,74.74,57.57,77.77,96.96,88.88,77.568
91.91,87.87,62.62,61.61,61.61,67.67,69.69,90.9,73.73,52.52,76.76,73.73,61.61,92.92,57.57,72.18133333
86.86,72.72,99.99,55.55,57.57,96.96,65.65,87.87,73.73,97.97,72.72,54.54,61.61,57.57,61.61,73.528
52.52,71.71,52.52,64.64,93.93,67.67,59.59,85.85,56.56,55.55,52.52,96.96,80.8,89.89,80.8,70.76733333
89.89,84.84,63.63,69.69,69.69,50.5,80.8,69.69,87.87,59.59,61.61,58.58,85.85,77.77,54.54,70.96933333
88.88,92.92,51.51,92.92,92.92,96.96,81.81,79.79,78.78,62.62,53.53,53.53,55.55,69.69,92.92,76.28866667
61.61,89.89,97.97,65.65,57.57,82.82,64.64,69.69,81.81,80.8,53.53,79.79,62.62,58.58,64.64,71.44066667
66.66,52.52,56.56,68.68,90.9,66.66,91.91,55.55,55.55,62.62,85.85,84.84,89.89,53.53,64.64,69.75733333
73.73,66.66,96.96,74.74,50.5,58.58,80.8,55.55,91.91,93.93,99.99,77.77,99.99,89.89,80.8,79.45333333
60.6,67.67,78.78,63.63,70.7,61.61,85.85,95.95,72.72,80.8,62.62,67.67,89.89,71.71,76.76,73.79733333
56.56,68.68,76.76,85.85,96.96,95.95,71.71,98.98,94.94,82.82,66.66,55.55,85.85,66.66,95.95,79.992
69.69,64.64,72.72,79.79,57.57,63.63,55.55,55.55,71.71,94.94,55.55,87.87,78.78,58.58,73.73,69.35333333
55.55,92.92,66.66,78.78,52.52,60.6,85.85,74.74,97.97,82.82,85.85,53.53,73.73,94.94,66.66,74.87466667
62.62,63.63,97.97,92.92,78.78,67.67,60.6,64.64,86.86,51.51,78.78,52.52,60.6,82.82,58.58,70.7
65.65,97.97,70.7,58.58,61.61,64.64,56.56,80.8,84.84,50.5,59.59,60.6,62.62,99.99,94.94,71.306
73.73,50.5,89.89,86.86,79.79,95.95,87.87,80.8,90.9,71.71,58.58,99.99,63.63,84.84,77.77,79.52066667
90.9,71.71,67.67,86.86,53.53,84.84,84.84,80.8,99.99,88.88,71.71,73.73,86.86,69.69,64.64,78.44333333
82.82,57.57,63.63,75.75,53.53,98.98,68.68,65.65,52.52,62.62,60.6,89.89,55.55,61.61,67.67,67.80466667
79.79,59.59,54.54,66.66,53.53,57.57,72.72,69.69,73.73,80.8,59.59,54.54,56.56,54.54,72.72,64.438
87.87,88.88,66.66,94.94,84.84,99.99,74.74,78.78,67.67,90.9,53.53,55.55,72.72,59.59,98.98,78.376
94.94,82.82,53.53,50.5,72.72,55.55,80.8,59.59,50.5,60.6,63.63,53.53,90.9,84.84,82.82,69.15133333
98.98,65.65,78.78,92.92,78.78,60.6,70.7,53.53,70.7,81.81,92.92,95.95,97.97,75.75,91.91,80.46333333
75.75,54.54,93.93,63.63,82.82,81.81,61.61,98.98,74.74,77.77,83.83,71.71,80.8,60.6,81.81,76.28866667
58.58,66.66,87.87,76.76,82.82,62.62,56.56,58.58,87.87,57.57,80.8,69.69,65.65,73.73,93.93,71.97933333
50.5,66.66,55.55,50.5,76.76,77.77,96.96,85.85,50.5,99.99,53.53,52.52,74.74,58.58,82.82,68.882
97.97,58.58,73.73,72.72,94.94,92.92,98.98,61.61,88.88,82.82,87.87,85.85,50.5,97.97,60.6,80.396
77.77,55.55,99.99,74.74,65.65,65.65,75.75,89.89,76.76,79.79,51.51,78.78,63.63,92.92,89.89,75.88466667
84.84,82.82,88.88,79.79,64.64,91.91,94.94,77.77,74.74,85.85,69.69,70.7,91.91,52.52,50.5,77.43333333
67.67,89.89,65.65,82.82,54.54,56.56,89.89,77.77,96.96,61.61,66.66,76.76,76.76,77.77,94.94,75.75
85.85,50.5,96.96,54.54,96.96,91.91,95.95,55.55,81.81,84.84,88.88,54.54,80.8,68.68,85.85,78.24133333
56.56,80.8,51.51,67.67,84.84,96.96,78.78,66.66,59.59,98.98,74.74,74.74,64.64,82.82,89.89,75.27866667
69.69,51.51,91.91,87.87,74.74,77.77,56.56,87.87,50.5,72.72,83.83,86.86,52.52,88.88,86.86,74.67266667
83.83,75.75,71.71,55.55,68.68,70.7,67.67,52.52,82.82,74.74,75.75,92.92,89.89,58.58,83.83,73.66266667
60.6,88.88,60.6,64.64,57.57,73.73,93.93,67.67,54.54,98.98,61.61,86.86,79.79,70.7,65.65,72.38333333
73.73,75.75,88.88,97.97,75.75,82.82,84.84,95.95,83.83,61.61,73.73,98.98,70.7,94.94,75.75,82.34866667
91.91,79.79,50.5,94.94,67.67,70.7,99.99,85.85,65.65,55.55,84.84,59.59,80.8,95.95,72.72,77.09666667
79.79,55.55,84.84,53.53,96.96,99.99,80.8,69.69,63.63,59.59,78.78,69.69,86.86,55.55,78.78,74.26866667
75.75,61.61,52.52,62.62,72.72,60.6,59.59,98.98,83.83,81.81,60.6,85.85,95.95,58.58,98.98,73.99933333
98.98,81.81,88.88,72.72,53.53,91.91,80.8,69.69,68.68,83.83,66.66,58.58,53.53,89.89,71.71,75.41333333
78.78,57.57,94.94,86.86,67.67,90.9,81.81,98.98,78.78,82.82,67.67,75.75,93.93,51.51,52.52,77.366
57.57,53.53,73.73,77.77,72.72,69.69,92.92,92.92,52.52,52.52,57.57,60.6,71.71,92.92,56.56,69.01666667
57.57,89.89,55.55,82.82,57.57,70.7,64.64,73.73,94.94,97.97,65.65,72.72,52.52,87.87,63.63,72.518
69.69,53.53,58.58,65.65,80.8,77.77,76.76,99.99,93.93,65.65,52.52,84.84,74.74,89.89,93.93,75.88466667
89.89,50.5,96.96,78.78,88.88,56.56,84.84,97.97,54.54,76.76,98.98,73.73,89.89,69.69,89.89,79.85733333
53.53,87.87,77.77,64.64,91.91,95.95,95.95,87.87,64.64,89.89,91.91,88.88,72.72,98.98,54.54,81.13666667
90.9,83.83,81.81,59.59,97.97,92.92,64.64,92.92,74.74,64.64,83.83,74.74,57.57,57.57,78.78,77.09666667
56.56,78.78,84.84,94.94,82.82,90.9,50.5,51.51,90.9,51.51,56.56,52.52,64.64,89.89,73.73,71.37333333
62.62,77.77,61.61,55.55,51.51,68.68,61.61,96.96,50.5,71.71,68.68,69.69,63.63,53.53,93.93,67.19866667
71.71,90.9,75.75,73.73,60.6,79.79,77.77,75.75,64.64,63.63,79.79,60.6,97.97,74.74,54.54,73.46066667
62.62,54.54,84.84,73.73,78.78,74.74,66.66,94.94,90.9,92.92,78.78,99.99,72.72,67.67,86.86,78.71266667
91.91,62.62,59.59,50.5,86.86,50.5,77.77,64.64,66.66,95.95,91.91,80.8,50.5,54.54,85.85,71.37333333
97.97,98.98,70.7,52.52,61.61,67.67,85.85,92.92,64.64,86.86,80.8,63.63,80.8,94.94,70.7,78.03933333
98.98,52.52,75.75,89.89,51.51,67.67,81.81,58.58,63.63,86.86,57.57,63.63,81.81,78.78,56.56,71.03666667
59.59,88.88,73.73,70.7,99.99,75.75,89.89,83.83,75.75,89.89,89.89,65.65,72.72,95.95,90.9,81.54066667
61.61,81.81,84.84,56.56,72.72,93.93,96.96,79.79,83.83,65.65,57.57,63.63,70.7,68.68,86.86,75.00933333
67.67,54.54,84.84,62.62,82.82,62.62,63.63,88.88,87.87,89.89,52.52,53.53,72.72,66.66,53.53,69.62266667
75.75,62.62,52.52,54.54,78.78,84.84,53.53,90.9,95.95,80.8,99.99,57.57,73.73,65.65,58.58,72.38333333
80.8,57.57,53.53,72.72,67.67,55.55,92.92,99.99,67.67,62.62,61.61,87.87,74.74,73.73,96.96,73.73
80.8,74.74,88.88,80.8,80.8,99.99,72.72,66.66,58.58,91.91,86.86,75.75,79.79,63.63,90.9,79.52066667
63.63,59.59,94.94,54.54,93.93,74.74,65.65,66.66,52.52,62.62,62.62,84.84,56.56,86.86,58.58,69.21866667
80.8,60.6,89.89,76.76,50.5,64.64,80.8,93.93,62.62,77.77,95.95,80.8,66.66,77.77,80.8,76.01933333
93.93,62.62,83.83,94.94,72.72,98.98,64.64,62.62,74.74,93.93,66.66,96.96,72.72,54.54,61.61,77.02933333
70.7,54.54,54.54,73.73,54.54,82.82,75.75,62.62,64.64,88.88,88.88,82.82,85.85,92.92,86.86,74.67266667
79.79,88.88,82.82,91.91,92.92,81.81,67.67,58.58,66.66,94.94,88.88,95.95,77.77,66.66,64.64,79.992
90.9,94.94,78.78,90.9,57.57,97.97,99.99,80.8,71.71,70.7,66.66,53.53,51.51,71.71,65.65,76.22133333
93.93,50.5,52.52,91.91,74.74,78.78,70.7,65.65,94.94,74.74,56.56,68.68,66.66,96.96,60.6,73.19133333
82.82,66.66,82.82,94.94,65.65,59.59,70.7,99.99,55.55,98.98,80.8,83.83,82.82,93.93,82.82,80.12666667
66.66,95.95,77.77,75.75,82.82,75.75,50.5,65.65,85.85,59.59,58.58,61.61,61.61,87.87,55.55,70.76733333
67.67,50.5,67.67,99.99,57.57,59.59,65.65,62.62,53.53,50.5,73.73,95.95,68.68,50.5,74.74,66.59266667
61.61,68.68,79.79,84.84,82.82,80.8,74.74,69.69,62.62,67.67,65.65,74.74,55.55,99.99,93.93,74.87466667
79.79,68.68,55.55,55.55,64.64,94.94,80.8,63.63,78.78,66.66,97.97,73.73,51.51,99.99,71.71,73.59533333
54.54,87.87,96.96,77.77,66.66,68.68,76.76,74.74,86.86,71.71,54.54,86.86,52.52,72.72,78.78,73.86466667
66.66,79.79,91.91,82.82,69.69,58.58,64.64,51.51,93.93,65.65,74.74,99.99,89.89,56.56,87.87,75.61533333
92.92,88.88,71.71,90.9,73.73,94.94,84.84,82.82,56.56,57.57,85.85,75.75,98.98,84.84,88.88,81.94466667
50.5,82.82,51.51,91.91,98.98,71.71,97.97,63.63,90.9,97.97,59.59,85.85,54.54,52.52,66.66,74.47066667
96.96,85.85,98.98,97.97,99.99,74.74,66.66,54.54,77.77,60.6,78.78,73.73,63.63,79.79,94.94,80.32866667
61.61,85.85,64.64,87.87,79.79,88.88,75.75,93.93,98.98,61.61,78.78,90.9,57.57,75.75,66.66,77.90466667
78.78,95.95,89.89,51.51,79.79,92.92,91.91,61.61,91.91,84.84,79.79,90.9,78.78,77.77,84.84,82.07933333
90.9,79.79,50.5,73.73,56.56,57.57,51.51,61.61,84.84,73.73,82.82,54.54,66.66,71.71,92.92,69.95933333
73.73,68.68,92.92,52.52,55.55,82.82,89.89,71.71,76.76,92.92,77.77,55.55,93.93,65.65,56.56,73.79733333
72.72,87.87,92.92,97.97,75.75,60.6,83.83,85.85,97.97,75.75,92.92,85.85,87.87,75.75,83.83,83.83
72.72,87.87,93.93,70.7,77.77,70.7,52.52,81.81,98.98,68.68,73.73,76.76,80.8,69.69,57.57,75.61533333
61.61,82.82,64.64,82.82,59.59,80.8,55.55,78.78,71.71,96.96,93.93,99.99,70.7,57.57,96.96,76.962
76.76,73.73,81.81,92.92,89.89,51.51,58.58,51.51,72.72,82.82,93.93,70.7,52.52,64.64,78.78,72.85466667
81.81,71.71,88.88,62.62,85.85,56.56,74.74,50.5,52.52,66.66,86.86,70.7,62.62,65.65,84.84,70.83466667
64.64,70.7,89.89,71.71,68.68,88.88,72.72,77.77,75.75,69.69,98.98,75.75,82.82,81.81,61.61,76.76
95.95,78.78,89.89,55.55,80.8,51.51,52.52,75.75,98.98,96.96,69.69,54.54,73.73,98.98,96.96,78.03933333
93.93,54.54,86.86,75.75,90.9,55.55,87.87,60.6,66.66,64.64,97.97,96.96,97.97,97.97,74.74,80.194
62.62,97.97,62.62,51.51,94.94,99.99,94.94,59.59,55.55,80.8,69.69,88.88,80.8,71.71,99.99,78.10666667
93.93,96.96,71.71,60.6,93.93,55.55,61.61,98.98,62.62,68.68,82.82,58.58,62.62,62.62,81.81,74.20133333
96.96,83.83,98.98,50.5,97.97,71.71,72.72,50.5,72.72,97.97,99.99,50.5,77.77,89.89,78.78,79.386
63.63,59.59,98.98,86.86,54.54,72.72,57.57,55.55,89.89,69.69,60.6,90.9,57.57,70.7,81.81,71.37333333
80.8,79.79,61.61,69.69,90.9,62.62,88.88,53.53,65.65,70.7,84.84,74.74,98.98,92.92,53.53,75.27866667
71.71,61.61,72.72,68.68,82.82,69.69,81.81,71.71,72.72,75.75,79.79,82.82,78.78,81.81,51.51,73.59533333
92.92,69.69,59.59,95.95,97.97,96.96,60.6,80.8,79.79,70.7,95.95,55.55,82.82,74.74,89.89,80.26133333
80.8,61.61,76.76,65.65,56.56,82.82,65.65,64.64,69.69,50.5,92.92,50.5,91.91,67.67,51.51,68.61266667
88.88,92.92,63.63,53.53,83.83,78.78,86.86,59.59,83.83,92.92,68.68,61.61,54.54,74.74,73.73,74.538
97.97,98.98,83.83,57.57,57.57,87.87,80.8,98.98,95.95,62.62,57.57,70.7,69.69,81.81,64.64,77.77
75.75,96.96,94.94,51.51,61.61,97.97,92.92,80.8,79.79,72.72,85.85,74.74,67.67,93.93,56.56,78.91466667
79.79,79.79,77.77,86.86,68.68,73.73,64.64,60.6,91.91,55.55,73.73,73.73,97.97,65.65,52.52,73.528
94.94,54.54,97.97,83.83,56.56,69.69,88.88,53.53,57.57,62.62,60.6,72.72,70.7,90.9,57.57,71.508
80.8,76.76,99.99,86.86,73.73,94.94,83.83,54.54,77.77,65.65,62.62,61.61,84.84,74.74,74.74,76.89466667
57.57,68.68,97.97,97.97,90.9,76.76,95.95,59.59,87.87,96.96,85.85,80.8,94.94,86.86,90.9,84.638
73.73,63.63,85.85,51.51,69.69,70.7,55.55,96.96,90.9,87.87,65.65,61.61,69.69,97.97,78.78,74.67266667
53.53,97.97,91.91,97.97,86.86,82.82,92.92,99.99,51.51,79.79,84.84,82.82,81.81,97.97,84.84,84.50333333
93.93,68.68,98.98,88.88,97.97,60.6,73.73,89.89,85.85,73.73,75.75,94.94,96.96,63.63,70.7,82.28133333
85.85,99.99,86.86,80.8,65.65,54.54,92.92,69.69,97.97,62.62,67.67,96.96,65.65,97.97,70.7,79.72266667
59.59,99.99,62.62,90.9,60.6,52.52,91.91,73.73,81.81,70.7,59.59,93.93,73.73,62.62,97.97,75.48066667
80.8,76.76,52.52,64.64,68.68,71.71,66.66,52.52,88.88,77.77,68.68,94.94,57.57,71.71,85.85,71.97933333
67.67,95.95,78.78,51.51,63.63,85.85,72.72,68.68,66.66,94.94,54.54,92.92,79.79,68.68,88.88,75.41333333
57.57,75.75,91.91,70.7,95.95,63.63,71.71,81.81,93.93,82.82,71.71,72.72,73.73,97.97,73.73,78.376
56.56,95.95,71.71,91.91,92.92,94.94,94.94,81.81,50.5,88.88,61.61,79.79,93.93,54.54,66.66,78.44333333
68.68,74.74,66.66,91.91,63.63,71.71,92.92,67.67,87.87,89.89,73.73,66.66,87.87,66.66,79.79,76.69266667
60.6,70.7,50.5,51.51,88.88,82.82,72.72,50.5,52.52,86.86,71.71,53.53,51.51,73.73,79.79,66.52533333
72.72,80.8,54.54,73.73,95.95,81.81,99.99,50.5,66.66,92.92,64.64,54.54,63.63,97.97,66.66,74.47066667
93.93,98.98,97.97,83.83,72.72,67.67,75.75,63.63,81.81,63.63,82.82,97.97,89.89,83.83,65.65,81.33866667
87.87,81.81,63.63,56.56,53.53,52.52,68.68,81.81,55.55,84.84,66.66,82.82,53.53,80.8,66.66,69.15133333
68.68,51.51,84.84,90.9,84.84,70.7,63.63,52.52,63.63,91.91,57.57,70.7,85.85,61.61,98.98,73.19133333
61.61,69.69,64.64,74.74,96.96,77.77,60.6,78.78,66.66,70.7,53.53,70.7,59.59,55.55,50.5,67.468
64.64,76.76,63.63,82.82,71.71,71.71,89.89,69.69,60.6,97.97,81.81,90.9,92.92,96.96,75.75,79.184
77.77,80.8,56.56,65.65,71.71,70.7,51.51,69.69,72.72,77.77,77.77,89.89,82.82,50.5,98.98,72.98933333
85.85,65.65,94.94,70.7,76.76,63.63,62.62,56.56,69.69,85.85,97.97,63.63,89.89,67.67,86.86,75.88466667
63.63,78.78,96.96,62.62,67.67,50.5,53.53,55.55,67.67,87.87,73.73,72.72,96.96,90.9,76.76,73.05666667
69.69,78.78,66.66,54.54,96.96,55.55,95.95,67.67,51.51,82.82,56.56,58.58,88.88,50.5,51.51,68.41066667
52.52,51.51,83.83,93.93,75.75,51.51,86.86,57.57,85.85,65.65,93.93,97.97,57.57,55.55,89.89,73.326
76.76,72.72,70.7,95.95,87.87,53.53,83.83,66.66,89.89,57.57,65.65,96.96,53.53,88.88,70.7,75.41333333
62.62,54.54,80.8,62.62,84.84,50.5,87.87,64.64,62.62,84.84,79.79,78.78,79.79,53.53,98.98,72.45066667
85.85,74.74,80.8,51.51,87.87,78.78,62.62,90.9,84.84,85.85,63.63,80.8,92.92,69.69,80.8,78.10666667
79.79,77.77,85.85,94.94,72.72,77.77,90.9,71.71,62.62,97.97,64.64,58.58,96.96,91.91,73.73,79.85733333
60.6,77.77,70.7,74.74,82.82,81.81,89.89,56.56,82.82,66.66,96.96,51.51,65.65,70.7,70.7,73.326
89.89,87.87,73.73,82.82,51.51,61.61,67.67,51.51,66.66,77.77,83.83,52.52,88.88,95.95,65.65,73.19133333
97.97,79.79,97.97,91.91,80.8,53.53,71.71,55.55,62.62,65.65,77.77,52.52,96.96,64.64,81.81,75.41333333
77.77,80.8,62.62,62.62,67.67,69.69,88.88,70.7,72.72,81.81,59.59,59.59,62.62,60.6,98.98,71.77733333
54.54,51.51,94.94,54.54,79.79,98.98,57.57,81.81,96.96,73.73,90.9,90.9,85.85,78.78,73.73,77.63533333
72.72,74.74,83.83,53.53,71.71,77.77,59.59,62.62,90.9,53.53,53.53,76.76,64.64,85.85,63.63,69.69
73.73,98.98,98.98,95.95,58.58,95.95,94.94,55.55,77.77,95.95,60.6,53.53,65.65,62.62,93.93,78.84733333
73.73,61.61,87.87,63.63,86.86,91.91,61.61,73.73,62.62,84.84,62.62,51.51,50.5,74.74,86.86,71.64266667
61.61,67.67,97.97,80.8,94.94,91.91,83.83,79.79,56.56,91.91,60.6,83.83,59.59,87.87,93.93,79.52066667
62.62,98.98,56.56,68.68,84.84,73.73,73.73,91.91,53.53,78.78,70.7,59.59,64.64,77.77,69.69,72.38333333
87.87,61.61,70.7,79.79,61.61,59.59,78.78,54.54,55.55,57.57,81.81,57.57,71.71,74.74,74.74,68.54533333
50.5,95.95,95.95,81.81,76.76,96.96,91.91,98.98,95.95,52.52,63.63,72.72,84.84,54.54,51.51,77.63533333
87.87,89.89,89.89,88.88,71.71,63.63,71.71,89.89,50.5,74.74,64.64,81.81,52.52,85.85,85.85,76.62533333
88.88,88.88,59.59,92.92,92.92,50.5,67.67,79.79,52.52,62.62,77.77,89.89,94.94,81.81,56.56,75.81733333
80.8,64.64,99.99,77.77,81.81,52.52,80.8,72.72,51.51,95.95,92.92,56.56,62.62,82.82,65.65,74.60533333
90.9,92.92,86.86,88.88,86.86,71.71,78.78,92.92,96.96,51.51,64.64,87.87,72.72,72.72,82.82,81.27133333
64.64,69.69,96.96,54.54,80.8,73.73,58.58,96.96,57.57,50.5,78.78,67.67,83.83,66.66,72.72,71.57533333
62.62,69.69,58.58,85.85,90.9,71.71,68.68,92.92,87.87,59.59,83.83,56.56,53.53,64.64,77.77,72.316
66.66,88.88,55.55,89.89,91.91,50.5,60.6,56.56,54.54,73.73,63.63,62.62,86.86,76.76,59.59,69.21866667
58.58,59.59,72.72,56.56,58.58,96.96,63.63,51.51,84.84,84.84,55.55,95.95,86.86,99.99,55.55,72.114
73.73,71.71,52.52,57.57,62.62,70.7,77.77,85.85,96.96,70.7,89.89,58.58,82.82,98.98,80.8,75.41333333
93.93,85.85,50.5,93.93,82.82,52.52,69.69,71.71,95.95,55.55,98.98,60.6,64.64,73.73,68.68,74.60533333
54.54,91.91,87.87,89.89,96.96,67.67,79.79,86.86,82.82,54.54,95.95,59.59,82.82,57.57,90.9,78.64533333
97.97,59.59,78.78,78.78,70.7,72.72,74.74,79.79,81.81,88.88,65.65,80.8,73.73,86.86,55.55,76.42333333
98.98,66.66,72.72,51.51,56.56,54.54,68.68,81.81,75.75,78.78,89.89,96.96,77.77,92.92,84.84,76.558
61.61,63.63,89.89,87.87,65.65,82.82,60.6,81.81,95.95,91.91,62.62,94.94,56.56,52.52,67.67,74.40333333
55.55,69.69,99.99,78.78,68.68,69.69,65.65,75.75,83.83,55.55,67.67,97.97,73.73,58.58,82.82,73.59533333
66.66,69.69,80.8,68.68,98.98,72.72,64.64,59.59,71.71,98.98,95.95,53.53,60.6,62.62,90.9,74.40333333
67.67,54.54,94.94,82.82,89.89,58.58,74.74,56.56,74.74,84.84,92.92,79.79,60.6,64.64,56.56,72.922
83.83,66.66,73.73,51.51,80.8,94.94,89.89,84.84,57.57,57.57,83.83,75.75,64.64,80.8,90.9,75.81733333
57.57,54.54,80.8,96.96,66.66,68.68,58.58,53.53,65.65,77.77,74.74,97.97,78.78,98.98,65.65,73.124
71.71,78.78,73.73,73.73,65.65,74.74,67.67,90.9,96.96,64.64,95.95,52.52,63.63,96.96,74.74,76.154
88.88,89.89,65.65,83.83,74.74,61.61,81.81,52.52,78.78,85.85,63.63,70.7,54.54,55.55,82.82,72.72
55.55,60.6,93.93,58.58,68.68,50.5,51.51,65.65,85.85,66.66,68.68,82.82,86.86,83.83,84.84,70.96933333
65.65,91.91,56.56,76.76,69.69,78.78,83.83,83.83,68.68,56.56,95.95,65.65,94.94,67.67,94.94,76.76
50.5,80.8,80.8,98.98,82.82,93.93,53.53,81.81,96.96,57.57,51.51,70.7,98.98,83.83,99.99,78.84733333
68.68,99.99,74.74,52.52,97.97,70.7,79.79,89.89,53.53,89.89,93.93,83.83,94.94,82.82,91.91,81.67533333
62.62,96.96,90.9,90.9,59.59,89.89,53.53,61.61,67.67,58.58,96.96,70.7,51.51,76.76,92.92,74.74
69.69,89.89,68.68,70.7,60.6,95.95,96.96,60.6,88.88,75.75,94.94,72.72,55.55,79.79,86.86,77.83733333
87.87,76.76,89.89,63.63,52.52,99.99,77.77,88.88,68.68,89.89,76.76,51.51,96.96,83.83,68.68,78.24133333
84.84,63.63,91.91,65.65,63.63,98.98,82.82,74.74,59.59,55.55,58.58,95.95,73.73,51.51,50.5,71.44066667
60.6,65.65,72.72,98.98,61.61,72.72,83.83,81.81,90.9,52.52,51.51,69.69,74.74,54.54,99.99,72.78733333
89.89,61.61,78.78,69.69,69.69,99.99,80.8,95.95,51.51,81.81,52.52,91.91,87.87,81.81,79.79,78.24133333
92.92,80.8,64.64,84.84,86.86,94.94,52.52,84.84,69.69,51.51,68.68,94.94,65.65,82.82,53.53,75.27866667
59.59,84.84,55.55,89.89,76.76,69.69,92.92,55.55,61.61,59.59,88.88,98.98,72.72,82.82,72.72,74.80733333
72.72,69.69,88.88,75.75,72.72,55.55,53.53,98.98,77.77,76.76,69.69,75.75,98.98,70.7,71.71,75.27866667
60.6,87.87,72.72,73.73,51.51,99.99,79.79,62.62,51.51,99.99,57.57,77.77,51.51,81.81,98.98,73.86466667
85.85,51.51,76.76,90.9,50.5,63.63,64.64,59.59,69.69,71.71,68.68,51.51,79.79,72.72,86.86,69.62266667
55.55,72.72,60.6,98.98,68.68,63.63,51.51,95.95,61.61,88.88,66.66,76.76,86.86,51.51,87.87,72.518
87.87,94.94,59.59,86.86,66.66,95.95,76.76,86.86,56.56,68.68,79.79,59.59,57.57,80.8,91.91,76.69266667
50.5,68.68,59.59,61.61,73.73,82.82,64.64,79.79,52.52,95.95,58.58,98.98,93.93,80.8,92.92,74.336
81.81,67.67,92.92,74.74,85.85,73.73,53.53,82.82,52.52,71.71,76.76,58.58,95.95,92.92,68.68,75.346
68.68,85.85,91.91,51.51,56.56,86.86,97.97,98.98,75.75,69.69,87.87,58.58,79.79,62.62,58.58,75.41333333
73.73,91.91,76.76,80.8,65.65,84.84,69.69,64.64,85.85,57.57,70.7,84.84,89.89,82.82,90.9,78.03933333
89.89,96.96,99.99,76.76,59.59,80.8,70.7,79.79,56.56,75.75,70.7,77.77,74.74,71.71,77.77,77.29866667
89.89,72.72,69.69,67.67,90.9,88.88,50.5,78.78,75.75,88.88,91.91,97.97,61.61,74.74,86.86,79.11666667
67.67,72.72,87.87,89.89,84.84,69.69,54.54,64.64,68.68,80.8,85.85,89.89,85.85,68.68,77.77,76.62533333
58.58,53.53,99.99,93.93,57.57,59.59,59.59,50.5,56.56,96.96,88.88,58.58,73.73,94.94,98.98,73.46066667
85.85,54.54,85.85,71.71,99.99,75.75,61.61,51.51,77.77,76.76,86.86,58.58,58.58,77.77,70.7,72.922
81.81,93.93,77.77,82.82,67.67,91.91,90.9,78.78,65.65,50.5,72.72,91.91,78.78,74.74,72.72,78.174
66.66,87.87,94.94,56.56,83.83,62.62,86.86,88.88,65.65,98.98,55.55,96.96,70.7,89.89,94.94,80.05933333
51.51,99.99,59.59,62.62,61.61,99.99,91.91,55.55,89.89,99.99,98.98,71.71,57.57,92.92,65.65,77.29866667
73.73,67.67,58.58,98.98,83.83,57.57,82.82,97.97,89.89,94.94,99.99,58.58,97.97,95.95,92.92,83.426
55.55,73.73,78.78,68.68,84.84,91.91,72.72,75.75,62.62,77.77,84.84,52.52,91.91,51.51,91.91,74.336
89.89,80.8,54.54,77.77,56.56,55.55,76.76,88.88,67.67,66.66,50.5,84.84,90.9,61.61,69.69,71.508
67.67,94.94,66.66,69.69,98.98,60.6,89.89,54.54,50.5,52.52,68.68,67.67,94.94,93.93,95.95,75.144
61.61,60.6,84.84,97.97,82.82,56.56,86.86,75.75,85.85,80.8,54.54,84.84,84.84,65.65,72.72,75.75
66.66,75.75,96.96,99.99,61.61,70.7,92.92,84.84,71.71,54.54,66.66,87.87,83.83,66.66,58.58,75.952
82.82,82.82,60.6,55.55,88.88,91.91,52.52,52.52,68.68,97.97,84.84,73.73,66.66,95.95,80.8,75.75
92.92,89.89,85.85,61.61,53.53,73.73,54.54,68.68,56.56,91.91,64.64,60.6,61.61,50.5,91.91,70.56533333
81.81,91.91,52.52,52.52,54.54,63.63,57.57,93.93,88.88,96.96,93.93,50.5,63.63,65.65,74.74,72.18133333
83.83,60.6,70.7,84.84,80.8,69.69,74.74,93.93,79.79,74.74,79.79,52.52,76.76,85.85,53.53,74.80733333
51.51,93.93,89.89,93.93,63.63,92.92,79.79,51.51,75.75,57.57,90.9,56.56,74.74,91.91,89.89,76.962
73.73,93.93,96.96,79.79,77.77,74.74,65.65,59.59,68.68,54.54,84.84,76.76,90.9,52.52,91.91,76.154
88.88,89.89,56.56,69.69,59.59,78.78,76.76,99.99,80.8,97.97,77.77,74.74,98.98,98.98,75.75,81.67533333
62.62,93.93,92.92,84.84,56.56,96.96,57.57,70.7,77.77,86.86,90.9,55.55,65.65,71.71,60.6,75.00933333
50.5,66.66,73.73,80.8,69.69,58.58,71.71,99.99,89.89,56.56,54.54,98.98,77.77,97.97,78.78,75.07666667
97.97,82.82,79.79,99.99,66.66,99.99,95.95,69.69,83.83,78.78,77.77,72.72,96.96,85.85,65.65,83.628
52.52,64.64,91.91,83.83,73.73,91.91,57.57,94.94,83.83,71.71,89.89,52.52,69.69,53.53,83.83,74.40333333
58.58,51.51,50.5,75.75,95.95,60.6,80.8,68.68,75.75,51.51,75.75,96.96,84.84,88.88,99.99,74.40333333
55.55,50.5,51.51,70.7,87.87,94.94,81.81,84.84,60.6,67.67,85.85,88.88,59.59,60.6,78.78,71.97933333
71.71,59.59,55.55,80.8,89.89,79.79,91.91,90.9,68.68,64.64,60.6,73.73,99.99,56.56,89.89,75.61533333
70.7,53.53,80.8,75.75,77.77,69.69,91.91,87.87,75.75,66.66,78.78,63.63,69.69,65.65,89.89,74.538
93.93,51.51,87.87,75.75,93.93,60.6,59.59,86.86,74.74,74.74,99.99,70.7,90.9,70.7,61.61,76.89466667
98.98,65.65,57.57,56.56,65.65,54.54,90.9,61.61,91.91,50.5,58.58,56.56,74.74,66.66,78.78,68.61266667
90.9,72.72,87.87,97.97,64.64,78.78,65.65,57.57,50.5,77.77,80.8,86.86,65.65,87.87,82.82,76.558
98.98,93.93,62.62,68.68,88.88,85.85,75.75,63.63,88.88,70.7,95.95,54.54,80.8,93.93,63.63,79.11666667
63.63,96.96,81.81,55.55,84.84,61.61,91.91,64.64,99.99,85.85,57.57,54.54,76.76,60.6,82.82,74.60533333
88.88,70.7,55.55,92.92,55.55,79.79,63.63,89.89,83.83,54.54,88.88,97.97,93.93,69.69,95.95,78.78
53.53,56.56,85.85,94.94,78.78,78.78,62.62,55.55,89.89,99.99,64.64,80.8,66.66,94.94,78.78,76.154
89.89,60.6,92.92,57.57,71.71,63.63,58.58,80.8,76.76,86.86,87.87,63.63,83.83,98.98,58.58,75.48066667
89.89,87.87,62.62,97.97,91.91,88.88,99.99,90.9,96.96,60.6,88.88,95.95,66.66,75.75,90.9,85.71533333
94.94,76.76,51.51,95.95,59.59,73.73,94.94,85.85,90.9,67.67,63.63,59.59,94.94,96.96,74.74,78.78
76.76,94.94,56.56,61.61,53.53,56.56,74.74,55.55,74.74,63.63,62.62,77.77,82.82,96.96,54.54,69.55533333
83.83,91.91,87.87,52.52,81.81,79.79,61.61,61.61,69.69,87.87,57.57,94.94,53.53,92.92,81.81,75.952
71.71,78.78,60.6,88.88,70.7,51.51,65.65,81.81,98.98,78.78,67.67,85.85,93.93,98.98,76.76,78.03933333
77.77,53.53,75.75,94.94,65.65,55.55,91.91,89.89,59.59,92.92,95.95,75.75,63.63,54.54,63.63,74.06666667
67.67,72.72,53.53,89.89,99.99,68.68,58.58,85.85,94.94,54.54,93.93,54.54,79.79,60.6,85.85,74.74
60.6,59.59,63.63,74.74,69.69,93.93,53.53,80.8,67.67,69.69,54.54,77.77,97.97,54.54,54.54,68.882
95.95,70.7,68.68,98.98,81.81,64.64,65.65,58.58,81.81,77.77,60.6,52.52,53.53,79.79,72.72,72.24866667
76.76,91.91,50.5,99.99,74.74,59.59,82.82,96.96,89.89,68.68,52.52,72.72,81.81,55.55,50.5,73.66266667
79.79,67.67,95.95,78.78,56.56,87.87,90.9,83.83,99.99,88.88,69.69,58.58,79.79,78.78,71.71,79.25133333
60.6,79.79,61.61,77.77,51.51,54.54,84.84,60.6,85.85,83.83,60.6,71.71,67.67,77.77,67.67,69.75733333
76.76,54.54,87.87,50.5,82.82,87.87,70.7,63.63,61.61,69.69,92.92,52.52,79.79,60.6,72.72,70.96933333
94.94,62.62,85.85,76.76,90.9,71.71,56.56,63.63,85.85,55.55,73.73,76.76,61.61,91.91,95.95,76.28866667
70.7,98.98,92.92,69.69,76.76,50.5,76.76,71.71,64.64,54.54,83.83,97.97,97.97,89.89,53.53,76.69266667
68.68,90.9,90.9,82.82,65.65,86.86,72.72,55.55,96.96,88.88,89.89,86.86,83.83,79.79,66.66,80.46333333
82.82,99.99,91.91,85.85,54.54,91.91,65.65,56.56,95.95,66.66,70.7,72.72,63.63,67.67,57.57,74.942
72.72,50.5,58.58,60.6,95.95,58.58,90.9,90.9,90.9,93.93,71.71,82.82,57.57,62.62,81.81,74.67266667
52.52,83.83,58.58,63.63,65.65,83.83,73.73,97.97,75.75,69.69,62.62,80.8,87.87,85.85,74.74,74.47066667
82.82,84.84,93.93,55.55,75.75,78.78,86.86,66.66,98.98,56.56,59.59,89.89,51.51,68.68,91.91,76.154
96.96,58.58,85.85,83.83,98.98,82.82,99.99,69.69,81.81,78.78,66.66,98.98,69.69,89.89,66.66,81.94466667
83.83,59.59,66.66,84.84,89.89,69.69,83.83,82.82,85.85,76.76,69.69,60.6,71.71,70.7,67.67,74.942
77.77,96.96,94.94,61.61,81.81,55.55,91.91,68.68,55.55,93.93,81.81,93.93,65.65,57.57,80.8,77.23133333
74.74,94.94,78.78,51.51,63.63,87.87,57.57,83.83,51.51,65.65,95.95,92.92,71.71,63.63,95.95,75.346
82.82,50.5,60.6,51.51,86.86,96.96,71.71,90.9,87.87,61.61,69.69,81.81,78.78,84.84,71.71,75.21133333
82.82,75.75,86.86,60.6,95.95,77.77,96.96,72.72,57.57,93.93,70.7,58.58,67.67,88.88,89.89,78.44333333
66.66,60.6,53.53,80.8,78.78,51.51,97.97,84.84,94.94,94.94,71.71,94.94,50.5,56.56,91.91,75.346
59.59,72.72,98.98,92.92,77.77,50.5,81.81,70.7,61.61,50.5,73.73,98.98,89.89,62.62,66.66,73.932
85.85,86.86,89.89,79.79,76.76,59.59,55.55,93.93,78.78,94.94,67.67,72.72,82.82,82.82,68.68,78.44333333
89.89,63.63,57.57,83.83,62.62,94.94,77.77,70.7,55.55,95.95,97.97,90.9,63.63,96.96,69.69,78.10666667
95.95,97.97,81.81,91.91,52.52,99.99,80.8,50.5,88.88,97.97,65.65,71.71,56.56,88.88,77.77,79.92466667
90.9,70.7,64.64,71.71,57.57,93.93,53.53,66.66,57.57,51.51,67.67,54.54,50.5,76.76,93.93,68.14133333
63.63,62.62,78.78,54.54,68.68,75.75,79.79,92.92,56.56,93.93,55.55,91.91,74.74,90.9,76.76,74.47066667
98.98,94.94,83.83,79.79,57.57,68.68,89.89,78.78,61.61,75.75,80.8,75.75,94.94,69.69,63.63,78.30866667
97.97,73.73,76.76,54.54,98.98,88.88,68.68,63.63,82.82,70.7,59.59,61.61,56.56,91.91,65.65,74.134
65.65,53.53,78.78,68.68,67.67,73.73,63.63,96.96,80.8,98.98,90.9,52.52,62.62,89.89,95.95,76.01933333
72.72,70.7,91.91,64.64,77.77,99.99,50.5,76.76,55.55,67.67,74.74,91.91,76.76,98.98,77.77,76.558
74.74,91.91,90.9,74.74,98.98,67.67,91.91,88.88,91.91,86.86,56.56,98.98,83.83,79.79,91.91,84.638
50.5,75.75,59.59,81.81,73.73,93.93,68.68,74.74,76.76,90.9,79.79,75.75,87.87,58.58,71.71,74.67266667
93.93,66.66,82.82,81.81,60.6,69.69,86.86,76.76,91.91,53.53,65.65,60.6,80.8,81.81,95.95,76.62533333
72.72,80.8,94.94,64.64,61.61,98.98,96.96,69.69,65.65,52.52,56.56,66.66,91.91,91.91,55.55,74.74
84.84,59.59,67.67,79.79,82.82,60.6,66.66,51.51,70.7,83.83,53.53,97.97,68.68,63.63,52.52,69.62266667
60.6,64.64,82.82,70.7,59.59,64.64,83.83,82.82,96.96,73.73,67.67,82.82,71.71,64.64,90.9,74.538
61.61,76.76,53.53,76.76,62.62,90.9,90.9,81.81,85.85,75.75,74.74,64.64,58.58,75.75,88.88,74.60533333
76.76,82.82,65.65,52.52,83.83,55.55,77.77,63.63,99.99,62.62,55.55,56.56,87.87,56.56,91.91,71.306
50.5,52.52,86.86,78.78,66.66,86.86,94.94,63.63,83.83,52.52,59.59,84.84,58.58,78.78,62.62,70.76733333
67.67,72.72,82.82,91.91,84.84,68.68,69.69,51.51,63.63,91.91,78.78,82.82,56.56,86.86,93.93,76.28866667
96.96,70.7,60.6,51.51,74.74,72.72,69.69,55.55,54.54,95.95,53.53,83.83,67.67,67.67,81.81,70.498
88.88,50.5,90.9,94.94,79.79,60.6,95.95,63.63,79.79,91.91,81.81,74.74,66.66,64.64,53.53,75.88466667
65.65,97.97,83.83,54.54,84.84,68.68,91.91,53.53,75.75,58.58,71.71,73.73,52.52,74.74,67.67,71.71
94.94,74.74,72.72,51.51,64.64,89.89,82.82,74.74,60.6,59.59,93.93,60.6,83.83,74.74,90.9,75.346
92.92,86.86,78.78,86.86,73.73,74.74,76.76,53.53,53.53,92.92,79.79,62.62,50.5,59.59,52.52,71.71
73.73,70.7,75.75,90.9,85.85,74.74,87.87,95.95,76.76,61.61,86.86,60.6,88.88,87.87,98.98,81.13666667
82.82,50.5,77.77,76.76,60.6,77.77,77.77,90.9,56.56,57.57,79.79,91.91,85.85,73.73,79.79,74.67266667
88.88,98.98,77.77,55.55,80.8,84.84,97.97,62.62,71.71,59.59,84.84,64.64,61.61,78.78,97.97,77.77
76.76,74.74,61.61,79.79,53.53,62.62,94.94,53.53,74.74,58.58,64.64,95.95,54.54,92.92,83.83,72.18133333
50.5,88.88,78.78,62.62,85.85,69.69,89.89,72.72,52.52,77.77,60.6,53.53,92.92,94.94,82.82,74.26866667
64.64,95.95,86.86,62.62,58.58,89.89,54.54,93.93,52.52,53.53,69.69,92.92,66.66,53.53,67.67,70.902
70.7,89.89,52.52,52.52,84.84,90.9,54.54,94.94,52.52,78.78,98.98,92.92,64.64,99.99,71.71,76.69266667
92.92,75.75,52.52,80.8,98.98,66.66,54.54,85.85,73.73,69.69,63.63,55.55,71.71,50.5,55.55,69.892
92.92,73.73,82.82,61.61,84.84,87.87,59.59,58.58,90.9,56.56,82.82,60.6,69.69,58.58,57.57,71.912
78.78,72.72,82.82,53.53,80.8,98.98,69.69,90.9,72.72,74.74,68.68,83.83,57.57,88.88,52.52,75.144
87.87,88.88,64.64,82.82,59.59,88.88,68.68,50.5,68.68,67.67,53.53,63.63,51.51,90.9,88.88,71.77733333
52.52,94.94,99.99,72.72,60.6,62.62,92.92,59.59,87.87,70.7,77.77,76.76,89.89,92.92,96.96,79.25133333
60.6,89.89,82.82,84.84,79.79,68.68,84.84,69.69,55.55,98.98,79.79,90.9,67.67,75.75,90.9,78.71266667
75.75,97.97,60.6,71.71,65.65,85.85,76.76,59.59,72.72,93.93,63.63,81.81,72.72,52.52,81.81,74.20133333
50.5,78.78,56.56,50.5,68.68,80.8,67.67,57.57,64.64,64.64,82.82,94.94,93.93,79.79,79.79,71.44066667
71.71,74.74,86.86,75.75,65.65,58.58,59.59,54.54,92.92,65.65,73.73,57.57,74.74,78.78,69.69,70.7
68.68,56.56,98.98,88.88,66.66,58.58,77.77,70.7,79.79,64.64,88.88,93.93,59.59,79.79,81.81,75.68266667
76.76,58.58,70.7,72.72,74.74,70.7,78.78,78.78,67.67,65.65,94.94,62.62,58.58,92.92,61.61,72.38333333
80.8,52.52,79.79,97.97,55.55,57.57,68.68,98.98,50.5,55.55,64.64,91.91,99.99,71.71,92.92,74.60533333
70.7,79.79,92.92,74.74,55.55,81.81,61.61,57.57,73.73,73.73,68.68,53.53,97.97,52.52,98.98,72.922
59.59,91.91,60.6,68.68,66.66,73.73,77.77,76.76,74.74,92.92,66.66,63.63,99.99,88.88,56.56,74.60533333
53.53,68.68,54.54,77.77,91.91,92.92,79.79,96.96,97.97,66.66,59.59,85.85,91.91,87.87,55.55,77.43333333
67.67,54.54,58.58,58.58,74.74,82.82,68.68,55.55,71.71,73.73,94.94,54.54,78.78,70.7,69.69,69.01666667
64.64,97.97,68.68,72.72,76.76,79.79,74.74,78.78,63.63,64.64,86.86,51.51,51.51,81.81,59.59,71.57533333
81.81,57.57,88.88,78.78,85.85,79.79,87.87,69.69,89.89,78.78,66.66,67.67,55.55,86.86,80.8,77.09666667
52.52,77.77,62.62,77.77,82.82,78.78,50.5,77.77,87.87,51.51,80.8,71.71,88.88,52.52,92.92,72.45066667
91.91,78.78,94.94,97.97,50.5,95.95,98.98,54.54,61.61,55.55,89.89,56.56,62.62,85.85,75.75,76.76
54.54,92.92,77.77,90.9,50.5,65.65,61.61,65.65,54.54,88.88,70.7,97.97,60.6,83.83,65.65,72.114
78.78,99.99,85.85,75.75,81.81,89.89,83.83,55.55,73.73,93.93,84.84,58.58,53.53,55.55,63.63,75.68266667
85.85,66.66,70.7,87.87,69.69,55.55,58.58,79.79,66.66,88.88,81.81,50.5,90.9,62.62,89.89,73.73
74.74,56.56,83.83,55.55,95.95,53.53,93.93,54.54,98.98,76.76,83.83,89.89,94.94,89.89,74.74,78.51066667
58.58,72.72,63.63,89.89,66.66,92.92,50.5,74.74,68.68,95.95,51.51,88.88,58.58,69.69,84.84,72.518
86.86,52.52,93.93,91.91,67.67,98.98,63.63,60.6,95.95,63.63,92.92,77.77,96.96,87.87,84.84,81.06933333
72.72,73.73,69.69,63.63,94.94,69.69,54.54,96.96,97.97,90.9,99.99,67.67,96.96,94.94,88.88,82.214
67.67,81.81,77.77,93.93,58.58,52.52,73.73,81.81,98.98,70.7,87.87,60.6,68.68,53.53,64.64,72.85466667
92.92,96.96,81.81,70.7,89.89,67.67,74.74,59.59,75.75,87.87,80.8,50.5,71.71,79.79,71.71,76.82733333
53.53,84.84,63.63,66.66,80.8,95.95,92.92,77.77,70.7,92.92,85.85,97.97,68.68,60.6,71.71,77.63533333
52.52,63.63,51.51,70.7,92.92,61.61,64.64,52.52,80.8,52.52,68.68,96.96,92.92,97.97,54.54,70.296
64.64,78.78,63.63,96.96,64.64,73.73,82.82,83.83,83.83,92.92,65.65,96.96,85.85,93.93,69.69,79.85733333
69.69,78.78,53.53,97.97,73.73,84.84,94.94,99.99,86.86,54.54,62.62,62.62,93.93,79.79,87.87,78.78
54.54,81.81,73.73,50.5,74.74,80.8,58.58,78.78,64.64,89.89,74.74,81.81,95.95,57.57,59.59,71.84466667
72.72,90.9,94.94,76.76,63.63,86.86,66.66,62.62,58.58,52.52,93.93,75.75,69.69,92.92,50.5,73.932
79.79,67.67,60.6,98.98,84.84,69.69,90.9,68.68,58.58,93.93,71.71,69.69,98.98,65.65,58.58,75.88466667
76.76,88.88,82.82,76.76,65.65,87.87,92.92,59.59,58.58,64.64,87.87,96.96,51.51,54.54,96.96,76.154
70.7,72.72,80.8,92.92,50.5,55.55,72.72,66.66,54.54,50.5,86.86,74.74,66.66,96.96,52.52,69.69
95.95,72.72,93.93,91.91,54.54,55.55,58.58,91.91,93.93,97.97,86.86,85.85,84.84,90.9,60.6,81.06933333
98.98,77.77,66.66,85.85,72.72,99.99,97.97,94.94,78.78,66.66,78.78,50.5,85.85,96.96,61.61,80.93466667
69.69,51.51,99.99,95.95,51.51,80.8,61.61,99.99,59.59,97.97,85.85,92.92,96.96,62.62,99.99,80.46333333
60.6,86.86,96.96,80.8,60.6,92.92,59.59,61.61,70.7,52.52,90.9,67.67,70.7,82.82,69.69,73.66266667
98.98,99.99,85.85,73.73,59.59,87.87,81.81,91.91,98.98,74.74,56.56,56.56,84.84,87.87,98.98,82.55066667
61.61,82.82,93.93,77.77,70.7,88.88,87.87,60.6,70.7,67.67,71.71,75.75,51.51,71.71,71.71,73.66266667
89.89,96.96,99.99,61.61,77.77,84.84,54.54,52.52,93.93,99.99,86.86,50.5,71.71,67.67,89.89,78.578
63.63,56.56,64.64,65.65,87.87,70.7,79.79,99.99,85.85,76.76,51.51,90.9,81.81,89.89,88.88,76.962
76.76,66.66,53.53,92.92,96.96,61.61,66.66,77.77,62.62,96.96,77.77,72.72,51.51,90.9,74.74,74.67266667
78.78,89.89,58.58,50.5,73.73,98.98,70.7,60.6,94.94,78.78,73.73,71.71,97.97,70.7,78.78,76.558
69.69,63.63,81.81,70.7,80.8,78.78,84.84,66.66,64.64,82.82,76.76,92.92,54.54,79.79,76.76,75.00933333
86.86,69.69,66.66,77.77,98.98,64.64,95.95,87.87,62.62,93.93,78.78,92.92,80.8,79.79,77.77,81.002
84.84,63.63,75.75,53.53,68.68,86.86,51.51,50.5,91.91,83.83,77.77,93.93,71.71,89.89,88.88,75.548
85.85,66.66,64.64,67.67,51.51,59.59,81.81,50.5,79.79,70.7,81.81,62.62,94.94,82.82,71.71,71.508
64.64,90.9,68.68,61.61,97.97,75.75,87.87,93.93,72.72,73.73,79.79,83.83,71.71,86.86,73.73,78.91466667
58.58,97.97,59.59,98.98,88.88,99.99,56.56,63.63,99.99,65.65,53.53,60.6,73.73,65.65,80.8,74.942
58.58,77.77,94.94,90.9,58.58,71.71,75.75,51.51,98.98,52.52,87.87,64.64,63.63,73.73,91.91,74.20133333
64.64,86.86,82.82,66.66,53.53,59.59,81.81,58.58,85.85,90.9,95.95,62.62,56.56,94.94,89.89,75.41333333
59.59,50.5,61.61,58.58,96.96,61.61,55.55,66.66,53.53,75.75,69.69,54.54,79.79,62.62,79.79,65.78466667
95.95,67.67,52.52,50.5,60.6,54.54,52.52,73.73,92.92,87.87,76.76,97.97,51.51,81.81,91.91,72.58533333
59.59,51.51,96.96,70.7,74.74,50.5,82.82,61.61,58.58,68.68,68.68,76.76,94.94,92.92,77.77,72.45066667
94.94,55.55,76.76,97.97,87.87,63.63,97.97,90.9,86.86,79.79,65.65,55.55,55.55,99.99,64.64,78.24133333
77.77,78.78,60.6,64.64,50.5,50.5,76.76,99.99,74.74,58.58,78.78,67.67,89.89,82.82,67.67,71.97933333
77.77,95.95,99.99,83.83,55.55,78.78,52.52,68.68,86.86,63.63,92.92,86.86,70.7,75.75,89.89,78.64533333
70.7,86.86,57.57,60.6,64.64,98.98,63.63,64.64,85.85,82.82,52.52,92.92,73.73,82.82,68.68,73.79733333
63.63,87.87,58.58,71.71,99.99,94.94,91.91,89.89,87.87,78.78,52.52,89.89,58.58,64.64,68.68,77.29866667
50.5,75.75,68.68,86.86,85.85,87.87,76.76,85.85,67.67,94.94,66.66,92.92,63.63,69.69,76.76,76.69266667
91.91,97.97,74.74,62.62,57.57,86.86,78.78,99.99,79.79,53.53,57.57,84.84,86.86,55.55,73.73,76.154
78.78,72.72,86.86,89.89,57.57,74.74,58.58,61.61,57.57,96.96,88.88,65.65,54.54,70.7,76.76,72.78733333
79.79,70.7,65.65,58.58,55.55,66.66,98.98,65.65,50.5,52.52,85.85,66.66,81.81,58.58,80.8,69.21866667
57.57,93.93,62.62,91.91,70.7,99.99,70.7,52.52,68.68,87.87,97.97,84.84,94.94,65.65,96.96,79.79
72.72,54.54,77.77,75.75,69.69,54.54,97.97,71.71,72.72,69.69,98.98,66.66,69.69,79.79,88.88,74.74
76.76,50.5,66.66,70.7,98.98,53.53,88.88,54.54,68.68,82.82,87.87,97.97,64.64,90.9,50.5,73.59533333
77.77,52.52,73.73,58.58,53.53,76.76,64.64,73.73,91.91,85.85,95.95,82.82,58.58,50.5,87.87,72.316
89.89,55.55,60.6,74.74,94.94,91.91,68.68,73.73,83.83,69.69,82.82,95.95,58.58,80.8,98.98,78.71266667
52.52,89.89,57.57,75.75,90.9,79.79,51.51,65.65,89.89,94.94,93.93,99.99,66.66,81.81,51.51,76.154
71.71,90.9,86.86,75.75,75.75,51.51,66.66,79.79,95.95,59.59,85.85,51.51,60.6,85.85,51.51,72.65266667
82.82,66.66,86.86,95.95,57.57,79.79,89.89,57.57,90.9,95.95,56.56,77.77,78.78,74.74,53.53,76.356
92.92,75.75,99.99,92.92,75.75,71.71,87.87,72.72,74.74,53.53,52.52,65.65,96.96,59.59,70.7,76.22133333
79.79,80.8,76.76,80.8,69.69,84.84,91.91,61.61,77.77,63.63,61.61,54.54,52.52,51.51,64.64,70.16133333
83.83,98.98,72.72,98.98,97.97,60.6,78.78,69.69,78.78,91.91,89.89,54.54,78.78,71.71,83.83,80.73266667
64.64,64.64,55.55,70.7,87.87,77.77,67.67,90.9,83.83,68.68,85.85,69.69,90.9,77.77,74.74,75.41333333
79.79,91.91,57.57,74.74,92.92,76.76,54.54,76.76,77.77,71.71,73.73,58.58,97.97,75.75,56.56,74.47066667
70.7,60.6,67.67,99.99,97.97,93.93,63.63,57.57,75.75,89.89,56.56,82.82,68.68,97.97,94.94,78.578
67.67,99.99,54.54,61.61,79.79,76.76,61.61,98.98,62.62,67.67,90.9,92.92,52.52,85.85,68.68,74.80733333
60.6,90.9,54.54,96.96,82.82,89.89,56.56,87.87,96.96,90.9,62.62,71.71,66.66,58.58,67.67,75.68266667
83.83,50.5,73.73,97.97,67.67,65.65,90.9,78.78,79.79,55.55,71.71,97.97,88.88,97.97,75.75,78.44333333
51.51,61.61,83.83,56.56,98.98,93.93,92.92,83.83,89.89,58.58,72.72,77.77,90.9,99.99,83.83,79.79
86.86,64.64,92.92,87.87,76.76,66.66,69.69,98.98,78.78,53.53,56.56,64.64,84.84,73.73,91.91,76.558
52.52,63.63,85.85,81.81,96.96,72.72,85.85,78.78,61.61,56.56,73.73,82.82,54.54,83.83,62.62,72.922
85.85,74.74,79.79,52.52,70.7,53.53,82.82,69.69,63.63,94.94,84.84,57.57,59.59,74.74,59.59,70.96933333
68.68,97.97,66.66,61.61,50.5,61.61,63.63,51.51,74.74,75.75,78.78,65.65,74.74,94.94,59.59,69.75733333
82.82,85.85,95.95,90.9,69.69,56.56,76.76,69.69,95.95,90.9,91.91,60.6,69.69,94.94,90.9,81.54066667
53.53,58.58,87.87,80.8,61.61,60.6,59.59,54.54,62.62,83.83,90.9,71.71,62.62,89.89,93.93,71.508
57.57,52.52,51.51,97.97,75.75,76.76,58.58,91.91,89.89,92.92,67.67,81.81,79.79,77.77,58.58,74.06666667
83.83,96.96,87.87,74.74,65.65,91.91,90.9,77.77,93.93,90.9,71.71,82.82,53.53,53.53,65.65,78.78
65.65,96.96,56.56,51.51,57.57,76.76,99.99,64.64,63.63,63.63,99.99,61.61,83.83,79.79,89.89,74.134
56.56,52.52,71.71,91.91,56.56,51.51,94.94,88.88,58.58,99.99,96.96,52.52,65.65,66.66,95.95,73.39333333
80.8,71.71,87.87,67.67,51.51,68.68,82.82,57.57,77.77,59.59,92.92,89.89,71.71,98.98,86.86,76.42333333
69.69,75.75,79.79,88.88,80.8,50.5,59.59,84.84,64.64,99.99,52.52,69.69,67.67,76.76,57.57,71.912
81.81,98.98,78.78,64.64,92.92,59.59,50.5,84.84,98.98,78.78,65.65,56.56,57.57,81.81,67.67,74.60533333
83.83,82.82,68.68,56.56,79.79,61.61,82.82,74.74,98.98,83.83,88.88,91.91,90.9,99.99,62.62,80.53066667
53.53,92.92,70.7,98.98,59.59,65.65,87.87,80.8,84.84,66.66,55.55,67.67,57.57,72.72,87.87,73.528
56.56,84.84,70.7,89.89,66.66,66.66,71.71,79.79,60.6,95.95,74.74,58.58,69.69,87.87,77.77,74.134
96.96,84.84,84.84,54.54,68.68,64.64,58.58,98.98,83.83,77.77,80.8,74.74,50.5,94.94,71.71,76.42333333
59.59,86.86,60.6,66.66,84.84,75.75,92.92,51.51,93.93,64.64,73.73,99.99,85.85,56.56,95.95,76.62533333
75.75,89.89,56.56,87.87,79.79,70.7,75.75,70.7,55.55,88.88,67.67,96.96,50.5,50.5,77.77,72.98933333
53.53,50.5,69.69,74.74,56.56,66.66,51.51,51.51,65.65,98.98,84.84,91.91,64.64,67.67,62.62,67.40066667
81.81,95.95,68.68,50.5,67.67,84.84,87.87,63.63,90.9,84.84,82.82,77.77,85.85,61.61,78.78,77.568
88.88,63.63,72.72,93.93,86.86,90.9,98.98,63.63,52.52,58.58,59.59,79.79,56.56,94.94,91.91,76.89466667
95.95,99.99,95.95,50.5,87.87,89.89,77.77,64.64,79.79,65.65,73.73,85.85,64.64,94.94,53.53,78.71266667
50.5,53.53,97.97,54.54,85.85,84.84,54.54,78.78,85.85,98.98,81.81,81.81,90.9,72.72,62.62,75.68266667
64.64,74.74,95.95,69.69,79.79,80.8,67.67,78.78,91.91,71.71,61.61,71.71,70.7,66.66,67.67,74.26866667
65.65,91.91,85.85,51.51,64.64,68.68,76.76,83.83,55.55,92.92,76.76,50.5,70.7,80.8,56.56,71.508
92.92,91.91,79.79,94.94,74.74,99.99,90.9,83.83,62.62,62.62,62.62,99.99,64.64,62.62,75.75,79.992
78.78,66.66,55.55,77.77,50.5,63.63,96.96,88.88,90.9,98.98,66.66,59.59,69.69,76.76,50.5,72.78733333
69.69,76.76,56.56,71.71,58.58,70.7,85.85,62.62,76.76,92.92,88.88,74.74,58.58,60.6,74.74,71.97933333
50.5,98.98,95.95,90.9,63.63,78.78,82.82,86.86,75.75,70.7,78.78,64.64,77.77,84.84,75.75,78.44333333
99.99,92.92,55.55,56.56,97.97,81.81,98.98,70.7,92.92,53.53,52.52,50.5,69.69,94.94,84.84,76.89466667
57.57,95.95,90.9,93.93,58.58,64.64,54.54,72.72,52.52,86.86,83.83,99.99,56.56,92.92,64.64,75.07666667
65.65,71.71,72.72,66.66,52.52,51.51,81.81,53.53,85.85,55.55,58.58,60.6,81.81,53.53,71.71,65.58266667
84.84,75.75,78.78,58.58,60.6,71.71,71.71,79.79,70.7,52.52,68.68,75.75,93.93,66.66,55.55,71.03666667
66.66,59.59,89.89,58.58,70.7,55.55,85.85,63.63,80.8,62.62,65.65,96.96,57.57,50.5,74.74,69.286
60.6,89.89,67.67,78.78,77.77,52.52,93.93,59.59,68.68,58.58,69.69,85.85,74.74,91.91,57.57,72.518
54.54,68.68,82.82,59.59,85.85,66.66,61.61,50.5,62.62,57.57,68.68,99.99,68.68,90.9,70.7,69.95933333
94.94,63.63,83.83,99.99,62.62,56.56,79.79,58.58,91.91,96.96,88.88,89.89,52.52,68.68,68.68,77.164
80.8,92.92,62.62,92.92,81.81,52.52,91.91,65.65,73.73,68.68,70.7,84.84,56.56,74.74,74.74,75.00933333
53.53,85.85,79.79,71.71,56.56,91.91,87.87,65.65,72.72,65.65,57.57,93.93,56.56,54.54,94.94,72.58533333
86.86,94.94,77.77,98.98,64.64,71.71,94.94,66.66,86.86,62.62,79.79,93.93,63.63,78.78,84.84,80.46333333
60.6,99.99,76.76,70.7,62.62,96.96,59.59,56.56,69.69,79.79,59.59,71.71,63.63,68.68,51.51,69.892
59.59,50.5,80.8,55.55,76.76,61.61,93.93,74.74,88.88,75.75,54.54,65.65,87.87,66.66,91.91,72.316
56.56,61.61,70.7,57.57,59.59,65.65,58.58,86.86,88.88,76.76,91.91,61.61,61.61,87.87,84.84,71.37333333
61.61,80.8,56.56,93.93,91.91,87.87,62.62,70.7,69.69,77.77,72.72,53.53,76.76,69.69,69.69,73.05666667
99.99,93.93,82.82,86.86,91.91,69.69,79.79,55.55,50.5,82.82,99.99,99.99,66.66,83.83,66.66,80.73266667
51.51,89.89,51.51,75.75,89.89,82.82,72.72,87.87,57.57,65.65,72.72,83.83,86.86,91.91,55.55,74.40333333
93.93,63.63,61.61,86.86,62.62,98.98,58.58,51.51,55.55,80.8,63.63,79.79,98.98,65.65,79.79,73.46066667
94.94,86.86,95.95,87.87,97.97,68.68,86.86,55.55,88.88,99.99,82.82,71.71,89.89,61.61,53.53,81.54066667
54.54,99.99,57.57,83.83,99.99,66.66,83.83,89.89,55.55,95.95,73.73,55.55,84.84,94.94,97.97,79.65533333
54.54,66.66,96.96,75.75,54.54,91.91,70.7,72.72,90.9,52.52,91.91,70.7,58.58,59.59,50.5,70.56533333
72.72,56.56,82.82,84.84,89.89,64.64,70.7,94.94,94.94,71.71,93.93,51.51,75.75,51.51,95.95,76.82733333
75.75,84.84,77.77,87.87,80.8,64.64,94.94,53.53,73.73,93.93,66.66,56.56,69.69,71.71,53.53,73.73
65.65,71.71,55.55,99.99,72.72,83.83,67.67,68.68,55.55,93.93,76.76,73.73,83.83,55.55,86.86,74.134
69.69,61.61,93.93,51.51,92.92,73.73,56.56,65.65,58.58,57.57,71.71,97.97,75.75,60.6,89.89,71.84466667
75.75,85.85,74.74,86.86,72.72,66.66,50.5,93.93,77.77,80.8,53.53,99.99,80.8,84.84,77.77,77.50066667
70.7,52.52,89.89,94.94,83.83,91.91,88.88,83.83,87.87,86.86,53.53,61.61,72.72,75.75,85.85,78.71266667
77.77,58.58,74.74,50.5,97.97,56.56,66.66,68.68,89.89,69.69,91.91,87.87,88.88,60.6,77.77,74.538
93.93,68.68,69.69,79.79,64.64,89.89,50.5,99.99,82.82,74.74,73.73,62.62,96.96,62.62,59.59,75.346
68.68,50.5,97.97,91.91,84.84,92.92,73.73,91.91,97.97,84.84,96.96,96.96,50.5,76.76,72.72,81.94466667
62.62,98.98,70.7,59.59,94.94,81.81,61.61,92.92,51.51,86.86,64.64,96.96,50.5,87.87,50.5,74.134
53.53,75.75,87.87,82.82,96.96,56.56,85.85,98.98,51.51,95.95,56.56,81.81,77.77,50.5,92.92,76.356
66.66,88.88,63.63,87.87,97.97,81.81,77.77,91.91,92.92,74.74,60.6,59.59,65.65,94.94,63.63,77.90466667
54.54,92.92,81.81,84.84,95.95,82.82,61.61,74.74,54.54,62.62,69.69,65.65,57.57,80.8,60.6,72.04666667
64.64,84.84,70.7,72.72,72.72,67.67,98.98,88.88,90.9,71.71,66.66,84.84,77.77,82.82,61.61,77.164
65.65,69.69,98.98,74.74,68.68,96.96,54.54,62.62,77.77,81.81,68.68,60.6,52.52,56.56,77.77,71.17133333
89.89,68.68,99.99,98.98,96.96,64.64,71.71,76.76,77.77,81.81,55.55,65.65,70.7,76.76,89.89,79.04933333
77.77,52.52,56.56,96.96,50.5,67.67,89.89,80.8,60.6,56.56,50.5,95.95,62.62,98.98,70.7,71.23866667
59.59,52.52,55.55,77.77,68.68,97.97,96.96,55.55,57.57,93.93,61.61,64.64,65.65,52.52,62.62,68.20866667
92.92,82.82,52.52,64.64,80.8,82.82,58.58,74.74,95.95,54.54,91.91,72.72,97.97,81.81,61.61,76.42333333
51.51,81.81,87.87,70.7,92.92,90.9,62.62,65.65,63.63,82.82,95.95,52.52,65.65,69.69,90.9,75.00933333
78.78,50.5,79.79,94.94,74.74,79.79,81.81,74.74,79.79,70.7,96.96,64.64,62.62,54.54,84.84,75.27866667
91.91,68.68,77.77,78.78,94.94,72.72,89.89,61.61,69.69,89.89,80.8,71.71,72.72,69.69,65.65,77.09666667
86.86,66.66,82.82,90.9,67.67,52.52,51.51,91.91,70.7,97.97,90.9,55.55,63.63,60.6,75.75,73.73
85.85,75.75,93.93,80.8,86.86,76.76,73.73,63.63,61.61,59.59,73.73,72.72,76.76,66.66,62.62,74.06666667
79.79,65.65,88.88,82.82,93.93,85.85,66.66,90.9,63.63,97.97,91.91,66.66,70.7,89.89,85.85,81.406
60.6,57.57,81.81,80.8,78.78,88.88,52.52,61.61,56.56,60.6,62.62,77.77,50.5,96.96,94.94,70.83466667
79.79,82.82,95.95,79.79,98.98,69.69,61.61,58.58,58.58,84.84,79.79,83.83,77.77,80.8,85.85,78.578
72.72,52.52,83.83,92.92,58.58,64.64,78.78,69.69,70.7,51.51,95.95,93.93,82.82,72.72,98.98,76.01933333
89.89,52.52,67.67,69.69,90.9,80.8,58.58,54.54,63.63,54.54,62.62,73.73,72.72,86.86,81.81,70.7
63.63,80.8,69.69,73.73,67.67,89.89,97.97,64.64,57.57,53.53,70.7,57.57,71.71,96.96,98.98,74.336
81.81,80.8,91.91,97.97,52.52,58.58,93.93,89.89,92.92,92.92,95.95,60.6,98.98,82.82,70.7,82.82
83.83,79.79,86.86,77.77,53.53,78.78,76.76,56.56,91.91,87.87,98.98,56.56,82.82,77.77,57.57,76.49066667
63.63,53.53,60.6,79.79,93.93,71.71,71.71,90.9,97.97,87.87,52.52,81.81,70.7,85.85,83.83,76.42333333
55.55,77.77,78.78,50.5,59.59,79.79,86.86,72.72,63.63,65.65,73.73,80.8,76.76,82.82,80.8,72.38333333
53.53,71.71,88.88,96.96,63.63,94.94,85.85,78.78,70.7,72.72,76.76,69.69,83.83,66.66,89.89,77.63533333
91.91,99.99,90.9,88.88,59.59,95.95,84.84,64.64,53.53,52.52,91.91,93.93,55.55,68.68,77.77,78.03933333
67.67,65.65,81.81,64.64,56.56,60.6,61.61,76.76,93.93,64.64,89.89,81.81,54.54,75.75,68.68,70.96933333
55.55,90.9,93.93,67.67,80.8,69.69,86.86,86.86,87.87,76.76,94.94,77.77,99.99,59.59,71.71,80.05933333
52.52,87.87,55.55,55.55,93.93,58.58,53.53,78.78,73.73,87.87,50.5,76.76,89.89,90.9,74.74,72.04666667
51.51,60.6,87.87,88.88,91.91,58.58,87.87,93.93,78.78,83.83,97.97,86.86,78.78,96.96,72.72,81.13666667
97.97,50.5,50.5,71.71,99.99,96.96,90.9,75.75,89.89,62.62,91.91,84.84,86.86,75.75,58.58,78.982
95.95,64.64,55.55,85.85,93.93,81.81,71.71,55.55,57.57,62.62,68.68,51.51,73.73,93.93,50.5,70.902
95.95,64.64,74.74,88.88,90.9,58.58,90.9,74.74,64.64,71.71,92.92,50.5,57.57,80.8,61.61,74.60533333
89.89,62.62,50.5,77.77,86.86,81.81,68.68,87.87,71.71,90.9,63.63,62.62,89.89,91.91,83.83,77.366
93.93,71.71,57.57,65.65,99.99,76.76,56.56,91.91,79.79,59.59,52.52,83.83,98.98,53.53,81.81,74.942
52.52,62.62,83.83,75.75,84.84,80.8,61.61,80.8,84.84,99.99,65.65,96.96,65.65,86.86,86.86,77.972
52.52,78.78,83.83,67.67,77.77,97.97,78.78,86.86,82.82,99.99,55.55,73.73,66.66,53.53,50.5,73.79733333
62.62,54.54,66.66,62.62,94.94,64.64,82.82,76.76,75.75,65.65,69.69,78.78,57.57,70.7,51.51,69.01666667
68.68,74.74,78.78,56.56,83.83,64.64,65.65,71.71,55.55,72.72,86.86,81.81,53.53,74.74,77.77,71.17133333
79.79,59.59,71.71,98.98,86.86,66.66,97.97,79.79,96.96,92.92,87.87,72.72,92.92,96.96,90.9,84.84
86.86,55.55,79.79,96.96,69.69,96.96,62.62,73.73,86.86,65.65,94.94,63.63,62.62,68.68,51.51,74.40333333
76.76,65.65,80.8,50.5,88.88,55.55,69.69,51.51,90.9,66.66,64.64,64.64,59.59,53.53,67.67,67.13133333
80.8,65.65,62.62,54.54,51.51,86.86,57.57,93.93,83.83,56.56,79.79,96.96,85.85,76.76,71.71,73.66266667
77.77,79.79,74.74,73.73,53.53,85.85,90.9,59.59,84.84,84.84,51.51,54.54,75.75,90.9,82.82,74.74
57.57,84.84,84.84,62.62,71.71,91.91,57.57,81.81,84.84,52.52,63.63,57.57,80.8,75.75,75.75,72.24866667
71.71,61.61,65.65,99.99,76.76,84.84,66.66,67.67,97.97,90.9,99.99,98.98,94.94,91.91,72.72,82.82
83.83,87.87,50.5,52.52,91.91,83.83,56.56,64.64,51.51,60.6,98.98,65.65,61.61,69.69,50.5,68.68
86.86,95.95,69.69,77.77,98.98,67.67,96.96,90.9,69.69,52.52,70.7,82.82,85.85,86.86,67.67,80.05933333
63.63,80.8,66.66,93.93,96.96,58.58,69.69,71.71,69.69,76.76,98.98,71.71,89.89,61.61,90.9,77.43333333
53.53,60.6,87.87,53.53,97.97,72.72,68.68,87.87,58.58,69.69,90.9,87.87,97.97,70.7,87.87,76.42333333
79.79,75.75,83.83,89.89,82.82,80.8,70.7,62.62,92.92,90.9,82.82,88.88,50.5,93.93,54.54,78.71266667
79.79,80.8,78.78,66.66,98.98,66.66,74.74,84.84,79.79,70.7,76.76,62.62,72.72,85.85,81.81,77.43333333
68.68,76.76,53.53,53.53,84.84,54.54,75.75,72.72,78.78,89.89,61.61,97.97,87.87,76.76,50.5,72.24866667
75.75,52.52,70.7,66.66,98.98,76.76,54.54,59.59,86.86,90.9,61.61,67.67,61.61,63.63,88.88,71.77733333
64.64,69.69,72.72,84.84,72.72,95.95,62.62,93.93,58.58,96.96,99.99,99.99,65.65,58.58,76.76,78.24133333
95.95,96.96,66.66,87.87,79.79,68.68,97.97,68.68,94.94,64.64,94.94,55.55,59.59,84.84,99.99,81.13666667
95.95,64.64,83.83,74.74,72.72,73.73,75.75,79.79,87.87,67.67,78.78,72.72,80.8,66.66,81.81,77.164
50.5,94.94,86.86,68.68,55.55,89.89,82.82,56.56,57.57,86.86,76.76,59.59,52.52,90.9,54.54,70.96933333
98.98,74.74,78.78,58.58,59.59,60.6,69.69,67.67,60.6,74.74,88.88,51.51,55.55,90.9,78.78,71.306
98.98,86.86,73.73,96.96,80.8,57.57,52.52,97.97,72.72,85.85,87.87,70.7,81.81,86.86,54.54,79.04933333
94.94,55.55,91.91,88.88,62.62,62.62,70.7,53.53,62.62,83.83,72.72,71.71,73.73,93.93,54.54,72.922
81.81,75.75,88.88,85.85,61.61,73.73,98.98,99.99,90.9,65.65,69.69,81.81,80.8,88.88,65.65,80.66533333
87.87,69.69,76.76,78.78,98.98,67.67,56.56,84.84,81.81,72.72,91.91,70.7,73.73,76.76,97.97,79.11666667
94.94,54.54,57.57,94.94,79.79,66.66,71.71,90.9,76.76,51.51,98.98,60.6,71.71,51.51,63.63,72.38333333
55.55,75.75,70.7,64.64,90.9,62.62,95.95,72.72,83.83,93.93,94.94,83.83,53.53,54.54,63.63,74.47066667
75.75,51.51,96.96,50.5,81.81,82.82,95.95,74.74,83.83,95.95,77.77,55.55,85.85,90.9,66.66,77.77
78.78,67.67,61.61,80.8,63.63,82.82,89.89,66.66,70.7,66.66,52.52,63.63,72.72,77.77,83.83,71.97933333
98.98,70.7,62.62,96.96,77.77,70.7,55.55,96.96,76.76,84.84,79.79,99.99,59.59,68.68,72.72,78.174
74.74,73.73,59.59,92.92,52.52,97.97,73.73,75.75,82.82,65.65,64.64,90.9,66.66,75.75,86.86,75.61533333
98.98,78.78,63.63,94.94,71.71,86.86,64.64,89.89,88.88,93.93,62.62,63.63,75.75,72.72,53.53,77.366
85.85,81.81,95.95,86.86,54.54,89.89,76.76,57.57,59.59,77.77,99.99,96.96,69.69,97.97,93.93,81.67533333
89.89,95.95,68.68,59.59,55.55,64.64,96.96,51.51,64.64,75.75,62.62,73.73,71.71,52.52,51.51,69.01666667
66.66,57.57,68.68,61.61,68.68,58.58,55.55,52.52,82.82,64.64,61.61,54.54,51.51,88.88,66.66,64.034
91.91,92.92,80.8,66.66,58.58,91.91,71.71,65.65,75.75,75.75,98.98,64.64,65.65,88.88,75.75,77.70266667
68.68,63.63,83.83,57.57,72.72,71.71,99.99,93.93,74.74,88.88,52.52,80.8,76.76,80.8,78.78,76.356
87.87,98.98,50.5,89.89,73.73,57.57,88.88,92.92,99.99,58.58,79.79,81.81,82.82,97.97,83.83,81.67533333
93.93,77.77,98.98,74.74,67.67,74.74,72.72,68.68,72.72,63.63,53.53,74.74,51.51,79.79,70.7,73.05666667
82.82,55.55,80.8,81.81,56.56,54.54,55.55,79.79,73.73,97.97,84.84,74.74,61.61,55.55,70.7,71.104
80.8,57.57,59.59,72.72,81.81,61.61,59.59,97.97,89.89,89.89,89.89,58.58,71.71,62.62,64.64,73.25866667
85.85,70.7,51.51,88.88,83.83,56.56,59.59,89.89,61.61,96.96,68.68,51.51,64.64,65.65,84.84,72.04666667
63.63,89.89,74.74,80.8,95.95,52.52,81.81,79.79,80.8,94.94,51.51,59.59,81.81,53.53,53.53,72.98933333
64.64,51.51,50.5,89.89,71.71,98.98,88.88,84.84,82.82,81.81,99.99,78.78,60.6,63.63,93.93,77.50066667
98.98,68.68,78.78,58.58,96.96,62.62,90.9,69.69,88.88,61.61,82.82,85.85,61.61,98.98,65.65,78.03933333
73.73,78.78,89.89,68.68,93.93,62.62,95.95,94.94,60.6,83.83,88.88,55.55,50.5,72.72,82.82,76.89466667
88.88,81.81,94.94,57.57,87.87,88.88,57.57,78.78,74.74,50.5,56.56,79.79,95.95,77.77,67.67,75.952
56.56,89.89,63.63,75.75,97.97,87.87,86.86,97.97,98.98,91.91,96.96,81.81,69.69,78.78,66.66,82.75266667
94.94,85.85,66.66,68.68,77.77,87.87,53.53,74.74,96.96,71.71,93.93,97.97,54.54,92.92,69.69,79.184
70.7,85.85,92.92,50.5,88.88,87.87,84.84,70.7,90.9,65.65,68.68,89.89,89.89,99.99,80.8,81.204
64.64,75.75,67.67,85.85,98.98,75.75,71.71,84.84,85.85,58.58,56.56,78.78,61.61,57.57,75.75,73.326
55.55,92.92,57.57,62.62,74.74,66.66,50.5,91.91,95.95,95.95,63.63,81.81,89.89,57.57,54.54,72.78733333
70.7,67.67,82.82,82.82,78.78,62.62,66.66,88.88,90.9,69.69,71.71,85.85,91.91,82.82,81.81,78.376
54.54,62.62,56.56,57.57,69.69,90.9,66.66,74.74,73.73,56.56,62.62,96.96,69.69,78.78,83.83,70.36333333
86.86,61.61,72.72,78.78,70.7,77.77,62.62,68.68,85.85,84.84,96.96,93.93,64.64,72.72,70.7,76.62533333
64.64,64.64,88.88,64.64,91.91,64.64,88.88,54.54,81.81,87.87,67.67,79.79,52.52,94.94,85.85,75.548
52.52,59.59,76.76,68.68,84.84,78.78,59.59,94.94,50.5,59.59,91.91,64.64,85.85,51.51,52.52,68.81466667
84.84,69.69,82.82,90.9,89.89,64.64,65.65,76.76,95.95,84.84,82.82,68.68,85.85,98.98,99.99,82.82
73.73,92.92,53.53,71.71,78.78,75.75,51.51,82.82,76.76,66.66,93.93,55.55,95.95,90.9,84.84,76.356
63.63,95.95,60.6,91.91,73.73,65.65,79.79,61.61,76.76,94.94,60.6,86.86,88.88,89.89,76.76,77.83733333
84.84,50.5,94.94,85.85,78.78,68.68,83.83,65.65,91.91,70.7,72.72,94.94,65.65,74.74,52.52,75.75
91.91,50.5,65.65,90.9,90.9,84.84,63.63,89.89,81.81,70.7,63.63,90.9,98.98,79.79,79.79,79.588
56.56,58.58,78.78,70.7,56.56,77.77,64.64,77.77,73.73,76.76,99.99,58.58,78.78,69.69,67.67,71.104
54.54,79.79,69.69,94.94,51.51,91.91,74.74,96.96,91.91,63.63,80.8,80.8,74.74,86.86,76.76,77.972
56.56,98.98,65.65,67.67,68.68,91.91,87.87,83.83,91.91,76.76,90.9,70.7,62.62,79.79,75.75,77.972
98.98,50.5,88.88,78.78,72.72,53.53,55.55,90.9,91.91,54.54,96.96,79.79,52.52,68.68,53.53,72.518
65.65,93.93,79.79,52.52,67.67,50.5,87.87,89.89,72.72,51.51,84.84,97.97,56.56,79.79,91.91,74.87466667
76.76,95.95,89.89,82.82,91.91,95.95,91.91,57.57,76.76,95.95,58.58,93.93,93.93,68.68,50.5,81.406
79.79,77.77,68.68,52.52,51.51,73.73,86.86,78.78,65.65,77.77,62.62,64.64,80.8,88.88,73.73,72.24866667
51.51,76.76,66.66,93.93,74.74,81.81,98.98,97.97,81.81,91.91,85.85,98.98,97.97,72.72,77.77,83.29133333
69.69,63.63,72.72,74.74,66.66,82.82,91.91,73.73,83.83,77.77,94.94,97.97,74.74,56.56,69.69,76.76
60.6,97.97,62.62,99.99,95.95,72.72,75.75,67.67,53.53,68.68,55.55,78.78,81.81,83.83,69.69,75.00933333
91.91,86.86,56.56,78.78,90.9,68.68,65.65,66.66,55.55,61.61,66.66,73.73,72.72,75.75,86.86,73.25866667
78.78,53.53,90.9,81.81,57.57,75.75,89.89,67.67,81.81,52.52,53.53,97.97,99.99,86.86,52.52,74.74
73.73,83.83,82.82,94.94,89.89,66.66,54.54,61.61,53.53,65.65,93.93,75.75,65.65,80.8,56.56,73.326
54.54,66.66,65.65,66.66,69.69,53.53,96.96,58.58,96.96,56.56,56.56,91.91,69.69,55.55,92.92,70.16133333
76.76,88.88,79.79,56.56,56.56,72.72,96.96,96.96,68.68,68.68,98.98,72.72,53.53,99.99,97.97,79.04933333
76.76,51.51,56.56,50.5,84.84,69.69,96.96,61.61,70.7,98.98,74.74,59.59,61.61,75.75,81.81,71.44066667
89.89,70.7,98.98,98.98,81.81,83.83,95.95,64.64,98.98,93.93,63.63,90.9,52.52,58.58,71.71,81.002
52.52,54.54,65.65,96.96,66.66,65.65,69.69,54.54,71.71,91.91,95.95,80.8,75.75,53.53,86.86,72.18133333
58.58,88.88,75.75,55.55,53.53,78.78,78.78,89.89,97.97,80.8,72.72,50.5,84.84,74.74,97.97,75.952
67.67,97.97,85.85,52.52,54.54,54.54,56.56,77.77,72.72,54.54,83.83,86.86,77.77,96.96,99.99,74.67266667
60.6,73.73,71.71,78.78,80.8,61.61,55.55,80.8,67.67,92.92,93.93,64.64,75.75,94.94,60.6,74.26866667
77.77,73.73,55.55,83.83,60.6,89.89,59.59,92.92,89.89,73.73,63.63,79.79,55.55,62.62,81.81,73.39333333
96.96,57.57,93.93,54.54,87.87,78.78,60.6,65.65,79.79,68.68,63.63,84.84,57.57,63.63,57.57,71.44066667
50.5,72.72,99.99,61.61,83.83,84.84,57.57,69.69,88.88,58.58,79.79,58.58,94.94,80.8,58.58,73.39333333
99.99,66.66,85.85,75.75,60.6,80.8,62.62,52.52,80.8,63.63,79.79,98.98,64.64,70.7,68.68,74.134
54.54,52.52,79.79,68.68,84.84,54.54,59.59,54.54,82.82,55.55,76.76,65.65,52.52,52.52,72.72,64.50533333
67.67,89.89,59.59,88.88,59.59,79.79,76.76,84.84,76.76,80.8,53.53,94.94,70.7,63.63,79.79,75.144
63.63,69.69,81.81,99.99,79.79,51.51,72.72,85.85,73.73,78.78,93.93,68.68,61.61,62.62,98.98,76.22133333
87.87,97.97,57.57,89.89,55.55,82.82,80.8,97.97,91.91,92.92,98.98,74.74,85.85,70.7,83.83,83.29133333
51.51,61.61,79.79,64.64,94.94,91.91,55.55,85.85,76.76,92.92,70.7,57.57,67.67,89.89,90.9,75.48066667
86.86,86.86,70.7,97.97,72.72,80.8,76.76,62.62,98.98,76.76,69.69,74.74,69.69,55.55,66.66,76.49066667
75.75,81.81,94.94,65.65,66.66,98.98,55.55,99.99,59.59,52.52,61.61,50.5,94.94,63.63,77.77,73.326
65.65,51.51,91.91,82.82,98.98,90.9,74.74,77.77,62.62,92.92,65.65,68.68,88.88,62.62,80.8,77.09666667
77.77,83.83,53.53,89.89,54.54,83.83,69.69,74.74,96.96,86.86,57.57,85.85,90.9,98.98,85.85,79.386
72.72,97.97,54.54,68.68,83.83,63.63,99.99,95.95,77.77,82.82,65.65,88.88,73.73,89.89,59.59,78.376
81.81,90.9,91.91,83.83,98.98,96.96,95.95,88.88,89.89,62.62,56.56,81.81,60.6,55.55,67.67,80.26133333
54.54,99.99,92.92,96.96,90.9,51.51,68.68,82.82,56.56,52.52,83.83,72.72,74.74,69.69,81.81,75.346
63.63,74.74,78.78,96.96,81.81,65.65,84.84,95.95,88.88,77.77,51.51,94.94,93.93,62.62,80.8,79.52066667
78.78,60.6,89.89,81.81,70.7,94.94,75.75,94.94,52.52,69.69,95.95,80.8,76.76,89.89,52.52,77.70266667
79.79,95.95,89.89,98.98,55.55,75.75,74.74,78.78,55.55,90.9,87.87,97.97,50.5,65.65,75.75,78.24133333
59.59,65.65,89.89,93.93,85.85,85.85,71.71,89.89,97.97,82.82,57.57,77.77,50.5,99.99,57.57,77.77
85.85,70.7,82.82,64.64,85.85,97.97,79.79,70.7,88.88,82.82,82.82,66.66,99.99,70.7,58.58,79.25133333
54.54,74.74,84.84,94.94,84.84,54.54,80.8,99.99,88.88,87.87,98.98,53.53,99.99,53.53,65.65,78.51066667
68.68,63.63,52.52,64.64,82.82,91.91,79.79,64.64,78.78,90.9,54.54,81.81,62.62,62.62,62.62,70.83466667
63.63,61.61,72.72,52.52,94.94,69.69,82.82,61.61,84.84,80.8,56.56,66.66,76.76,75.75,59.59,70.7
74.74,73.73,81.81,55.55,89.89,64.64,91.91,77.77,97.97,89.89,76.76,88.88,82.82,77.77,52.52,78.44333333
96.96,62.62,71.71,89.89,77.77,62.62,54.54,86.86,95.95,85.85,85.85,88.88,71.71,75.75,86.86,79.588
58.58,86.86,58.58,97.97,60.6,69.69,80.8,56.56,69.69,69.69,59.59,73.73,82.82,53.53,69.69,69.892
50.5,86.86,81.81,58.58,72.72,79.79,56.56,70.7,56.56,84.84,52.52,73.73,83.83,69.69,72.72,70.094
91.91,82.82,59.59,50.5,84.84,88.88,62.62,92.92,86.86,78.78,94.94,83.83,68.68,79.79,87.87,79.65533333
85.85,70.7,64.64,71.71,57.57,70.7,51.51,50.5,92.92,91.91,71.71,51.51,81.81,61.61,97.97,71.508
89.89,63.63,78.78,62.62,78.78,88.88,59.59,70.7,67.67,90.9,68.68,71.71,88.88,73.73,86.86,76.08666667
76.76,83.83,62.62,98.98,53.53,66.66,73.73,61.61,83.83,90.9,69.69,61.61,62.62,78.78,57.57,72.18133333
99.99,90.9,68.68,69.69,58.58,93.93,68.68,54.54,90.9,84.84,89.89,89.89,83.83,95.95,61.61,80.12666667
58.58,67.67,56.56,75.75,82.82,98.98,63.63,76.76,64.64,72.72,98.98,69.69,97.97,79.79,85.85,76.69266667
92.92,87.87,93.93,54.54,86.86,98.98,68.68,87.87,66.66,54.54,67.67,76.76,55.55,83.83,69.69,76.42333333
98.98,62.62,52.52,65.65,56.56,51.51,99.99,64.64,52.52,76.76,58.58,99.99,81.81,98.98,68.68,72.65266667
85.85,80.8,76.76,99.99,91.91,59.59,80.8,55.55,65.65,52.52,78.78,66.66,77.77,64.64,99.99,75.81733333
79.79,75.75,87.87,51.51,86.86,97.97,80.8,73.73,89.89,57.57,77.77,69.69,77.77,62.62,80.8,76.69266667
80.8,68.68,55.55,50.5,51.51,94.94,68.68,75.75,97.97,85.85,86.86,54.54,79.79,79.79,56.56,72.518
57.57,50.5,92.92,73.73,55.55,91.91,52.52,65.65,96.96,73.73,78.78,95.95,78.78,50.5,65.65,72.04666667
94.94,61.61,79.79,71.71,84.84,80.8,84.84,94.94,80.8,69.69,64.64,83.83,61.61,62.62,93.93,78.03933333
85.85,71.71,53.53,82.82,96.96,98.98,78.78,76.76,73.73,88.88,63.63,65.65,59.59,75.75,51.51,74.942
62.62,92.92,80.8,50.5,85.85,54.54,60.6,77.77,85.85,85.85,90.9,83.83,67.67,67.67,67.67,74.336
61.61,80.8,68.68,74.74,99.99,51.51,83.83,80.8,69.69,64.64,64.64,97.97,94.94,82.82,90.9,77.83733333
82.82,51.51,87.87,82.82,58.58,63.63,50.5,56.56,56.56,94.94,73.73,54.54,61.61,61.61,91.91,68.61266667
83.83,63.63,77.77,64.64,91.91,59.59,52.52,77.77,79.79,50.5,88.88,97.97,68.68,79.79,78.78,74.40333333
87.87,55.55,94.94,72.72,79.79,57.57,62.62,92.92,67.67,75.75,56.56,80.8,86.86,52.52,99.99,74.942
76.76,64.64,64.64,90.9,89.89,72.72,81.81,88.88,56.56,86.86,62.62,70.7,58.58,57.57,68.68,72.78733333
98.98,71.71,51.51,62.62,81.81,58.58,80.8,84.84,61.61,60.6,74.74,63.63,74.74,88.88,95.95,74.06666667
66.66,96.96,69.69,76.76,98.98,92.92,83.83,90.9,89.89,56.56,97.97,75.75,68.68,90.9,61.61,81.204
61.61,91.91,61.61,70.7,63.63,90.9,67.67,62.62,60.6,69.69,89.89,68.68,50.5,80.8,63.63,70.296
77.77,97.97,91.91,93.93,78.78,91.91,66.66,57.57,52.52,72.72,85.85,66.66,75.75,76.76,96.96,78.91466667
85.85,81.81,84.84,91.91,67.67,96.96,69.69,65.65,77.77,64.64,51.51,68.68,51.51,76.76,71.71,73.79733333
83.83,65.65,96.96,62.62,67.67,92.92,52.52,61.61,78.78,93.93,80.8,72.72,99.99,64.64,90.9,77.70266667
92.92,95.95,67.67,88.88,61.61,79.79,65.65,95.95,51.51,99.99,76.76,59.59,91.91,70.7,78.78,78.51066667
50.5,69.69,87.87,89.89,50.5,81.81,79.79,54.54,65.65,50.5,53.53,75.75,50.5,59.59,60.6,65.38066667
61.61,74.74,51.51,52.52,61.61,59.59,90.9,58.58,98.98,64.64,95.95,53.53,67.67,52.52,52.52,66.458
60.6,56.56,53.53,54.54,56.56,64.64,82.82,99.99,99.99,85.85,67.67,96.96,67.67,58.58,98.98,73.66266667
83.83,67.67,88.88,78.78,52.52,71.71,54.54,55.55,92.92,68.68,69.69,96.96,93.93,75.75,66.66,74.538
65.65,51.51,89.89,87.87,64.64,84.84,89.89,94.94,78.78,80.8,66.66,61.61,50.5,82.82,95.95,76.42333333
95.95,80.8,70.7,69.69,74.74,63.63,90.9,85.85,93.93,93.93,79.79,98.98,82.82,59.59,67.67,80.598
67.67,86.86,71.71,66.66,56.56,78.78,75.75,76.76,60.6,98.98,89.89,72.72,92.92,78.78,83.83,77.23133333
83.83,57.57,71.71,57.57,98.98,50.5,72.72,54.54,63.63,87.87,74.74,63.63,99.99,93.93,84.84,74.40333333
54.54,93.93,94.94,79.79,62.62,66.66,71.71,81.81,67.67,85.85,51.51,98.98,70.7,76.76,55.55,74.20133333
59.59,98.98,60.6,74.74,75.75,90.9,93.93,56.56,54.54,68.68,92.92,73.73,82.82,89.89,56.56,75.346
67.67,62.62,66.66,61.61,92.92,88.88,73.73,65.65,90.9,56.56,90.9,66.66,86.86,99.99,97.97,77.972
92.92,95.95,92.92,89.89,67.67,94.94,93.93,83.83,64.64,61.61,60.6,82.82,79.79,53.53,55.55,78.03933333
94.94,54.54,75.75,54.54,89.89,68.68,70.7,99.99,52.52,78.78,99.99,65.65,51.51,54.54,74.74,72.45066667
57.57,73.73,72.72,60.6,92.92,74.74,93.93,68.68,56.56,79.79,77.77,97.97,72.72,62.62,62.62,73.66266667
96.96,96.96,77.77,52.52,57.57,71.71,58.58,65.65,98.98,60.6,79.79,88.88,97.97,51.51,92.92,76.558
89.89,83.83,52.52,52.52,56.56,58.58,92.92,91.91,82.82,89.89,88.88,83.83,51.51,83.83,67.67,75.144
96.96,99.99,67.67,81.81,92.92,61.61,54.54,54.54,93.93,89.89,71.71,50.5,86.86,83.83,54.54,76.08666667
92.92,73.73,83.83,77.77,77.77,93.93,85.85,63.63,81.81,96.96,62.62,96.96,93.93,53.53,59.59,79.65533333
53.53,70.7,77.77,78.78,99.99,90.9,92.92,51.51,80.8,60.6,81.81,61.61,82.82,75.75,67.67,75.144
85.85,89.89,78.78,72.72,58.58,94.94,66.66,96.96,88.88,64.64,85.85,62.62,80.8,96.96,53.53,78.51066667
82.82,84.84,59.59,80.8,74.74,61.61,75.75,95.95,99.99,86.86,79.79,72.72,71.71,86.86,86.86,80.05933333
71.71,84.84,71.71,98.98,82.82,75.75,77.77,65.65,79.79,89.89,68.68,63.63,88.88,69.69,86.86,78.44333333
76.76,93.93,88.88,65.65,81.81,99.99,90.9,72.72,69.69,89.89,86.86,67.67,87.87,82.82,51.51,80.46333333
54.54,92.92,71.71,67.67,65.65,73.73,88.88,78.78,73.73,88.88,60.6,75.75,62.62,80.8,94.94,75.41333333
88.88,50.5,65.65,66.66,53.53,63.63,54.54,93.93,68.68,71.71,79.79,61.61,80.8,95.95,93.93,72.65266667
57.57,56.56,93.93,75.75,64.64,68.68,76.76,97.97,89.89,66.66,99.99,91.91,71.71,52.52,86.86,76.76
64.64,51.51,97.97,93.93,58.58,69.69,85.85,76.76,65.65,98.98,56.56,65.65,76.76,99.99,88.88,76.76
80.8,71.71,67.67,53.53,66.66,94.94,82.82,76.76,57.57,69.69,75.75,90.9,87.87,68.68,56.56,73.46066667
80.8,65.65,93.93,52.52,65.65,90.9,61.61,69.69,98.98,52.52,65.65,70.7,63.63,83.83,79.79,73.05666667
90.9,93.93,74.74,84.84,97.97,99.99,59.59,78.78,93.93,65.65,68.68,95.95,67.67,52.52,89.89,81.002
59.59,70.7,77.77,69.69,85.85,63.63,74.74,79.79,80.8,81.81,58.58,57.57,52.52,68.68,82.82,70.96933333
85.85,99.99,63.63,55.55,95.95,92.92,94.94,58.58,72.72,63.63,69.69,85.85,80.8,93.93,53.53,77.83733333
64.64,60.6,81.81,92.92,73.73,99.99,72.72,91.91,93.93,71.71,74.74,50.5,79.79,73.73,53.53,75.75
80.8,70.7,99.99,60.6,71.71,98.98,69.69,84.84,93.93,55.55,50.5,50.5,83.83,79.79,55.55,73.79733333
59.59,84.84,85.85,70.7,62.62,66.66,74.74,73.73,66.66,96.96,73.73,54.54,65.65,53.53,70.7,70.7
51.51,97.97,88.88,80.8,73.73,73.73,91.91,61.61,51.51,85.85,58.58,63.63,76.76,81.81,95.95,75.61533333
87.87,53.53,95.95,82.82,51.51,67.67,92.92,88.88,58.58,88.88,86.86,96.96,60.6,54.54,81.81,76.62533333
93.93,52.52,79.79,72.72,78.78,57.57,99.99,50.5,57.57,74.74,78.78,86.86,61.61,91.91,76.76,74.26866667
50.5,55.55,87.87,72.72,95.95,93.93,62.62,68.68,74.74,81.81,69.69,85.85,80.8,86.86,95.95,77.568
91.91,82.82,65.65,83.83,85.85,94.94,85.85,90.9,62.62,72.72,80.8,69.69,79.79,59.59,98.98,80.396
78.78,69.69,89.89,67.67,74.74,92.92,65.65,90.9,66.66,94.94,92.92,53.53,80.8,79.79,59.59,77.23133333
55.55,74.74,56.56,84.84,98.98,61.61,88.88,58.58,90.9,82.82,76.76,87.87,77.77,91.91,65.65,76.89466667
97.97,76.76,54.54,87.87,80.8,63.63,65.65,91.91,76.76,50.5,57.57,79.79,54.54,51.51,58.58,69.892
93.93,71.71,96.96,99.99,52.52,82.82,60.6,98.98,74.74,71.71,53.53,64.64,81.81,74.74,95.95,78.30866667
80.8,76.76,76.76,99.99,78.78,65.65,82.82,72.72,75.75,65.65,95.95,64.64,92.92,61.61,90.9,78.78
83.83,74.74,84.84,73.73,53.53,54.54,65.65,88.88,99.99,84.84,95.95,77.77,87.87,93.93,87.87,80.53066667
62.62,71.71,68.68,56.56,90.9,55.55,70.7,88.88,94.94,83.83,81.81,76.76,64.64,54.54,63.63,72.38333333
91.91,74.74,75.75,74.74,92.92,83.83,93.93,71.71,62.62,90.9,87.87,74.74,91.91,87.87,72.72,81.87733333
99.99,54.54,52.52,80.8,88.88,84.84,59.59,89.89,66.66,67.67,56.56,60.6,70.7,71.71,88.88,72.922
55.55,97.97,94.94,57.57,84.84,62.62,83.83,53.53,97.97,74.74,88.88,68.68,85.85,78.78,87.87,78.24133333
84.84,97.97,91.91,60.6,60.6,64.64,89.89,73.73,93.93,83.83,59.59,55.55,65.65,67.67,79.79,75.346
67.67,64.64,77.77,59.59,61.61,64.64,92.92,78.78,70.7,58.58,99.99,88.88,52.52,78.78,87.87,73.66266667
87.87,79.79,84.84,62.62,60.6,73.73,92.92,94.94,82.82,92.92,81.81,90.9,83.83,77.77,85.85,82.214
80.8,68.68,70.7,60.6,73.73,69.69,94.94,61.61,87.87,96.96,87.87,96.96,65.65,78.78,85.85,78.71266667
66.66,73.73,72.72,59.59,78.78,74.74,55.55,55.55,66.66,79.79,95.95,90.9,59.59,56.56,85.85,71.508
68.68,67.67,81.81,95.95,65.65,78.78,77.77,86.86,66.66,84.84,79.79,54.54,73.73,77.77,78.78,75.952
76.76,83.83,71.71,79.79,93.93,87.87,96.96,84.84,72.72,70.7,82.82,83.83,55.55,68.68,94.94,80.32866667
73.73,93.93,51.51,72.72,68.68,71.71,85.85,55.55,55.55,59.59,99.99,87.87,60.6,79.79,93.93,74.06666667
66.66,54.54,67.67,77.77,55.55,97.97,81.81,52.52,57.57,94.94,82.82,97.97,60.6,53.53,81.81,72.24866667
60.6,66.66,80.8,82.82,85.85,97.97,65.65,94.94,97.97,77.77,55.55,83.83,93.93,97.97,87.87,82.012
95.95,54.54,70.7,76.76,88.88,84.84,56.56,87.87,81.81,58.58,99.99,93.93,80.8,58.58,82.82,78.174
52.52,84.84,74.74,93.93,73.73,73.73,99.99,97.97,52.52,98.98,57.57,99.99,59.59,76.76,87.87,78.982
73.73,51.51,90.9,88.88,91.91,83.83,88.88,54.54,67.67,94.94,84.84,97.97,55.55,67.67,51.51,76.28866667
87.87,51.51,86.86,55.55,51.51,94.94,68.68,60.6,66.66,63.63,86.86,50.5,68.68,98.98,51.51,69.62266667
51.51,80.8,54.54,92.92,51.51,83.83,80.8,71.71,62.62,90.9,74.74,58.58,85.85,72.72,65.65,71.912
94.94,54.54,93.93,77.77,78.78,51.51,84.84,81.81,59.59,57.57,73.73,87.87,63.63,72.72,52.52,72.38333333
65.65,66.66,51.51,80.8,99.99,96.96,67.67,68.68,88.88,75.75,70.7,74.74,59.59,50.5,55.55,71.57533333
59.59,60.6,63.63,86.86,59.59,76.76,57.57,60.6,78.78,74.74,95.95,71.71,52.52,54.54,93.93,69.82466667
94.94,52.52,52.52,75.75,90.9,88.88,96.96,66.66,69.69,78.78,89.89,99.99,61.61,60.6,95.95,78.376
67.67,69.69,69.69,98.98,70.7,61.61,72.72,56.56,82.82,87.87,78.78,70.7,73.73,57.57,86.86,73.73
85.85,67.67,86.86,83.83,86.86,72.72,55.55,94.94,71.71,73.73,95.95,77.77,91.91,50.5,62.62,77.23133333
81.81,88.88,74.74,65.65,59.59,64.64,72.72,93.93,60.6,86.86,79.79,75.75,79.79,95.95,93.93,78.30866667
62.62,84.84,52.52,68.68,66.66,58.58,77.77,85.85,88.88,96.96,83.83,57.57,73.73,62.62,55.55,71.77733333
68.68,62.62,67.67,94.94,68.68,94.94,58.58,61.61,82.82,69.69,97.97,77.77,94.94,86.86,68.68,77.09666667
69.69,65.65,70.7,80.8,96.96,78.78,52.52,59.59,55.55,55.55,92.92,82.82,57.57,91.91,60.6,71.44066667
79.79,57.57,57.57,95.95,77.77,79.79,50.5,56.56,51.51,72.72,98.98,74.74,96.96,82.82,81.81,74.336
65.65,55.55,95.95,67.67,73.73,95.95,80.8,55.55,67.67,62.62,91.91,95.95,79.79,82.82,59.59,75.41333333
73.73,53.53,53.53,63.63,56.56,94.94,53.53,52.52,94.94,87.87,82.82,89.89,86.86,69.69,79.79,72.922
54.54,88.88,50.5,68.68,84.84,52.52,51.51,54.54,82.82,95.95,84.84,65.65,97.97,92.92,54.54,72.04666667
83.83,94.94,86.86,97.97,83.83,92.92,52.52,95.95,56.56,77.77,56.56,80.8,87.87,93.93,54.54,79.79
57.57,86.86,55.55,60.6,52.52,81.81,80.8,88.88,90.9,98.98,53.53,57.57,98.98,88.88,66.66,74.67266667
68.68,90.9,63.63,75.75,87.87,96.96,99.99,54.54,76.76,86.86,65.65,79.79,55.55,73.73,63.63,76.01933333
91.91,73.73,59.59,82.82,81.81,88.88,63.63,59.59,52.52,71.71,77.77,91.91,81.81,68.68,61.61,73.86466667
81.81,71.71,98.98,73.73,65.65,76.76,61.61,68.68,72.72,63.63,86.86,70.7,77.77,87.87,79.79,75.88466667
84.84,76.76,65.65,91.91,62.62,85.85,84.84,63.63,81.81,69.69,83.83,96.96,91.91,58.58,96.96,79.72266667
76.76,56.56,97.97,60.6,79.79,94.94,72.72,66.66,91.91,66.66,66.66,92.92,82.82,83.83,57.57,76.558
92.92,92.92,65.65,78.78,90.9,99.99,96.96,97.97,91.91,59.59,61.61,78.78,69.69,75.75,70.7,81.608
88.88,81.81,54.54,75.75,99.99,83.83,72.72,91.91,57.57,69.69,83.83,95.95,64.64,74.74,53.53,76.62533333
75.75,84.84,55.55,55.55,84.84,52.52,72.72,74.74,94.94,70.7,89.89,92.92,53.53,77.77,88.88,75.00933333
59.59,92.92,88.88,50.5,51.51,91.91,78.78,98.98,80.8,79.79,93.93,62.62,54.54,80.8,98.98,77.63533333
55.55,66.66,92.92,90.9,67.67,67.67,56.56,97.97,74.74,57.57,58.58,64.64,80.8,63.63,93.93,72.65266667
81.81,78.78,82.82,71.71,57.57,52.52,90.9,56.56,65.65,58.58,71.71,73.73,50.5,64.64,58.58,67.73733333
50.5,57.57,68.68,70.7,95.95,79.79,98.98,71.71,51.51,55.55,82.82,89.89,97.97,67.67,62.62,73.46066667
56.56,80.8,87.87,94.94,73.73,59.59,97.97,51.51,56.56,78.78,70.7,52.52,76.76,53.53,90.9,72.18133333
51.51,57.57,60.6,62.62,52.52,58.58,73.73,62.62,86.86,87.87,94.94,96.96,62.62,76.76,79.79,71.03666667
77.77,99.99,56.56,79.79,51.51,69.69,74.74,63.63,61.61,71.71,58.58,92.92,70.7,66.66,64.64,70.7
62.62,94.94,97.97,85.85,57.57,84.84,55.55,85.85,90.9,92.92,98.98,54.54,95.95,92.92,98.98,83.35866667
53.53,68.68,96.96,93.93,57.57,73.73,68.68,55.55,96.96,75.75,94.94,96.96,61.61,85.85,84.84,77.70266667
71.71,84.84,77.77,58.58,57.57,51.51,56.56,66.66,85.85,55.55,62.62,62.62,61.61,78.78,78.78,67.40066667
54.54,63.63,91.91,73.73,88.88,86.86,97.97,78.78,97.97,66.66,62.62,86.86,72.72,89.89,53.53,77.77
96.96,77.77,93.93,87.87,86.86,94.94,56.56,50.5,92.92,75.75,57.57,92.92,81.81,90.9,74.74,80.8
66.66,51.51,94.94,61.61,85.85,62.62,63.63,81.81,55.55,90.9,89.89,56.56,67.67,87.87,87.87,73.66266667
57.57,77.77,86.86,58.58,66.66,69.69,54.54,86.86,54.54,97.97,75.75,93.93,56.56,57.57,69.69,70.96933333
94.94,61.61,72.72,99.99,73.73,98.98,74.74,65.65,53.53,92.92,82.82,86.86,82.82,73.73,50.5,77.70266667
94.94,80.8,81.81,60.6,84.84,58.58,92.92,59.59,52.52,53.53,53.53,50.5,67.67,84.84,52.52,68.61266667
92.92,58.58,95.95,67.67,84.84,89.89,64.64,96.96,50.5,85.85,70.7,89.89,97.97,70.7,95.95,80.86733333
77.77,62.62,50.5,55.55,79.79,71.71,99.99,77.77,56.56,81.81,83.83,55.55,72.72,88.88,55.55,71.37333333
74.74,69.69,79.79,85.85,59.59,50.5,84.84,75.75,80.8,80.8,99.99,62.62,55.55,63.63,86.86,74.06666667
56.56,85.85,75.75,89.89,72.72,65.65,57.57,80.8,85.85,75.75,94.94,82.82,83.83,76.76,61.61,76.42333333
73.73,88.88,54.54,99.99,89.89,73.73,79.79,97.97,89.89,52.52,98.98,87.87,91.91,94.94,98.98,84.90733333
66.66,81.81,98.98,79.79,66.66,94.94,99.99,92.92,70.7,82.82,59.59,99.99,89.89,96.96,99.99,85.446
67.67,72.72,73.73,81.81,98.98,79.79,89.89,90.9,61.61,75.75,80.8,83.83,65.65,68.68,75.75,77.83733333
97.97,90.9,88.88,89.89,77.77,79.79,83.83,70.7,59.59,54.54,79.79,98.98,54.54,56.56,52.52,75.75
64.64,69.69,84.84,94.94,59.59,68.68,85.85,88.88,61.61,54.54,63.63,69.69,54.54,78.78,81.81,72.114
77.77,68.68,69.69,51.51,79.79,97.97,95.95,52.52,80.8,90.9,51.51,91.91,89.89,90.9,54.54,76.28866667
79.79,72.72,62.62,93.93,56.56,90.9,96.96,99.99,65.65,83.83,53.53,63.63,89.89,73.73,76.76,77.366
77.77,84.84,85.85,95.95,78.78,50.5,76.76,88.88,97.97,93.93,71.71,81.81,92.92,97.97,97.97,84.90733333
65.65,84.84,68.68,89.89,98.98,63.63,61.61,94.94,92.92,65.65,68.68,93.93,61.61,91.91,68.68,78.10666667
95.95,69.69,66.66,84.84,86.86,81.81,57.57,90.9,68.68,80.8,58.58,65.65,94.94,95.95,80.8,78.64533333
83.83,87.87,87.87,74.74,89.89,53.53,95.95,56.56,85.85,72.72,87.87,84.84,81.81,86.86,66.66,79.79
84.84,93.93,66.66,57.57,55.55,53.53,97.97,97.97,83.83,90.9,82.82,58.58,63.63,94.94,70.7,76.89466667
68.68,94.94,76.76,85.85,97.97,79.79,81.81,92.92,83.83,89.89,71.71,67.67,90.9,74.74,50.5,80.53066667
58.58,67.67,63.63,60.6,74.74,76.76,76.76,61.61,51.51,92.92,95.95,61.61,84.84,54.54,82.82,70.96933333
73.73,54.54,97.97,89.89,51.51,89.89,62.62,72.72,81.81,82.82,57.57,86.86,76.76,55.55,57.57,72.78733333
60.6,53.53,74.74,88.88,55.55,99.99,80.8,67.67,91.91,61.61,60.6,71.71,54.54,74.74,90.9,72.518
77.77,85.85,51.51,60.6,99.99,60.6,73.73,97.97,59.59,87.87,86.86,79.79,79.79,71.71,50.5,74.942
94.94,63.63,64.64,76.76,98.98,50.5,62.62,57.57,56.56,71.71,52.52,73.73,76.76,83.83,51.51,69.084
85.85,65.65,65.65,69.69,68.68,92.92,92.92,59.59,75.75,68.68,61.61,70.7,90.9,64.64,87.87,74.74
58.58,59.59,83.83,92.92,88.88,70.7,62.62,87.87,82.82,98.98,98.98,53.53,67.67,75.75,61.61,76.28866667
91.91,83.83,82.82,55.55,76.76,91.91,59.59,71.71,64.64,90.9,99.99,85.85,51.51,83.83,64.64,77.02933333
69.69,59.59,77.77,64.64,79.79,57.57,98.98,70.7,57.57,98.98,65.65,92.92,90.9,96.96,90.9,78.174
56.56,76.76,51.51,95.95,58.58,80.8,50.5,76.76,91.91,82.82,63.63,91.91,60.6,60.6,94.94,72.922
71.71,91.91,69.69,80.8,60.6,66.66,88.88,59.59,92.92,64.64,93.93,87.87,56.56,82.82,83.83,76.82733333
58.58,57.57,87.87,55.55,57.57,54.54,87.87,70.7,91.91,88.88,72.72,70.7,58.58,52.52,63.63,68.61266667
71.71,56.56,91.91,56.56,98.98,68.68,98.98,61.61,55.55,94.94,67.67,81.81,64.64,75.75,84.84,75.346
88.88,80.8,96.96,67.67,87.87,80.8,62.62,91.91,50.5,80.8,90.9,99.99,60.6,75.75,55.55,78.10666667
67.67,72.72,92.92,60.6,62.62,91.91,67.67,87.87,88.88,54.54,89.89,92.92,79.79,66.66,58.58,75.68266667
64.64,89.89,50.5,67.67,92.92,82.82,70.7,99.99,97.97,93.93,89.89,73.73,51.51,87.87,71.71,79.04933333
96.96,52.52,66.66,69.69,92.92,64.64,58.58,73.73,67.67,72.72,63.63,90.9,78.78,85.85,97.97,75.548
84.84,58.58,79.79,79.79,87.87,72.72,63.63,97.97,85.85,98.98,58.58,50.5,66.66,66.66,59.59,74.134
61.61,80.8,89.89,70.7,72.72,81.81,83.83,68.68,73.73,90.9,56.56,85.85,92.92,61.61,74.74,76.42333333
94.94,66.66,85.85,88.88,82.82,93.93,85.85,72.72,93.93,71.71,99.99,96.96,77.77,89.89,94.94,86.456
77.77,61.61,58.58,87.87,60.6,85.85,92.92,90.9,82.82,73.73,53.53,94.94,77.77,58.58,57.57,74.336
62.62,54.54,86.86,55.55,59.59,69.69,74.74,81.81,97.97,72.72,70.7,98.98,65.65,79.79,82.82,74.26866667
80.8,78.78,89.89,90.9,81.81,69.69,92.92,71.71,97.97,56.56,69.69,93.93,98.98,51.51,68.68,79.588
97.97,89.89,90.9,78.78,59.59,58.58,94.94,65.65,55.55,58.58,62.62,52.52,87.87,85.85,62.62,73.46066667
60.6,57.57,54.54,60.6,81.81,93.93,97.97,79.79,61.61,75.75,56.56,82.82,91.91,74.74,64.64,72.98933333
56.56,76.76,62.62,50.5,52.52,69.69,86.86,72.72,74.74,62.62,86.86,95.95,65.65,65.65,83.83,70.902
84.84,74.74,53.53,92.92,67.67,54.54,56.56,65.65,60.6,55.55,60.6,92.92,55.55,74.74,94.94,69.69
59.59,74.74,76.76,59.59,76.76,76.76,72.72,96.96,54.54,58.58,69.69,66.66,53.53,69.69,78.78,69.69
94.94,81.81,99.99,88.88,56.56,64.64,76.76,92.92,91.91,86.86,62.62,89.89,56.56,86.86,64.64,79.72266667
85.85,65.65,53.53,87.87,74.74,53.53,50.5,54.54,78.78,90.9,70.7,67.67,66.66,72.72,98.98,71.508
74.74,65.65,91.91,53.53,99.99,89.89,55.55,54.54,91.91,91.91,72.72,88.88,94.94,74.74,75.75,78.44333333
71.71,64.64,73.73,69.69,74.74,55.55,82.82,78.78,55.55,84.84,71.71,99.99,90.9,94.94,86.86,77.09666667
64.64,71.71,71.71,88.88,51.51,98.98,83.83,51.51,89.89,74.74,74.74,50.5,96.96,62.62,74.74,73.79733333
99.99,79.79,68.68,92.92,78.78,55.55,69.69,71.71,80.8,87.87,52.52,90.9,78.78,71.71,64.64,76.28866667
85.85,70.7,92.92,88.88,99.99,64.64,59.59,87.87,56.56,87.87,97.97,70.7,90.9,93.93,59.59,80.53066667
68.68,77.77,60.6,56.56,55.55,93.93,85.85,94.94,90.9,56.56,65.65,86.86,78.78,89.89,65.65,75.21133333
69.69,54.54,87.87,52.52,60.6,77.77,82.82,80.8,93.93,89.89,67.67,76.76,60.6,54.54,73.73,72.24866667
75.75,76.76,97.97,97.97,91.91,82.82,53.53,94.94,73.73,75.75,86.86,73.73,84.84,57.57,91.91,81.06933333
95.95,71.71,65.65,84.84,95.95,52.52,62.62,75.75,67.67,76.76,77.77,65.65,76.76,79.79,78.78,75.21133333
54.54,84.84,75.75,65.65,75.75,81.81,82.82,74.74,78.78,98.98,51.51,91.91,59.59,56.56,52.52,72.38333333
59.59,52.52,87.87,96.96,56.56,69.69,96.96,61.61,93.93,79.79,69.69,65.65,62.62,50.5,75.75,71.97933333
98.98,61.61,59.59,75.75,69.69,74.74,92.92,71.71,74.74,67.67,55.55,88.88,56.56,82.82,72.72,73.59533333
58.58,87.87,84.84,86.86,97.97,56.56,54.54,59.59,88.88,61.61,67.67,97.97,97.97,82.82,59.59,76.22133333
98.98,80.8,65.65,97.97,71.71,68.68,94.94,91.91,79.79,70.7,80.8,79.79,83.83,79.79,73.73,81.27133333
59.59,87.87,96.96,85.85,61.61,96.96,77.77,66.66,63.63,53.53,97.97,98.98,78.78,72.72,82.82,78.78
90.9,97.97,72.72,92.92,55.55,50.5,78.78,92.92,72.72,91.91,90.9,99.99,67.67,62.62,98.98,81.13666667
81.81,62.62,85.85,93.93,78.78,84.84,93.93,97.97,98.98,59.59,89.89,92.92,58.58,55.55,61.61,79.79
54.54,95.95,86.86,85.85,80.8,66.66,85.85,60.6,64.64,87.87,96.96,95.95,64.64,64.64,51.51,76.22133333
54.54,74.74,70.7,87.87,70.7,50.5,93.93,98.98,61.61,79.79,75.75,98.98,63.63,58.58,75.75,74.40333333
64.64,80.8,60.6,98.98,79.79,83.83,82.82,75.75,99.99,86.86,65.65,85.85,68.68,81.81,98.98,81.002
65.65,94.94,81.81,90.9,80.8,94.94,77.77,59.59,58.58,61.61,64.64,83.83,52.52,75.75,91.91,75.68266667
84.84,60.6,57.57,77.77,60.6,82.82,84.84,95.95,94.94,53.53,87.87,88.88,70.7,66.66,73.73,76.08666667
74.74,61.61,97.97,83.83,60.6,86.86,60.6,71.71,64.64,75.75,52.52,99.99,70.7,96.96,96.96,77.02933333
55.55,71.71,76.76,72.72,68.68,60.6,63.63,62.62,79.79,72.72,98.98,77.77,67.67,67.67,75.75,71.508
65.65,61.61,75.75,66.66,54.54,78.78,65.65,59.59,63.63,61.61,84.84,80.8,92.92,59.59,58.58,68.68
87.87,59.59,70.7,99.99,94.94,56.56,61.61,78.78,80.8,88.88,56.56,97.97,77.77,65.65,68.68,76.42333333
70.7,52.52,78.78,51.51,78.78,51.51,67.67,69.69,74.74,53.53,62.62,69.69,73.73,61.61,67.67,65.65
71.71,61.61,93.93,94.94,83.83,67.67,81.81,72.72,76.76,59.59,99.99,62.62,89.89,59.59,81.81,77.23133333
93.93,89.89,91.91,88.88,71.71,94.94,87.87,72.72,96.96,82.82,78.78,71.71,74.74,53.53,73.73,81.608
87.87,83.83,99.99,64.64,97.97,78.78,91.91,73.73,91.91,69.69,69.69,58.58,61.61,74.74,79.79,78.982
91.91,91.91,60.6,72.72,51.51,89.89,80.8,50.5,78.78,87.87,97.97,53.53,89.89,87.87,54.54,76.01933333
91.91,91.91,82.82,84.84,56.56,65.65,57.57,83.83,58.58,79.79,66.66,99.99,80.8,65.65,90.9,77.164
52.52,93.93,66.66,55.55,57.57,55.55,68.68,97.97,74.74,84.84,69.69,91.91,60.6,99.99,73.73,73.59533333
81.81,50.5,54.54,80.8,57.57,88.88,65.65,75.75,77.77,67.67,77.77,71.71,70.7,71.71,70.7,70.902
90.9,74.74,80.8,58.58,55.55,85.85,80.8,76.76,76.76,61.61,88.88,50.5,63.63,62.62,84.84,72.85466667
55.55,62.62,66.66,58.58,70.7,78.78,52.52,82.82,88.88,82.82,73.73,90.9,99.99,79.79,99.99,76.28866667
58.58,51.51,88.88,95.95,62.62,63.63,59.59,92.92,55.55,90.9,68.68,78.78,51.51,52.52,75.75,69.82466667
78.78,84.84,68.68,50.5,69.69,61.61,79.79,86.86,76.76,50.5,54.54,55.55,55.55,90.9,79.79,69.62266667
98.98,56.56,56.56,70.7,54.54,77.77,71.71,84.84,86.86,79.79,91.91,87.87,81.81,90.9,53.53,76.28866667
86.86,50.5,93.93,73.73,59.59,76.76,58.58,64.64,73.73,59.59,64.64,80.8,70.7,92.92,90.9,73.19133333
89.89,58.58,79.79,53.53,87.87,64.64,81.81,54.54,66.66,82.82,51.51,94.94,60.6,57.57,84.84,71.306
57.57,70.7,67.67,57.57,86.86,85.85,88.88,94.94,69.69,97.97,63.63,58.58,86.86,57.57,63.63,73.86466667
95.95,88.88,61.61,69.69,65.65,81.81,52.52,70.7,64.64,93.93,86.86,62.62,80.8,84.84,60.6,74.74
81.81,78.78,79.79,74.74,76.76,68.68,56.56,91.91,53.53,73.73,88.88,81.81,93.93,85.85,82.82,77.972
93.93,57.57,95.95,85.85,82.82,76.76,94.94,62.62,84.84,66.66,51.51,66.66,66.66,61.61,94.94,76.22133333
91.91,86.86,59.59,93.93,75.75,92.92,64.64,87.87,78.78,71.71,59.59,57.57,68.68,57.57,59.59,73.79733333
82.82,82.82,54.54,81.81,82.82,80.8,94.94,68.68,80.8,88.88,56.56,56.56,50.5,63.63,72.72,73.25866667
96.96,87.87,67.67,62.62,75.75,64.64,80.8,95.95,64.64,61.61,65.65,89.89,88.88,55.55,51.51,73.99933333
87.87,95.95,63.63,61.61,65.65,93.93,67.67,56.56,77.77,99.99,64.64,65.65,71.71,89.89,85.85,76.558
59.59,55.55,76.76,79.79,96.96,65.65,72.72,87.87,84.84,70.7,92.92,95.95,89.89,54.54,93.93,78.51066667
85.85,85.85,80.8,72.72,96.96,80.8,58.58,80.8,75.75,95.95,90.9,88.88,74.74,79.79,65.65,80.93466667
62.62,97.97,53.53,50.5,60.6,77.77,85.85,96.96,71.71,86.86,62.62,97.97,77.77,92.92,68.68,76.28866667
63.63,60.6,70.7,84.84,83.83,80.8,51.51,64.64,57.57,81.81,90.9,75.75,59.59,78.78,60.6,71.03666667
92.92,93.93,90.9,55.55,93.93,90.9,54.54,87.87,73.73,58.58,85.85,74.74,96.96,64.64,59.59,78.30866667
72.72,59.59,64.64,62.62,78.78,99.99,65.65,94.94,73.73,56.56,84.84,79.79,94.94,97.97,92.92,78.64533333
71.71,59.59,58.58,95.95,59.59,82.82,53.53,61.61,76.76,54.54,87.87,78.78,51.51,69.69,86.86,69.95933333
79.79,69.69,96.96,82.82,82.82,51.51,81.81,80.8,58.58,70.7,67.67,79.79,85.85,88.88,52.52,75.346
75.75,51.51,62.62,69.69,76.76,83.83,87.87,77.77,72.72,98.98,87.87,73.73,87.87,86.86,82.82,78.44333333
93.93,89.89,84.84,56.56,51.51,62.62,86.86,55.55,81.81,79.79,86.86,52.52,83.83,85.85,64.64,74.47066667
71.71,96.96,76.76,67.67,81.81,66.66,61.61,77.77,99.99,85.85,97.97,61.61,64.64,96.96,96.96,80.32866667
96.96,95.95,64.64,83.83,66.66,60.6,62.62,79.79,60.6,86.86,81.81,68.68,67.67,90.9,86.86,76.962
56.56,69.69,58.58,71.71,52.52,65.65,72.72,91.91,80.8,53.53,67.67,78.78,63.63,57.57,71.71,67.53533333
53.53,70.7,59.59,93.93,65.65,54.54,81.81,81.81,95.95,74.74,66.66,65.65,67.67,61.61,72.72,71.104
57.57,50.5,81.81,81.81,78.78,73.73,57.57,73.73,96.96,98.98,70.7,66.66,63.63,88.88,99.99,76.08666667
77.77,68.68,96.96,58.58,80.8,72.72,64.64,70.7,80.8,73.73,89.89,97.97,62.62,69.69,51.51,74.47066667
51.51,60.6,89.89,61.61,76.76,72.72,81.81,93.93,80.8,79.79,95.95,53.53,82.82,64.64,88.88,75.68266667
70.7,58.58,68.68,78.78,86.86,51.51,55.55,59.59,87.87,98.98,82.82,66.66,60.6,52.52,91.91,71.44066667
76.76,96.96,53.53,73.73,63.63,51.51,81.81,55.55,55.55,62.62,97.97,52.52,61.61,82.82,71.71,69.21866667
61.61,96.96,66.66,99.99,53.53,75.75,73.73,81.81,63.63,69.69,84.84,62.62,88.88,83.83,88.88,76.82733333
84.84,66.66,51.51,84.84,51.51,63.63,55.55,82.82,50.5,97.97,81.81,77.77,56.56,58.58,70.7,69.01666667
91.91,75.75,68.68,69.69,84.84,65.65,69.69,97.97,96.96,92.92,75.75,82.82,93.93,64.64,85.85,81.13666667
73.73,80.8,51.51,91.91,76.76,90.9,68.68,66.66,71.71,70.7,58.58,97.97,87.87,55.55,67.67,74.06666667
57.57,79.79,78.78,69.69,71.71,81.81,58.58,74.74,92.92,88.88,54.54,63.63,55.55,67.67,78.78,71.64266667
51.51,72.72,52.52,58.58,91.91,96.96,77.77,69.69,77.77,68.68,58.58,99.99,94.94,50.5,59.59,72.114
74.74,80.8,75.75,96.96,78.78,64.64,50.5,62.62,65.65,98.98,58.58,83.83,79.79,99.99,95.95,77.83733333
88.88,74.74,93.93,99.99,68.68,83.83,95.95,52.52,84.84,62.62,92.92,98.98,61.61,78.78,73.73,80.8
89.89,60.6,53.53,50.5,55.55,52.52,71.71,71.71,74.74,83.83,90.9,62.62,82.82,84.84,69.69,70.36333333
54.54,50.5,73.73,73.73,80.8,96.96,89.89,76.76,95.95,83.83,96.96,75.75,79.79,85.85,87.87,80.194
84.84,77.77,79.79,93.93,84.84,57.57,75.75,88.88,95.95,60.6,86.86,56.56,80.8,96.96,74.74,79.72266667
74.74,97.97,87.87,88.88,76.76,68.68,74.74,59.59,53.53,56.56,98.98,55.55,95.95,61.61,62.62,74.26866667
53.53,84.84,59.59,65.65,89.89,56.56,99.99,91.91,58.58,79.79,71.71,66.66,58.58,94.94,94.94,75.144
83.83,59.59,92.92,85.85,69.69,88.88,69.69,87.87,89.89,89.89,78.78,78.78,88.88,53.53,71.71,79.31866667
66.66,79.79,77.77,58.58,77.77,80.8,57.57,79.79,59.59,64.64,83.83,57.57,96.96,78.78,73.73,72.922
62.62,90.9,76.76,84.84,63.63,97.97,68.68,90.9,60.6,85.85,70.7,71.71,77.77,74.74,63.63,76.08666667
88.88,67.67,87.87,96.96,81.81,54.54,88.88,98.98,55.55,52.52,58.58,99.99,61.61,70.7,76.76,76.08666667
99.99,69.69,56.56,92.92,92.92,69.69,52.52,72.72,71.71,61.61,77.77,83.83,87.87,88.88,72.72,76.76
60.6,72.72,54.54,90.9,77.77,69.69,87.87,61.61,86.86,54.54,76.76,69.69,65.65,73.73,71.71,71.64266667
61.61,88.88,98.98,75.75,70.7,92.92,85.85,61.61,55.55,58.58,83.83,70.7,55.55,62.62,63.63,72.45066667
65.65,83.83,53.53,68.68,58.58,69.69,51.51,59.59,78.78,80.8,71.71,74.74,72.72,70.7,90.9,70.094
81.81,82.82,64.64,63.63,51.51,96.96,54.54,95.95,56.56,78.78,85.85,83.83,87.87,95.95,97.97,78.578
96.96,51.51,60.6,66.66,98.98,58.58,98.98,95.95,86.86,57.57,80.8,74.74,52.52,62.62,92.92,75.75
77.77,84.84,99.99,77.77,93.93,80.8,93.93,85.85,56.56,68.68,51.51,63.63,75.75,62.62,73.73,76.49066667
59.59,97.97,90.9,74.74,58.58,64.64,71.71,51.51,72.72,65.65,51.51,82.82,90.9,71.71,80.8,72.38333333
70.7,55.55,74.74,54.54,92.92,60.6,87.87,61.61,52.52,61.61,89.89,98.98,58.58,54.54,58.58,68.882
92.92,80.8,73.73,90.9,56.56,75.75,81.81,82.82,79.79,61.61,81.81,86.86,68.68,53.53,90.9,77.23133333
72.72,52.52,87.87,60.6,74.74,70.7,72.72,55.55,56.56,69.69,67.67,90.9,69.69,85.85,99.99,72.518
85.85,91.91,77.77,56.56,68.68,81.81,88.88,92.92,99.99,68.68,84.84,90.9,66.66,67.67,92.92,81.06933333
72.72,79.79,90.9,64.64,94.94,86.86,79.79,69.69,54.54,63.63,53.53,94.94,62.62,75.75,91.91,75.75
77.77,50.5,62.62,57.57,99.99,52.52,75.75,75.75,94.94,71.71,56.56,79.79,60.6,55.55,90.9,70.83466667
55.55,77.77,67.67,96.96,51.51,54.54,69.69,95.95,63.63,67.67,77.77,66.66,62.62,57.57,87.87,70.22866667
78.78,51.51,80.8,68.68,52.52,98.98,60.6,89.89,89.89,79.79,55.55,90.9,70.7,64.64,69.69,73.528
58.58,78.78,92.92,84.84,99.99,84.84,79.79,72.72,75.75,64.64,71.71,68.68,87.87,53.53,99.99,78.30866667
60.6,53.53,82.82,61.61,67.67,94.94,76.76,86.86,54.54,84.84,97.97,59.59,50.5,86.86,74.74,72.922
99.99,97.97,79.79,64.64,99.99,96.96,71.71,76.76,70.7,84.84,89.89,61.61,50.5,87.87,95.95,81.94466667
97.97,76.76,91.91,62.62,98.98,85.85,96.96,81.81,54.54,56.56,84.84,69.69,77.77,74.74,56.56,77.83733333
77.77,84.84,53.53,79.79,66.66,72.72,60.6,52.52,64.64,66.66,86.86,66.66,99.99,78.78,91.91,73.59533333
52.52,93.93,88.88,76.76,50.5,98.98,93.93,90.9,93.93,95.95,55.55,74.74,84.84,84.84,72.72,80.598
85.85,66.66,56.56,67.67,86.86,89.89,56.56,59.59,85.85,68.68,67.67,94.94,72.72,93.93,87.87,76.08666667
83.83,50.5,72.72,50.5,60.6,79.79,65.65,87.87,59.59,52.52,99.99,79.79,53.53,64.64,73.73,69.01666667
96.96,90.9,74.74,95.95,62.62,70.7,88.88,63.63,98.98,50.5,60.6,58.58,63.63,78.78,91.91,76.49066667
52.52,95.95,50.5,64.64,96.96,62.62,80.8,93.93,83.83,69.69,93.93,85.85,64.64,60.6,88.88,76.356
70.7,53.53,75.75,65.65,95.95,93.93,86.86,86.86,83.83,55.55,56.56,71.71,67.67,79.79,99.99,76.28866667
86.86,92.92,92.92,51.51,83.83,60.6,86.86,94.94,90.9,63.63,65.65,98.98,57.57,95.95,53.53,78.44333333
92.92,74.74,72.72,63.63,66.66,84.84,85.85,85.85,70.7,73.73,60.6,89.89,77.77,89.89,96.96,79.11666667
65.65,72.72,58.58,62.62,68.68,97.97,68.68,73.73,97.97,81.81,59.59,93.93,91.91,89.89,85.85,77.972
62.62,56.56,58.58,88.88,96.96,90.9,61.61,54.54,85.85,77.77,98.98,69.69,56.56,79.79,93.93,75.548
82.82,94.94,66.66,54.54,90.9,80.8,98.98,78.78,54.54,60.6,80.8,88.88,53.53,57.57,60.6,73.66266667
71.71,86.86,81.81,65.65,52.52,71.71,85.85,96.96,89.89,57.57,63.63,60.6,79.79,67.67,87.87,74.67266667
88.88,61.61,71.71,96.96,82.82,96.96,85.85,85.85,60.6,68.68,95.95,70.7,70.7,80.8,68.68,79.11666667
92.92,56.56,67.67,70.7,50.5,80.8,74.74,91.91,92.92,54.54,82.82,58.58,59.59,50.5,76.76,70.76733333
90.9,53.53,66.66,59.59,85.85,58.58,62.62,57.57,62.62,60.6,95.95,53.53,58.58,83.83,79.79,68.68
84.84,57.57,71.71,92.92,88.88,54.54,83.83,66.66,84.84,52.52,85.85,64.64,79.79,67.67,78.78,74.336
81.81,76.76,86.86,61.61,70.7,77.77,63.63,92.92,92.92,62.62,78.78,90.9,56.56,58.58,86.86,75.952
83.83,56.56,85.85,98.98,92.92,74.74,95.95,77.77,91.91,51.51,60.6,55.55,57.57,90.9,66.66,76.08666667
67.67,50.5,56.56,55.55,68.68,85.85,85.85,82.82,82.82,90.9,52.52,79.79,56.56,86.86,63.63,71.104
75.75,96.96,84.84,69.69,95.95,69.69,55.55,59.59,93.93,68.68,57.57,75.75,59.59,91.91,75.75,75.41333333
90.9,86.86,59.59,72.72,85.85,74.74,94.94,59.59,99.99,97.97,95.95,53.53,56.56,73.73,99.99,80.194
59.59,71.71,99.99,86.86,95.95,58.58,69.69,99.99,50.5,97.97,76.76,81.81,95.95,88.88,77.77,80.8
89.89,94.94,98.98,92.92,64.64,88.88,86.86,53.53,58.58,71.71,54.54,84.84,98.98,75.75,69.69,78.982
50.5,54.54,78.78,84.84,88.88,85.85,60.6,77.77,56.56,75.75,83.83,91.91,75.75,98.98,73.73,75.88466667
74.74,81.81,60.6,85.85,84.84,84.84,66.66,55.55,64.64,94.94,66.66,55.55,57.57,54.54,64.64,70.22866667
97.97,98.98,51.51,73.73,88.88,55.55,58.58,89.89,57.57,61.61,74.74,67.67,86.86,68.68,87.87,74.67266667
68.68,59.59,53.53,90.9,74.74,80.8,52.52,60.6,61.61,83.83,51.51,97.97,55.55,76.76,90.9,70.63266667
79.79,50.5,77.77,96.96,90.9,82.82,61.61,57.57,95.95,72.72,65.65,75.75,53.53,60.6,96.96,74.60533333
90.9,54.54,72.72,76.76,69.69,64.64,77.77,70.7,94.94,51.51,68.68,60.6,69.69,96.96,80.8,73.39333333
57.57,52.52,64.64,93.93,99.99,54.54,52.52,89.89,90.9,69.69,81.81,82.82,90.9,72.72,98.98,76.89466667
64.64,76.76,77.77,59.59,81.81,65.65,56.56,96.96,65.65,61.61,51.51,83.83,92.92,68.68,52.52,70.43066667
75.75,88.88,89.89,93.93,85.85,86.86,62.62,54.54,57.57,59.59,60.6,50.5,98.98,98.98,58.58,74.87466667
85.85,78.78,69.69,90.9,74.74,85.85,82.82,90.9,62.62,66.66,73.73,75.75,73.73,78.78,70.7,77.43333333
63.63,72.72,97.97,59.59,71.71,79.79,68.68,97.97,95.95,80.8,90.9,94.94,96.96,67.67,79.79,81.27133333
71.71,53.53,74.74,96.96,91.91,69.69,87.87,91.91,58.58,89.89,50.5,55.55,54.54,93.93,96.96,75.88466667
72.72,55.55,64.64,50.5,87.87,63.63,96.96,67.67,54.54,90.9,64.64,97.97,67.67,89.89,63.63,72.58533333
92.92,70.7,74.74,65.65,88.88,66.66,98.98,64.64,62.62,64.64,87.87,69.69,53.53,70.7,62.62,72.98933333
90.9,67.67,75.75,94.94,69.69,69.69,99.99,56.56,88.88,57.57,70.7,75.75,96.96,54.54,70.7,76.01933333
81.81,72.72,59.59,95.95,91.91,71.71,81.81,50.5,76.76,66.66,80.8,80.8,55.55,95.95,73.73,75.75
85.85,57.57,75.75,97.97,72.72,60.6,51.51,82.82,57.57,70.7,83.83,80.8,92.92,99.99,58.58,75.27866667
62.62,71.71,74.74,67.67,98.98,53.53,59.59,76.76,79.79,85.85,87.87,55.55,55.55,78.78,56.56,71.03666667
95.95,93.93,92.92,59.59,62.62,81.81,55.55,73.73,94.94,60.6,53.53,84.84,54.54,73.73,86.86,75.00933333
61.61,91.91,69.69,56.56,90.9,95.95,97.97,82.82,75.75,92.92,71.71,91.91,79.79,75.75,98.98,82.28133333
92.92,62.62,70.7,87.87,66.66,62.62,59.59,86.86,80.8,82.82,63.63,51.51,66.66,95.95,54.54,72.38333333
67.67,67.67,81.81,52.52,90.9,51.51,92.92,58.58,88.88,86.86,85.85,72.72,61.61,81.81,83.83,75.00933333
95.95,83.83,87.87,66.66,97.97,86.86,87.87,78.78,65.65,51.51,58.58,97.97,59.59,66.66,86.86,78.174
57.57,53.53,97.97,72.72,62.62,61.61,55.55,83.83,96.96,72.72,72.72,90.9,85.85,60.6,99.99,75.00933333
84.84,72.72,80.8,79.79,56.56,58.58,70.7,94.94,90.9,97.97,67.67,76.76,66.66,74.74,95.95,77.972
60.6,56.56,83.83,72.72,95.95,95.95,94.94,78.78,86.86,82.82,53.53,88.88,88.88,71.71,93.93,80.396
61.61,66.66,80.8,72.72,65.65,61.61,62.62,50.5,71.71,83.83,53.53,95.95,58.58,57.57,74.74,67.872
88.88,92.92,74.74,54.54,65.65,71.71,79.79,78.78,78.78,76.76,81.81,95.95,95.95,79.79,76.76,79.52066667
98.98,96.96,96.96,79.79,56.56,98.98,82.82,83.83,81.81,68.68,71.71,61.61,83.83,82.82,92.92,82.55066667
82.82,75.75,71.71,77.77,71.71,50.5,97.97,89.89,69.69,83.83,83.83,75.75,61.61,71.71,75.75,76.01933333
99.99,75.75,79.79,53.53,73.73,73.73,80.8,77.77,56.56,62.62,73.73,66.66,69.69,54.54,79.79,71.912
57.57,87.87,95.95,89.89,54.54,94.94,54.54,72.72,69.69,53.53,62.62,78.78,77.77,51.51,79.79,72.114
70.7,93.93,84.84,82.82,64.64,80.8,50.5,64.64,63.63,93.93,72.72,91.91,91.91,87.87,86.86,78.78
62.62,54.54,95.95,58.58,88.88,97.97,62.62,96.96,85.85,60.6,85.85,96.96,91.91,61.61,89.89,79.386
56.56,87.87,70.7,84.84,54.54,96.96,71.71,57.57,85.85,98.98,60.6,73.73,52.52,64.64,81.81,73.25866667
54.54,74.74,77.77,72.72,92.92,78.78,69.69,89.89,73.73,53.53,79.79,85.85,68.68,93.93,66.66,75.548
63.63,91.91,51.51,65.65,58.58,58.58,90.9,79.79,94.94,74.74,97.97,84.84,99.99,67.67,58.58,75.952
62.62,73.73,82.82,98.98,82.82,74.74,76.76,62.62,72.72,68.68,60.6,82.82,74.74,86.86,59.59,74.74
54.54,57.57,95.95,72.72,79.79,51.51,80.8,58.58,64.64,78.78,60.6,85.85,73.73,75.75,95.95,72.45066667
83.83,56.56,52.52,52.52,61.61,57.57,76.76,77.77,91.91,86.86,59.59,87.87,66.66,71.71,78.78,70.83466667
91.91,59.59,97.97,87.87,56.56,63.63,57.57,79.79,94.94,92.92,90.9,84.84,89.89,66.66,69.69,78.982
88.88,65.65,70.7,85.85,69.69,70.7,92.92,83.83,76.76,63.63,55.55,69.69,68.68,96.96,93.93,76.89466667
92.92,57.57,54.54,87.87,54.54,79.79,96.96,56.56,71.71,57.57,60.6,54.54,81.81,91.91,89.89,72.58533333
92.92,74.74,89.89,58.58,67.67,83.83,81.81,83.83,87.87,78.78,64.64,89.89,82.82,98.98,50.5,79.11666667
72.72,69.69,94.94,52.52,85.85,57.57,81.81,96.96,56.56,60.6,60.6,74.74,60.6,89.89,87.87,73.528
84.84,83.83,96.96,97.97,71.71,76.76,72.72,61.61,83.83,59.59,94.94,55.55,71.71,78.78,56.56,76.49066667
86.86,56.56,92.92,74.74,53.53,77.77,88.88,95.95,94.94,96.96,84.84,71.71,92.92,92.92,73.73,82.34866667
57.57,54.54,85.85,63.63,63.63,86.86,65.65,63.63,52.52,80.8,68.68,86.86,97.97,69.69,76.76,71.64266667
50.5,71.71,73.73,58.58,71.71,52.52,83.83,51.51,75.75,56.56,82.82,77.77,89.89,83.83,61.61,69.488
79.79,92.92,88.88,98.98,56.56,60.6,81.81,53.53,88.88,62.62,55.55,73.73,61.61,61.61,51.51,71.23866667
72.72,64.64,68.68,84.84,67.67,90.9,68.68,54.54,63.63,66.66,84.84,78.78,76.76,63.63,57.57,70.96933333
62.62,85.85,72.72,60.6,71.71,80.8,62.62,50.5,52.52,67.67,97.97,76.76,64.64,80.8,71.71,70.63266667
66.66,99.99,75.75,95.95,55.55,55.55,67.67,85.85,65.65,84.84,72.72,98.98,95.95,92.92,54.54,77.90466667
85.85,69.69,79.79,76.76,86.86,99.99,54.54,98.98,78.78,78.78,52.52,88.88,81.81,98.98,74.74,80.46333333
51.51,74.74,82.82,68.68,82.82,83.83,99.99,58.58,79.79,58.58,98.98,80.8,71.71,83.83,68.68,76.356
81.81,70.7,52.52,56.56,65.65,62.62,90.9,84.84,51.51,94.94,83.83,95.95,95.95,61.61,84.84,75.61533333
82.82,91.91,59.59,61.61,89.89,59.59,67.67,94.94,57.57,78.78,93.93,99.99,65.65,55.55,93.93,76.89466667
59.59,71.71,56.56,90.9,72.72,84.84,68.68,85.85,60.6,87.87,68.68,93.93,65.65,67.67,91.91,75.144
73.73,62.62,99.99,72.72,56.56,52.52,90.9,75.75,54.54,64.64,73.73,93.93,87.87,75.75,76.76,74.134
86.86,63.63,96.96,57.57,65.65,63.63,59.59,89.89,53.53,78.78,50.5,96.96,97.97,74.74,83.83,74.67266667
96.96,51.51,66.66,57.57,70.7,74.74,50.5,68.68,66.66,58.58,86.86,63.63,81.81,63.63,72.72,68.74733333
92.92,94.94,50.5,88.88,64.64,55.55,76.76,84.84,93.93,58.58,85.85,85.85,90.9,55.55,96.96,78.44333333
62.62,85.85,60.6,98.98,88.88,50.5,64.64,67.67,92.92,71.71,66.66,62.62,62.62,62.62,92.92,72.78733333
59.59,77.77,63.63,60.6,92.92,90.9,81.81,89.89,64.64,98.98,80.8,60.6,70.7,54.54,66.66,74.26866667
55.55,93.93,75.75,63.63,63.63,70.7,76.76,91.91,59.59,55.55,83.83,97.97,74.74,71.71,76.76,74.134
57.57,73.73,98.98,73.73,57.57,50.5,73.73,76.76,53.53,98.98,96.96,72.72,81.81,83.83,59.59,73.99933333
56.56,94.94,94.94,94.94,58.58,84.84,78.78,66.66,64.64,54.54,76.76,61.61,63.63,74.74,74.74,73.39333333
69.69,81.81,85.85,68.68,56.56,70.7,91.91,81.81,94.94,61.61,87.87,64.64,55.55,75.75,77.77,75.00933333
77.77,97.97,76.76,65.65,83.83,80.8,82.82,88.88,70.7,94.94,81.81,62.62,93.93,83.83,87.87,82.012
70.7,88.88,56.56,62.62,63.63,54.54,57.57,58.58,83.83,95.95,62.62,62.62,54.54,52.52,86.86,67.468
68.68,74.74,97.97,63.63,89.89,64.64,52.52,69.69,50.5,84.84,58.58,69.69,59.59,70.7,80.8,70.43066667
77.77,67.67,74.74,98.98,56.56,76.76,79.79,79.79,86.86,54.54,99.99,64.64,52.52,73.73,64.64,73.932
54.54,83.83,86.86,83.83,78.78,69.69,76.76,72.72,60.6,82.82,75.75,58.58,70.7,79.79,74.74,73.99933333
91.91,94.94,95.95,97.97,53.53,85.85,79.79,97.97,58.58,62.62,79.79,95.95,65.65,56.56,76.76,79.588
76.76,72.72,62.62,98.98,69.69,61.61,51.51,57.57,76.76,52.52,76.76,70.7,99.99,55.55,66.66,70.02666667
88.88,86.86,87.87,58.58,74.74,52.52,56.56,61.61,79.79,79.79,53.53,85.85,91.91,99.99,73.73,75.48066667
63.63,60.6,85.85,96.96,65.65,95.95,73.73,55.55,70.7,96.96,81.81,80.8,96.96,76.76,75.75,78.51066667
93.93,79.79,92.92,57.57,74.74,71.71,98.98,78.78,95.95,55.55,58.58,56.56,52.52,72.72,62.62,73.528
55.55,93.93,99.99,98.98,74.74,65.65,68.68,60.6,66.66,83.83,93.93,68.68,57.57,65.65,57.57,74.134
82.82,62.62,96.96,59.59,69.69,71.71,64.64,97.97,50.5,98.98,70.7,52.52,84.84,79.79,63.63,73.79733333
69.69,89.89,59.59,90.9,98.98,63.63,99.99,88.88,87.87,75.75,82.82,92.92,87.87,81.81,57.57,81.87733333
50.5,76.76,72.72,52.52,57.57,97.97,66.66,93.93,51.51,98.98,74.74,69.69,58.58,69.69,89.89,72.114
86.86,94.94,86.86,93.93,92.92,73.73,88.88,60.6,67.67,62.62,77.77,78.78,65.65,64.64,83.83,78.64533333
83.83,81.81,52.52,62.62,53.53,64.64,92.92,57.57,89.89,80.8,76.76,55.55,53.53,79.79,78.78,70.96933333
75.75,72.72,63.63,78.78,53.53,87.87,89.89,94.94,96.96,70.7,81.81,84.84,59.59,61.61,84.84,77.164
98.98,89.89,88.88,59.59,71.71,56.56,56.56,50.5,67.67,52.52,88.88,51.51,51.51,77.77,88.88,70.094
80.8,55.55,54.54,81.81,75.75,98.98,90.9,85.85,84.84,87.87,86.86,61.61,96.96,50.5,57.57,76.69266667
59.59,63.63,83.83,91.91,63.63,66.66,84.84,62.62,51.51,80.8,61.61,58.58,83.83,50.5,76.76,69.35333333
98.98,98.98,99.99,71.71,61.61,97.97,84.84,97.97,75.75,81.81,76.76,86.86,88.88,57.57,64.64,82.95466667
57.57,54.54,95.95,84.84,55.55,84.84,84.84,74.74,86.86,98.98,81.81,88.88,65.65,83.83,52.52,76.76
71.71,93.93,62.62,57.57,51.51,62.62,82.82,99.99,98.98,58.58,59.59,95.95,87.87,82.82,69.69,75.75
73.73,69.69,94.94,57.57,88.88,90.9,65.65,75.75,71.71,94.94,60.6,83.83,71.71,53.53,71.71,75.00933333
88.88,73.73,79.79,76.76,67.67,78.78,77.77,85.85,52.52,67.67,77.77,96.96,80.8,64.64,95.95,77.70266667
66.66,65.65,93.93,73.73,88.88,65.65,73.73,59.59,59.59,77.77,69.69,99.99,90.9,54.54,63.63,73.59533333
66.66,73.73,69.69,70.7,98.98,79.79,75.75,73.73,64.64,77.77,94.94,76.76,61.61,53.53,80.8,74.60533333
51.51,92.92,91.91,80.8,79.79,62.62,91.91,84.84,61.61,88.88,87.87,53.53,84.84,67.67,90.9,78.10666667
77.77,63.63,72.72,73.73,84.84,61.61,65.65,84.84,66.66,80.8,66.66,87.87,66.66,70.7,51.51,71.71
69.69,86.86,50.5,55.55,54.54,63.63,89.89,86.86,89.89,59.59,51.51,53.53,73.73,79.79,83.83,69.95933333
90.9,62.62,58.58,59.59,92.92,79.79,53.53,52.52,50.5,64.64,54.54,73.73,50.5,54.54,94.94,66.256
76.76,97.97,71.71,91.91,77.77,74.74,88.88,80.8,90.9,95.95,54.54,96.96,76.76,60.6,82.82,81.27133333
84.84,91.91,52.52,78.78,54.54,51.51,63.63,88.88,93.93,97.97,98.98,92.92,61.61,90.9,91.91,79.65533333
96.96,73.73,98.98,60.6,93.93,81.81,90.9,84.84,70.7,65.65,53.53,81.81,82.82,63.63,92.92,79.52066667
53.53,90.9,69.69,50.5,86.86,55.55,65.65,64.64,59.59,92.92,89.89,55.55,57.57,90.9,76.76,70.7
92.92,60.6,58.58,56.56,54.54,58.58,98.98,88.88,58.58,68.68,65.65,50.5,83.83,81.81,56.56,69.01666667
82.82,50.5,52.52,96.96,61.61,69.69,64.64,53.53,57.57,56.56,74.74,57.57,86.86,65.65,69.69,66.72733333
91.91,70.7,83.83,72.72,56.56,76.76,79.79,66.66,65.65,58.58,71.71,79.79,70.7,93.93,71.71,74.06666667
86.86,61.61,57.57,80.8,83.83,91.91,85.85,70.7,97.97,79.79,69.69,88.88,59.59,94.94,50.5,77.366
81.81,69.69,60.6,55.55,95.95,99.99,72.72,89.89,75.75,52.52,59.59,95.95,97.97,97.97,80.8,79.11666667
76.76,74.74,97.97,88.88,53.53,92.92,55.55,61.61,92.92,91.91,75.75,74.74,75.75,61.61,96.96,78.10666667
86.86,66.66,78.78,67.67,93.93,70.7,70.7,62.62,75.75,63.63,59.59,79.79,91.91,82.82,71.71,74.87466667
99.99,56.56,55.55,50.5,61.61,58.58,71.71,64.64,62.62,74.74,96.96,67.67,74.74,54.54,59.59,67.33333333
51.51,54.54,96.96,94.94,97.97,69.69,74.74,71.71,98.98,88.88,66.66,93.93,76.76,89.89,59.59,79.11666667
87.87,58.58,55.55,71.71,68.68,78.78,97.97,72.72,56.56,64.64,92.92,71.71,59.59,72.72,88.88,73.25866667
58.58,99.99,83.83,82.82,59.59,75.75,74.74,80.8,63.63,70.7,76.76,95.95,64.64,77.77,87.87,76.89466667
69.69,68.68,97.97,52.52,85.85,85.85,72.72,76.76,76.76,99.99,71.71,65.65,66.66,67.67,89.89,76.558
70.7,93.93,89.89,60.6,70.7,99.99,66.66,90.9,82.82,56.56,59.59,91.91,97.97,92.92,51.51,78.44333333
69.69,63.63,81.81,76.76,90.9,97.97,95.95,60.6,60.6,93.93,63.63,62.62,81.81,69.69,67.67,75.81733333
69.69,72.72,68.68,62.62,86.86,95.95,87.87,64.64,50.5,88.88,54.54,68.68,95.95,97.97,53.53,74.60533333
78.78,85.85,55.55,52.52,66.66,80.8,56.56,75.75,91.91,60.6,60.6,77.77,60.6,69.69,92.92,71.104
73.73,61.61,76.76,71.71,96.96,91.91,87.87,70.7,82.82,82.82,57.57,80.8,80.8,69.69,85.85,78.10666667
77.77,53.53,72.72,83.83,79.79,68.68,91.91,76.76,50.5,78.78,82.82,88.88,97.97,77.77,97.97,78.64533333
99.99,50.5,62.62,70.7,63.63,55.55,76.76,93.93,83.83,88.88,69.69,98.98,86.86,50.5,85.85,75.88466667
68.68,54.54,55.55,91.91,68.68,75.75,74.74,98.98,79.79,60.6,54.54,51.51,54.54,89.89,89.89,71.306
53.53,54.54,50.5,67.67,63.63,87.87,74.74,56.56,52.52,75.75,86.86,92.92,89.89,53.53,53.53,67.60266667
50.5,68.68,65.65,72.72,56.56,88.88,90.9,87.87,51.51,68.68,79.79,79.79,73.73,52.52,92.92,72.04666667
83.83,84.84,86.86,53.53,77.77,59.59,68.68,95.95,63.63,56.56,72.72,59.59,90.9,95.95,73.73,74.942
79.79,84.84,88.88,62.62,53.53,75.75,76.76,89.89,98.98,92.92,66.66,84.84,63.63,56.56,83.83,77.29866667
59.59,97.97,50.5,50.5,78.78,64.64,56.56,96.96,95.95,99.99,89.89,89.89,81.81,73.73,90.9,78.51066667
54.54,76.76,90.9,82.82,50.5,84.84,53.53,61.61,70.7,73.73,52.52,86.86,96.96,50.5,90.9,71.84466667
95.95,79.79,76.76,89.89,62.62,73.73,60.6,74.74,94.94,56.56,94.94,70.7,99.99,73.73,81.81,79.11666667
73.73,82.82,61.61,73.73,93.93,72.72,53.53,87.87,84.84,99.99,96.96,64.64,60.6,86.86,77.77,78.10666667
58.58,53.53,87.87,72.72,86.86,80.8,73.73,84.84,66.66,96.96,62.62,52.52,81.81,68.68,62.62,72.72
97.97,77.77,57.57,90.9,59.59,55.55,71.71,96.96,92.92,63.63,69.69,51.51,71.71,99.99,78.78,75.75
95.95,81.81,79.79,97.97,99.99,62.62,70.7,54.54,57.57,99.99,56.56,98.98,96.96,89.89,65.65,80.598
87.87,80.8,74.74,60.6,79.79,87.87,53.53,89.89,83.83,95.95,71.71,68.68,60.6,54.54,92.92,76.22133333
87.87,54.54,64.64,93.93,99.99,51.51,83.83,52.52,71.71,75.75,95.95,87.87,75.75,99.99,75.75,78.10666667
55.55,97.97,60.6,50.5,97.97,99.99,87.87,50.5,61.61,53.53,81.81,61.61,54.54,54.54,57.57,68.41066667
88.88,79.79,52.52,96.96,69.69,78.78,99.99,87.87,84.84,97.97,76.76,57.57,87.87,58.58,94.94,80.86733333
52.52,99.99,69.69,75.75,63.63,83.83,99.99,65.65,65.65,62.62,93.93,94.94,94.94,99.99,84.84,80.53066667
91.91,99.99,87.87,55.55,69.69,72.72,58.58,55.55,83.83,99.99,66.66,86.86,56.56,54.54,96.96,75.81733333
85.85,78.78,86.86,66.66,97.97,87.87,73.73,63.63,78.78,56.56,66.66,91.91,74.74,82.82,66.66,77.29866667
56.56,52.52,88.88,80.8,55.55,78.78,62.62,61.61,79.79,78.78,52.52,63.63,91.91,60.6,79.79,69.62266667
65.65,82.82,52.52,64.64,90.9,91.91,71.71,83.83,70.7,55.55,90.9,63.63,87.87,55.55,81.81,73.99933333
56.56,88.88,73.73,51.51,71.71,64.64,67.67,55.55,89.89,72.72,73.73,84.84,93.93,76.76,64.64,72.45066667
72.72,99.99,64.64,95.95,79.79,61.61,85.85,78.78,67.67,51.51,74.74,69.69,80.8,94.94,56.56,75.68266667
98.98,98.98,58.58,64.64,71.71,85.85,87.87,65.65,51.51,57.57,97.97,83.83,56.56,71.71,74.74,75.07666667
60.6,96.96,62.62,60.6,82.82,79.79,63.63,56.56,80.8,60.6,56.56,61.61,97.97,90.9,62.62,71.64266667
67.67,83.83,81.81,59.59,67.67,57.57,56.56,59.59,84.84,79.79,99.99,94.94,66.66,61.61,51.51,71.57533333
65.65,62.62,80.8,69.69,90.9,70.7,72.72,59.59,91.91,81.81,98.98,72.72,56.56,67.67,58.58,73.39333333
76.76,97.97,67.67,98.98,78.78,88.88,55.55,63.63,68.68,89.89,59.59,65.65,82.82,51.51,55.55,73.46066667
52.52,86.86,86.86,72.72,55.55,97.97,91.91,95.95,88.88,89.89,86.86,53.53,67.67,60.6,65.65,76.89466667
99.99,97.97,55.55,56.56,71.71,98.98,64.64,91.91,97.97,58.58,68.68,64.64,52.52,94.94,86.86,77.43333333
60.6,72.72,90.9,85.85,57.57,61.61,74.74,64.64,55.55,68.68,66.66,69.69,89.89,78.78,60.6,70.56533333
97.97,99.99,64.64,85.85,57.57,64.64,74.74,62.62,81.81,73.73,98.98,80.8,75.75,73.73,56.56,76.62533333
58.58,94.94,90.9,50.5,69.69,65.65,82.82,64.64,55.55,65.65,51.51,54.54,93.93,75.75,97.97,71.508
52.52,63.63,79.79,79.79,96.96,64.64,54.54,53.53,71.71,80.8,92.92,62.62,76.76,58.58,67.67,70.43066667
86.86,67.67,67.67,50.5,61.61,66.66,56.56,94.94,68.68,50.5,90.9,54.54,85.85,78.78,74.74,70.43066667
96.96,93.93,98.98,79.79,81.81,93.93,75.75,83.83,87.87,57.57,58.58,70.7,50.5,63.63,71.71,77.70266667
73.73,73.73,61.61,67.67,94.94,55.55,60.6,62.62,98.98,66.66,89.89,61.61,91.91,85.85,94.94,76.01933333
80.8,72.72,93.93,66.66,89.89,58.58,91.91,56.56,72.72,54.54,92.92,52.52,52.52,57.57,80.8,71.64266667
98.98,75.75,94.94,56.56,57.57,88.88,72.72,78.78,98.98,58.58,82.82,88.88,79.79,57.57,65.65,77.09666667
96.96,82.82,95.95,93.93,89.89,52.52,59.59,76.76,69.69,61.61,70.7,76.76,89.89,81.81,74.74,78.24133333
94.94,78.78,99.99,71.71,97.97,57.57,72.72,64.64,86.86,88.88,88.88,78.78,74.74,82.82,85.85,81.67533333
70.7,88.88,53.53,51.51,64.64,79.79,91.91,95.95,80.8,75.75,96.96,91.91,88.88,86.86,51.51,77.972
78.78,85.85,80.8,60.6,89.89,58.58,52.52,54.54,53.53,67.67,66.66,83.83,89.89,91.91,54.54,71.306
64.64,61.61,61.61,67.67,93.93,98.98,77.77,93.93,52.52,74.74,68.68,53.53,89.89,70.7,65.65,73.05666667
58.58,78.78,83.83,97.97,89.89,93.93,72.72,55.55,63.63,57.57,65.65,54.54,59.59,96.96,88.88,74.538
80.8,92.92,60.6,95.95,76.76,64.64,82.82,66.66,76.76,58.58,69.69,61.61,86.86,83.83,96.96,77.02933333
59.59,55.55,51.51,83.83,58.58,79.79,51.51,98.98,76.76,81.81,72.72,94.94,61.61,56.56,54.54,69.21866667
73.73,64.64,54.54,82.82,72.72,71.71,76.76,62.62,98.98,54.54,78.78,91.91,89.89,63.63,79.79,74.47066667
56.56,86.86,85.85,92.92,74.74,64.64,75.75,69.69,86.86,79.79,88.88,89.89,51.51,84.84,75.75,77.63533333
73.73,91.91,76.76,63.63,88.88,67.67,58.58,98.98,73.73,80.8,69.69,57.57,75.75,61.61,81.81,74.74
81.81,85.85,52.52,63.63,78.78,73.73,65.65,59.59,65.65,87.87,59.59,69.69,51.51,66.66,71.71,68.94933333
52.52,83.83,57.57,68.68,87.87,91.91,69.69,76.76,52.52,77.77,74.74,54.54,92.92,96.96,88.88,75.144
92.92,86.86,99.99,61.61,69.69,87.87,54.54,63.63,63.63,76.76,85.85,85.85,88.88,51.51,92.92,77.50066667
71.71,93.93,61.61,86.86,52.52,51.51,96.96,73.73,70.7,52.52,65.65,99.99,73.73,66.66,72.72,72.72
90.9,81.81,84.84,73.73,73.73,62.62,87.87,62.62,94.94,77.77,96.96,68.68,72.72,66.66,78.78,78.30866667
83.83,67.67,93.93,73.73,82.82,81.81,77.77,74.74,59.59,64.64,62.62,64.64,67.67,87.87,71.71,74.336
94.94,77.77,84.84,64.64,71.71,92.92,84.84,81.81,74.74,73.73,56.56,83.83,65.65,68.68,95.95,78.174
67.67,76.76,73.73,67.67,97.97,95.95,81.81,86.86,74.74,93.93,51.51,53.53,69.69,68.68,50.5,74.06666667
93.93,88.88,78.78,57.57,88.88,85.85,90.9,86.86,54.54,82.82,83.83,86.86,87.87,73.73,88.88,82.012
72.72,94.94,50.5,91.91,95.95,91.91,91.91,84.84,66.66,51.51,68.68,77.77,59.59,84.84,54.54,75.88466667
73.73,57.57,71.71,98.98,97.97,59.59,66.66,61.61,75.75,53.53,82.82,92.92,69.69,65.65,95.95,74.942
64.64,68.68,85.85,94.94,99.99,72.72,77.77,85.85,71.71,53.53,80.8,88.88,98.98,63.63,90.9,79.92466667
67.67,73.73,88.88,59.59,96.96,55.55,72.72,70.7,84.84,83.83,98.98,94.94,84.84,62.62,71.71,77.83733333
61.61,59.59,86.86,53.53,51.51,83.83,85.85,83.83,98.98,55.55,96.96,56.56,78.78,54.54,94.94,73.528
95.95,66.66,51.51,84.84,69.69,61.61,97.97,60.6,85.85,70.7,74.74,93.93,87.87,75.75,57.57,75.68266667
51.51,52.52,59.59,55.55,75.75,99.99,91.91,98.98,50.5,95.95,91.91,82.82,96.96,74.74,57.57,75.75
63.63,83.83,68.68,76.76,66.66,79.79,62.62,57.57,76.76,96.96,91.91,73.73,62.62,72.72,76.76,74.06666667
54.54,74.74,76.76,79.79,51.51,64.64,67.67,99.99,86.86,82.82,90.9,60.6,97.97,50.5,73.73,74.20133333
52.52,54.54,64.64,54.54,55.55,70.7,50.5,97.97,92.92,83.83,69.69,88.88,60.6,67.67,96.96,70.76733333
95.95,70.7,76.76,54.54,96.96,61.61,63.63,78.78,68.68,52.52,80.8,81.81,61.61,92.92,54.54,72.78733333
54.54,98.98,97.97,94.94,77.77,78.78,80.8,72.72,78.78,58.58,77.77,56.56,83.83,61.61,87.87,77.43333333
96.96,74.74,52.52,71.71,71.71,85.85,64.64,79.79,93.93,61.61,93.93,89.89,51.51,74.74,58.58,74.80733333
81.81,64.64,87.87,92.92,88.88,62.62,84.84,66.66,81.81,62.62,63.63,90.9,59.59,65.65,80.8,75.68266667
92.92,63.63,62.62,60.6,67.67,65.65,68.68,95.95,56.56,64.64,74.74,96.96,73.73,57.57,72.72,71.64266667
79.79,87.87,89.89,93.93,99.99,86.86,68.68,77.77,76.76,73.73,95.95,51.51,82.82,99.99,58.58,81.608
59.59,87.87,55.55,54.54,92.92,92.92,82.82,77.77,54.54,73.73,67.67,57.57,66.66,86.86,67.67,71.912
70.7,96.96,59.59,85.85,84.84,61.61,89.89,98.98,86.86,61.61,63.63,67.67,79.79,80.8,60.6,76.62533333
71.71,66.66,83.83,93.93,84.84,95.95,97.97,52.52,50.5,56.56,54.54,68.68,81.81,83.83,57.57,73.39333333
86.86,65.65,83.83,86.86,90.9,68.68,62.62,54.54,64.64,74.74,77.77,73.73,69.69,74.74,67.67,73.528
89.89,54.54,90.9,60.6,57.57,53.53,69.69,59.59,80.8,79.79,89.89,65.65,88.88,77.77,84.84,73.59533333
63.63,50.5,80.8,87.87,94.94,92.92,89.89,78.78,95.95,82.82,85.85,60.6,82.82,73.73,54.54,78.376
94.94,87.87,90.9,53.53,58.58,67.67,69.69,58.58,80.8,99.99,59.59,88.88,98.98,61.61,98.98,78.03933333
83.83,51.51,54.54,59.59,97.97,51.51,79.79,75.75,85.85,64.64,91.91,71.71,55.55,89.89,64.64,71.912
53.53,59.59,80.8,65.65,84.84,57.57,52.52,65.65,80.8,90.9,99.99,57.57,64.64,85.85,94.94,72.98933333
93.93,67.67,92.92,85.85,54.54,73.73,53.53,54.54,95.95,83.83,60.6,68.68,72.72,87.87,72.72,74.60533333
81.81,73.73,67.67,73.73,76.76,51.51,96.96,61.61,80.8,81.81,97.97,61.61,69.69,78.78,67.67,74.80733333
71.71,91.91,91.91,51.51,95.95,73.73,74.74,92.92,93.93,90.9,70.7,89.89,95.95,82.82,86.86,83.69533333
98.98,94.94,85.85,99.99,77.77,70.7,54.54,93.93,72.72,68.68,60.6,90.9,56.56,83.83,79.79,79.31866667
61.61,76.76,53.53,81.81,57.57,60.6,88.88,76.76,84.84,58.58,83.83,87.87,88.88,58.58,73.73,72.922
62.62,67.67,90.9,58.58,83.83,56.56,77.77,55.55,79.79,62.62,70.7,96.96,97.97,53.53,68.68,72.24866667
74.74,84.84,95.95,92.92,83.83,67.67,91.91,74.74,92.92,65.65,56.56,88.88,66.66,84.84,66.66,79.25133333
53.53,82.82,55.55,62.62,76.76,92.92,91.91,85.85,51.51,73.73,51.51,52.52,78.78,95.95,91.91,73.19133333
74.74,68.68,53.53,64.64,86.86,76.76,69.69,79.79,91.91,56.56,91.91,73.73,87.87,78.78,63.63,74.60533333
93.93,74.74,87.87,80.8,71.71,75.75,86.86,97.97,57.57,82.82,75.75,67.67,90.9,71.71,67.67,78.91466667
74.74,53.53,73.73,83.83,99.99,79.79,58.58,82.82,68.68,50.5,70.7,51.51,96.96,51.51,89.89,72.45066667
68.68,88.88,61.61,63.63,55.55,98.98,51.51,81.81,62.62,52.52,51.51,77.77,83.83,52.52,66.66,67.872
96.96,68.68,84.84,83.83,55.55,63.63,83.83,63.63,54.54,88.88,71.71,59.59,80.8,91.91,73.73,74.80733333
77.77,99.99,53.53,73.73,69.69,96.96,71.71,84.84,80.8,81.81,90.9,98.98,63.63,91.91,52.52,79.25133333
52.52,74.74,78.78,67.67,90.9,69.69,68.68,89.89,99.99,54.54,90.9,89.89,72.72,64.64,59.59,75.00933333
95.95,51.51,92.92,77.77,51.51,51.51,90.9,80.8,89.89,52.52,94.94,50.5,69.69,94.94,85.85,75.41333333
91.91,91.91,80.8,90.9,50.5,77.77,78.78,65.65,84.84,58.58,77.77,81.81,85.85,51.51,51.51,74.67266667
86.86,59.59,54.54,91.91,58.58,82.82,75.75,97.97,63.63,87.87,56.56,65.65,68.68,75.75,76.76,73.528
80.8,52.52,57.57,70.7,56.56,60.6,75.75,80.8,87.87,60.6,66.66,89.89,86.86,98.98,97.97,74.942
65.65,80.8,91.91,90.9,88.88,54.54,92.92,81.81,95.95,67.67,78.78,71.71,89.89,67.67,72.72,79.45333333
56.56,56.56,82.82,80.8,59.59,60.6,65.65,98.98,81.81,83.83,73.73,91.91,71.71,61.61,79.79,73.73
97.97,84.84,52.52,84.84,75.75,78.78,72.72,89.89,62.62,97.97,57.57,74.74,94.94,88.88,89.89,80.26133333
80.8,89.89,80.8,70.7,61.61,53.53,98.98,54.54,53.53,80.8,61.61,59.59,56.56,71.71,61.61,69.084
88.88,61.61,52.52,66.66,81.81,96.96,72.72,75.75,60.6,92.92,60.6,99.99,66.66,79.79,68.68,75.07666667
60.6,84.84,79.79,67.67,96.96,91.91,58.58,69.69,79.79,51.51,53.53,94.94,84.84,78.78,98.98,76.82733333
94.94,51.51,75.75,57.57,70.7,87.87,78.78,94.94,73.73,92.92,83.83,69.69,94.94,93.93,69.69,79.386
72.72,69.69,95.95,92.92,98.98,56.56,57.57,72.72,92.92,98.98,69.69,68.68,55.55,84.84,98.98,79.11666667
53.53,75.75,77.77,93.93,96.96,93.93,59.59,51.51,57.57,52.52,59.59,91.91,61.61,99.99,84.84,74.06666667
98.98,72.72,73.73,91.91,92.92,71.71,95.95,67.67,70.7,86.86,57.57,79.79,72.72,53.53,57.57,76.28866667
77.77,86.86,92.92,90.9,96.96,51.51,73.73,98.98,76.76,86.86,94.94,98.98,53.53,73.73,94.94,83.29133333
93.93,77.77,77.77,55.55,79.79,70.7,65.65,69.69,91.91,80.8,70.7,56.56,81.81,65.65,63.63,73.46066667
83.83,59.59,69.69,79.79,50.5,79.79,73.73,94.94,53.53,90.9,81.81,66.66,72.72,71.71,99.99,75.27866667
88.88,78.78,61.61,97.97,54.54,79.79,77.77,57.57,50.5,78.78,52.52,79.79,85.85,63.63,50.5,70.56533333
74.74,85.85,67.67,62.62,95.95,54.54,71.71,65.65,83.83,72.72,53.53,86.86,72.72,64.64,76.76,72.65266667
91.91,94.94,52.52,71.71,94.94,58.58,75.75,85.85,64.64,78.78,50.5,58.58,80.8,66.66,76.76,73.528
51.51,83.83,68.68,66.66,76.76,89.89,54.54,79.79,56.56,86.86,68.68,66.66,92.92,54.54,65.65,70.902
72.72,58.58,58.58,82.82,82.82,63.63,53.53,77.77,63.63,57.57,67.67,57.57,59.59,88.88,61.61,67.13133333
65.65,88.88,66.66,57.57,94.94,50.5,59.59,59.59,73.73,72.72,66.66,76.76,75.75,79.79,83.83,71.508
79.79,69.69,56.56,66.66,78.78,89.89,61.61,62.62,76.76,69.69,61.61,63.63,84.84,78.78,83.83,72.316
94.94,81.81,97.97,53.53,86.86,66.66,74.74,91.91,61.61,61.61,90.9,57.57,82.82,76.76,80.8,77.366
82.82,73.73,98.98,60.6,73.73,67.67,72.72,55.55,76.76,81.81,83.83,64.64,58.58,76.76,78.78,73.79733333
66.66,92.92,98.98,97.97,92.92,75.75,81.81,74.74,79.79,53.53,72.72,64.64,91.91,82.82,90.9,81.204
91.91,59.59,90.9,85.85,73.73,80.8,76.76,80.8,95.95,51.51,59.59,53.53,76.76,64.64,76.76,74.60533333
86.86,84.84,82.82,89.89,81.81,93.93,55.55,89.89,61.61,59.59,63.63,93.93,72.72,89.89,68.68,78.376
67.67,63.63,80.8,93.93,81.81,88.88,96.96,97.97,57.57,85.85,74.74,78.78,66.66,73.73,67.67,78.44333333
99.99,87.87,62.62,97.97,56.56,50.5,54.54,78.78,95.95,60.6,53.53,75.75,81.81,59.59,50.5,71.104
75.75,60.6,85.85,60.6,70.7,62.62,78.78,58.58,90.9,86.86,54.54,60.6,64.64,84.84,66.66,70.83466667
55.55,78.78,68.68,60.6,83.83,63.63,91.91,95.95,74.74,83.83,67.67,63.63,81.81,85.85,54.54,74.06666667
55.55,64.64,56.56,71.71,97.97,87.87,70.7,95.95,56.56,58.58,58.58,59.59,75.75,97.97,50.5,70.56533333
67.67,87.87,55.55,84.84,91.91,56.56,73.73,95.95,68.68,52.52,61.61,96.96,50.5,94.94,67.67,73.79733333
87.87,62.62,87.87,94.94,50.5,69.69,58.58,79.79,80.8,62.62,94.94,90.9,62.62,66.66,50.5,73.39333333
96.96,54.54,66.66,93.93,98.98,95.95,60.6,62.62,54.54,53.53,78.78,67.67,63.63,59.59,70.7,71.912
91.91,87.87,70.7,89.89,76.76,98.98,92.92,72.72,95.95,66.66,96.96,64.64,92.92,75.75,79.79,83.628
60.6,60.6,99.99,78.78,55.55,50.5,68.68,65.65,96.96,79.79,88.88,87.87,51.51,71.71,87.87,73.66266667
51.51,99.99,86.86,97.97,79.79,83.83,81.81,75.75,62.62,72.72,55.55,94.94,82.82,94.94,85.85,80.46333333
88.88,60.6,68.68,84.84,82.82,53.53,68.68,62.62,94.94,64.64,54.54,98.98,53.53,78.78,78.78,72.98933333
69.69,71.71,56.56,66.66,89.89,62.62,94.94,85.85,89.89,55.55,80.8,61.61,75.75,63.63,95.95,74.74
52.52,87.87,50.5,71.71,75.75,95.95,66.66,80.8,89.89,77.77,52.52,84.84,81.81,54.54,59.59,72.18133333
63.63,62.62,65.65,89.89,65.65,89.89,69.69,75.75,92.92,89.89,86.86,64.64,86.86,98.98,93.93,79.79
86.86,51.51,54.54,54.54,57.57,64.64,94.94,83.83,70.7,57.57,57.57,70.7,71.71,52.52,92.92,68.14133333
93.93,63.63,65.65,71.71,85.85,52.52,78.78,96.96,71.71,88.88,69.69,71.71,93.93,50.5,73.73,75.27866667
78.78,80.8,55.55,81.81,98.98,51.51,90.9,70.7,60.6,64.64,91.91,88.88,72.72,62.62,94.94,76.356
79.79,82.82,75.75,97.97,60.6,74.74,90.9,63.63,63.63,73.73,62.62,61.61,72.72,64.64,63.63,72.58533333
82.82,61.61,60.6,59.59,60.6,99.99,73.73,54.54,63.63,80.8,89.89,87.87,76.76,54.54,53.53,70.7
67.67,80.8,98.98,56.56,67.67,76.76,79.79,95.95,72.72,64.64,52.52,86.86,98.98,78.78,57.57,75.75
86.86,79.79,93.93,75.75,69.69,94.94,58.58,99.99,88.88,87.87,80.8,66.66,87.87,60.6,69.69,80.12666667
81.81,95.95,71.71,78.78,84.84,95.95,50.5,62.62,59.59,77.77,72.72,65.65,98.98,53.53,67.67,74.538
60.6,74.74,72.72,61.61,53.53,64.64,90.9,67.67,92.92,59.59,94.94,63.63,90.9,88.88,61.61,73.25866667
57.57,65.65,75.75,84.84,65.65,63.63,90.9,70.7,93.93,74.74,63.63,92.92,52.52,94.94,80.8,75.21133333
64.64,76.76,84.84,58.58,84.84,57.57,80.8,95.95,54.54,83.83,54.54,71.71,76.76,99.99,85.85,75.41333333
82.82,99.99,91.91,62.62,78.78,98.98,65.65,53.53,86.86,80.8,79.79,57.57,64.64,64.64,95.95,77.63533333
78.78,86.86,63.63,93.93,64.64,74.74,51.51,55.55,77.77,90.9,86.86,62.62,99.99,66.66,80.8,75.68266667
68.68,99.99,65.65,71.71,87.87,76.76,54.54,74.74,79.79,85.85,69.69,85.85,85.85,58.58,52.52,74.538
88.88,72.72,96.96,69.69,55.55,63.63,88.88,72.72,70.7,64.64,63.63,86.86,84.84,83.83,53.53,74.47066667
54.54,88.88,56.56,95.95,82.82,76.76,79.79,67.67,84.84,82.82,59.59,81.81,91.91,55.55,83.83,76.22133333
82.82,58.58,55.55,86.86,68.68,91.91,78.78,89.89,50.5,81.81,65.65,57.57,92.92,93.93,59.59,74.336
93.93,54.54,69.69,85.85,87.87,91.91,58.58,57.57,66.66,62.62,62.62,64.64,64.64,65.65,54.54,69.42066667
99.99,50.5,68.68,72.72,87.87,51.51,57.57,72.72,67.67,50.5,95.95,63.63,64.64,72.72,82.82,70.63266667
93.93,88.88,86.86,96.96,68.68,69.69,73.73,67.67,74.74,73.73,93.93,79.79,88.88,55.55,56.56,77.972
90.9,74.74,92.92,69.69,61.61,60.6,83.83,67.67,93.93,90.9,66.66,73.73,87.87,87.87,55.55,77.23133333
87.87,80.8,88.88,97.97,94.94,73.73,50.5,65.65,90.9,57.57,53.53,77.77,63.63,83.83,79.79,76.49066667
96.96,78.78,87.87,72.72,70.7,89.89,85.85,53.53,74.74,76.76,71.71,65.65,68.68,90.9,81.81,77.77
63.63,94.94,87.87,93.93,67.67,79.79,53.53,60.6,95.95,76.76,87.87,53.53,68.68,57.57,66.66,73.932
52.52,73.73,74.74,74.74,98.98,62.62,76.76,66.66,90.9,95.95,98.98,78.78,96.96,76.76,76.76,79.72266667
77.77,95.95,50.5,84.84,91.91,87.87,67.67,67.67,85.85,77.77,94.94,99.99,84.84,96.96,61.61,81.74266667
54.54,60.6,91.91,83.83,59.59,73.73,76.76,74.74,57.57,98.98,85.85,95.95,93.93,84.84,97.97,79.386
89.89,66.66,57.57,88.88,50.5,88.88,74.74,93.93,97.97,84.84,79.79,65.65,51.51,51.51,51.51,72.922
51.51,82.82,53.53,83.83,99.99,69.69,88.88,99.99,78.78,79.79,61.61,57.57,56.56,90.9,71.71,75.144
87.87,92.92,58.58,56.56,85.85,63.63,92.92,59.59,92.92,96.96,78.78,83.83,88.88,51.51,55.55,76.42333333
80.8,57.57,71.71,58.58,81.81,64.64,95.95,80.8,50.5,89.89,89.89,71.71,85.85,87.87,55.55,74.87466667
89.89,78.78,73.73,77.77,76.76,57.57,92.92,93.93,51.51,61.61,50.5,79.79,51.51,96.96,68.68,73.46066667
84.84,88.88,90.9,57.57,93.93,67.67,54.54,80.8,97.97,67.67,94.94,62.62,94.94,50.5,90.9,78.578
72.72,56.56,83.83,57.57,85.85,90.9,61.61,73.73,62.62,66.66,92.92,78.78,55.55,66.66,62.62,71.23866667
66.66,96.96,72.72,83.83,50.5,77.77,95.95,93.93,68.68,88.88,82.82,70.7,95.95,67.67,74.74,79.184
72.72,96.96,96.96,73.73,92.92,56.56,73.73,77.77,77.77,76.76,79.79,57.57,84.84,92.92,76.76,79.184
50.5,98.98,75.75,50.5,96.96,51.51,77.77,87.87,72.72,99.99,88.88,80.8,85.85,93.93,52.52,77.63533333
83.83,77.77,53.53,64.64,69.69,53.53,89.89,68.68,58.58,87.87,68.68,89.89,89.89,59.59,73.73,72.65266667
69.69,82.82,59.59,66.66,52.52,62.62,53.53,57.57,51.51,61.61,95.95,68.68,69.69,89.89,68.68,67.40066667
51.51,87.87,87.87,84.84,85.85,50.5,90.9,76.76,82.82,76.76,76.76,66.66,53.53,76.76,50.5,73.326
68.68,88.88,89.89,79.79,69.69,87.87,76.76,54.54,55.55,89.89,84.84,53.53,96.96,71.71,70.7,75.952
77.77,64.64,89.89,83.83,79.79,54.54,62.62,86.86,63.63,77.77,89.89,73.73,95.95,89.89,77.77,77.90466667
85.85,66.66,51.51,96.96,61.61,58.58,99.99,99.99,59.59,51.51,75.75,92.92,72.72,65.65,82.82,74.80733333
78.78,81.81,58.58,56.56,83.83,63.63,82.82,73.73,66.66,92.92,54.54,95.95,65.65,79.79,85.85,74.74
53.53,64.64,81.81,53.53,53.53,68.68,66.66,90.9,64.64,51.51,85.85,69.69,68.68,60.6,51.51,65.71733333
84.84,88.88,87.87,89.89,66.66,75.75,91.91,82.82,62.62,84.84,63.63,86.86,91.91,56.56,87.87,80.194
69.69,96.96,60.6,72.72,66.66,64.64,84.84,77.77,80.8,86.86,79.79,98.98,77.77,69.69,70.7,77.23133333
96.96,76.76,59.59,99.99,51.51,56.56,59.59,86.86,83.83,74.74,70.7,70.7,69.69,93.93,72.72,74.942
83.83,85.85,85.85,56.56,59.59,98.98,85.85,73.73,84.84,83.83,94.94,73.73,68.68,80.8,78.78,79.72266667
92.92,58.58,95.95,69.69,94.94,53.53,57.57,61.61,88.88,75.75,80.8,74.74,53.53,79.79,94.94,75.548
75.75,97.97,80.8,61.61,73.73,76.76,75.75,59.59,90.9,98.98,59.59,75.75,82.82,96.96,53.53,77.366
93.93,57.57,99.99,51.51,63.63,66.66,76.76,80.8,83.83,94.94,69.69,91.91,78.78,77.77,95.95,78.91466667
76.76,90.9,95.95,56.56,86.86,51.51,70.7,84.84,54.54,91.91,86.86,59.59,52.52,84.84,97.97,76.154
51.51,53.53,85.85,59.59,88.88,78.78,64.64,76.76,52.52,65.65,81.81,76.76,57.57,92.92,76.76,70.902
68.68,84.84,62.62,72.72,89.89,71.71,90.9,53.53,68.68,92.92,73.73,63.63,98.98,55.55,66.66,74.336
77.77,70.7,64.64,87.87,71.71,50.5,93.93,65.65,76.76,83.83,87.87,73.73,87.87,83.83,74.74,76.76
73.73,61.61,50.5,57.57,66.66,95.95,52.52,73.73,82.82,76.76,79.79,67.67,80.8,94.94,54.54,71.306
63.63,62.62,79.79,55.55,58.58,61.61,88.88,62.62,57.57,93.93,97.97,51.51,59.59,70.7,78.78,69.55533333
84.84,97.97,53.53,61.61,71.71,54.54,58.58,56.56,79.79,93.93,90.9,85.85,75.75,53.53,86.86,73.73
90.9,54.54,69.69,86.86,59.59,67.67,82.82,77.77,95.95,63.63,70.7,90.9,67.67,62.62,61.61,73.528
50.5,83.83,54.54,74.74,57.57,76.76,81.81,95.95,65.65,75.75,89.89,97.97,51.51,64.64,83.83,73.66266667
99.99,55.55,53.53,82.82,89.89,95.95,81.81,88.88,79.79,76.76,86.86,66.66,94.94,55.55,68.68,78.51066667
72.72,86.86,97.97,92.92,96.96,57.57,69.69,81.81,98.98,81.81,89.89,66.66,93.93,74.74,84.84,83.15666667
80.8,92.92,65.65,72.72,93.93,76.76,98.98,53.53,77.77,64.64,76.76,95.95,56.56,93.93,88.88,79.31866667
93.93,91.91,81.81,83.83,57.57,84.84,88.88,84.84,67.67,83.83,54.54,51.51,79.79,77.77,77.77,77.366
72.72,77.77,99.99,68.68,93.93,99.99,53.53,50.5,56.56,87.87,75.75,60.6,73.73,94.94,56.56,74.87466667
54.54,71.71,97.97,97.97,67.67,57.57,99.99,93.93,61.61,72.72,81.81,92.92,59.59,87.87,57.57,77.02933333
70.7,91.91,95.95,75.75,69.69,82.82,80.8,61.61,85.85,94.94,91.91,99.99,72.72,97.97,77.77,83.35866667
58.58,65.65,99.99,98.98,65.65,61.61,97.97,69.69,73.73,78.78,74.74,81.81,63.63,54.54,90.9,75.75
63.63,89.89,72.72,89.89,85.85,68.68,80.8,50.5,82.82,52.52,61.61,73.73,74.74,55.55,70.7,71.57533333
79.79,72.72,80.8,68.68,56.56,74.74,50.5,57.57,68.68,92.92,98.98,51.51,72.72,84.84,58.58,71.306
78.78,59.59,83.83,57.57,86.86,65.65,84.84,93.93,82.82,73.73,51.51,99.99,58.58,55.55,81.81,74.336
55.55,76.76,94.94,56.56,52.52,80.8,54.54,85.85,68.68,64.64,69.69,79.79,74.74,76.76,98.98,72.72
54.54,58.58,88.88,62.62,81.81,85.85,51.51,63.63,93.93,94.94,97.97,62.62,76.76,85.85,84.84,76.28866667
95.95,57.57,93.93,65.65,70.7,81.81,50.5,72.72,83.83,76.76,75.75,78.78,60.6,59.59,65.65,72.65266667
56.56,78.78,52.52,86.86,64.64,92.92,95.95,65.65,74.74,70.7,94.94,84.84,97.97,69.69,85.85,78.174
52.52,69.69,74.74,52.52,99.99,55.55,88.88,72.72,80.8,88.88,78.78,57.57,86.86,75.75,93.93,75.27866667
80.8,83.83,89.89,85.85,63.63,70.7,55.55,82.82,93.93,74.74,51.51,99.99,75.75,92.92,51.51,76.89466667
71.71,57.57,55.55,96.96,75.75,92.92,50.5,85.85,71.71,79.79,59.59,71.71,89.89,97.97,56.56,74.26866667
93.93,85.85,70.7,66.66,73.73,93.93,99.99,93.93,86.86,56.56,53.53,82.82,80.8,74.74,96.96,80.73266667
54.54,84.84,77.77,64.64,63.63,93.93,51.51,97.97,73.73,84.84,85.85,72.72,66.66,53.53,55.55,72.114
64.64,82.82,50.5,90.9,55.55,61.61,97.97,75.75,74.74,67.67,58.58,67.67,86.86,79.79,69.69,72.316
94.94,83.83,88.88,59.59,59.59,97.97,93.93,74.74,56.56,78.78,92.92,51.51,89.89,56.56,83.83,77.568
74.74,67.67,51.51,92.92,97.97,54.54,73.73,78.78,74.74,92.92,53.53,76.76,95.95,85.85,65.65,75.81733333
51.51,89.89,84.84,61.61,59.59,54.54,90.9,95.95,83.83,80.8,82.82,85.85,52.52,82.82,66.66,74.942
80.8,72.72,63.63,86.86,64.64,55.55,97.97,78.78,93.93,86.86,67.67,97.97,50.5,72.72,54.54,75.00933333
83.83,98.98,57.57,92.92,61.61,53.53,65.65,92.92,57.57,54.54,78.78,98.98,99.99,50.5,60.6,73.86466667
66.66,59.59,94.94,50.5,66.66,99.99,94.94,91.91,53.53,55.55,80.8,52.52,71.71,88.88,80.8,73.932
60.6,63.63,78.78,72.72,63.63,96.96,97.97,71.71,58.58,53.53,60.6,62.62,91.91,91.91,51.51,71.77733333
83.83,99.99,94.94,87.87,88.88,82.82,94.94,88.88,86.86,87.87,52.52,80.8,93.93,87.87,52.52,84.30133333
72.72,57.57,96.96,59.59,87.87,69.69,74.74,89.89,50.5,50.5,77.77,75.75,50.5,77.77,51.51,69.55533333
68.68,62.62,98.98,75.75,59.59,85.85,99.99,91.91,64.64,50.5,61.61,82.82,79.79,94.94,82.82,77.366
62.62,63.63,58.58,59.59,60.6,89.89,80.8,54.54,96.96,81.81,94.94,99.99,81.81,59.59,87.87,75.548
55.55,51.51,66.66,97.97,78.78,62.62,88.88,56.56,66.66,85.85,61.61,51.51,52.52,72.72,79.79,68.61266667
74.74,93.93,58.58,84.84,62.62,57.57,77.77,77.77,83.83,97.97,63.63,95.95,91.91,77.77,88.88,79.184
67.67,64.64,53.53,99.99,95.95,83.83,64.64,74.74,51.51,59.59,92.92,61.61,88.88,54.54,57.57,71.44066667
65.65,52.52,62.62,76.76,96.96,56.56,75.75,94.94,75.75,52.52,71.71,67.67,97.97,93.93,52.52,72.922
72.72,55.55,65.65,72.72,90.9,56.56,52.52,67.67,96.96,59.59,88.88,77.77,74.74,99.99,66.66,73.25866667
54.54,76.76,50.5,63.63,89.89,68.68,77.77,65.65,83.83,64.64,89.89,52.52,87.87,71.71,53.53,70.094
81.81,50.5,81.81,96.96,72.72,80.8,66.66,64.64,67.67,90.9,60.6,53.53,52.52,60.6,90.9,71.508
64.64,74.74,72.72,97.97,79.79,67.67,52.52,97.97,68.68,69.69,60.6,94.94,97.97,65.65,54.54,74.67266667
93.93,61.61,80.8,53.53,87.87,75.75,63.63,67.67,84.84,59.59,87.87,90.9,63.63,67.67,84.84,74.942
77.77,50.5,56.56,70.7,50.5,78.78,59.59,71.71,92.92,79.79,82.82,94.94,77.77,98.98,76.76,74.67266667
55.55,76.76,98.98,61.61,95.95,88.88,50.5,88.88,71.71,72.72,77.77,84.84,86.86,83.83,95.95,79.386
73.73,67.67,88.88,55.55,55.55,77.77,85.85,80.8,79.79,73.73,84.84,58.58,73.73,67.67,96.96,74.74
93.93,92.92,71.71,92.92,66.66,67.67,50.5,83.83,86.86,79.79,95.95,88.88,55.55,51.51,93.93,78.174
61.61,65.65,50.5,87.87,92.92,61.61,52.52,73.73,74.74,90.9,56.56,50.5,84.84,65.65,94.94,70.96933333
63.63,80.8,51.51,91.91,78.78,95.95,67.67,73.73,91.91,64.64,51.51,65.65,90.9,92.92,76.76,75.88466667
52.52,99.99,82.82,86.86,89.89,81.81,60.6,65.65,65.65,74.74,63.63,55.55,51.51,93.93,63.63,72.58533333
80.8,99.99,52.52,77.77,94.94,76.76,98.98,96.96,94.94,68.68,93.93,85.85,75.75,61.61,69.69,81.94466667
54.54,80.8,64.64,82.82,51.51,72.72,62.62,82.82,83.83,50.5,57.57,90.9,67.67,83.83,86.86,71.57533333
93.93,84.84,80.8,97.97,89.89,72.72,67.67,90.9,58.58,57.57,60.6,83.83,91.91,75.75,83.83,79.386
84.84,65.65,91.91,78.78,87.87,96.96,62.62,70.7,56.56,99.99,93.93,78.78,68.68,62.62,78.78,78.578
67.67,71.71,96.96,97.97,92.92,93.93,83.83,69.69,98.98,85.85,91.91,54.54,78.78,92.92,58.58,82.416
96.96,55.55,63.63,79.79,61.61,66.66,86.86,57.57,81.81,94.94,67.67,68.68,85.85,80.8,92.92,76.08666667
87.87,89.89,99.99,75.75,50.5,71.71,90.9,81.81,84.84,84.84,99.99,57.57,85.85,76.76,89.89,81.87733333
70.7,55.55,94.94,71.71,55.55,73.73,93.93,96.96,99.99,90.9,97.97,76.76,89.89,86.86,55.55,80.73266667
74.74,90.9,83.83,64.64,59.59,61.61,70.7,72.72,80.8,77.77,73.73,86.86,90.9,73.73,56.56,74.60533333
77.77,68.68,53.53,99.99,78.78,79.79,70.7,94.94,74.74,55.55,55.55,66.66,77.77,83.83,98.98,75.81733333
53.53,84.84,55.55,61.61,99.99,74.74,50.5,82.82,82.82,78.78,70.7,75.75,57.57,58.58,84.84,71.508
85.85,92.92,84.84,86.86,72.72,91.91,55.55,99.99,97.97,66.66,58.58,53.53,57.57,95.95,58.58,77.29866667
58.58,54.54,90.9,68.68,51.51,56.56,97.97,92.92,83.83,86.86,51.51,50.5,80.8,93.93,78.78,73.19133333
89.89,59.59,97.97,62.62,70.7,90.9,70.7,71.71,95.95,78.78,91.91,60.6,56.56,51.51,79.79,75.27866667
58.58,74.74,82.82,91.91,93.93,75.75,91.91,94.94,97.97,54.54,84.84,82.82,87.87,81.81,74.74,81.94466667
83.83,64.64,90.9,52.52,57.57,99.99,74.74,71.71,80.8,70.7,51.51,92.92,92.92,88.88,60.6,75.61533333
73.73,90.9,94.94,71.71,79.79,68.68,61.61,76.76,87.87,64.64,81.81,58.58,55.55,66.66,89.89,74.87466667
72.72,99.99,93.93,85.85,96.96,92.92,78.78,53.53,74.74,79.79,64.64,52.52,63.63,75.75,84.84,78.03933333
66.66,91.91,53.53,85.85,67.67,94.94,85.85,55.55,56.56,87.87,88.88,52.52,62.62,58.58,73.73,72.18133333
73.73,95.95,98.98,83.83,58.58,62.62,99.99,56.56,59.59,60.6,56.56,56.56,80.8,66.66,68.68,71.97933333
86.86,69.69,81.81,72.72,50.5,79.79,67.67,94.94,65.65,64.64,82.82,86.86,92.92,85.85,61.61,76.28866667
77.77,62.62,61.61,55.55,72.72,94.94,76.76,82.82,97.97,62.62,96.96,92.92,69.69,65.65,66.66,75.81733333
73.73,93.93,61.61,91.91,63.63,61.61,73.73,75.75,96.96,94.94,79.79,51.51,75.75,97.97,51.51,76.28866667
97.97,62.62,60.6,78.78,83.83,66.66,60.6,54.54,97.97,50.5,61.61,69.69,73.73,79.79,84.84,72.24866667
67.67,87.87,51.51,75.75,83.83,58.58,71.71,55.55,98.98,72.72,68.68,69.69,75.75,76.76,52.52,71.17133333
81.81,60.6,53.53,86.86,64.64,63.63,57.57,85.85,69.69,60.6,80.8,65.65,59.59,92.92,71.71,70.36333333
53.53,90.9,61.61,73.73,83.83,68.68,55.55,64.64,54.54,52.52,77.77,62.62,93.93,59.59,75.75,68.61266667
65.65,77.77,99.99,94.94,63.63,67.67,82.82,60.6,68.68,64.64,57.57,82.82,58.58,76.76,54.54,71.77733333
87.87,76.76,86.86,62.62,81.81,86.86,75.75,84.84,59.59,85.85,50.5,50.5,75.75,62.62,57.57,72.38333333
62.62,94.94,91.91,75.75,51.51,81.81,85.85,60.6,81.81,51.51,67.67,94.94,93.93,98.98,87.87,78.78
76.76,69.69,73.73,91.91,85.85,82.82,77.77,65.65,61.61,80.8,97.97,58.58,56.56,50.5,81.81,74.134
74.74,74.74,94.94,62.62,54.54,91.91,71.71,60.6,70.7,99.99,72.72,88.88,51.51,86.86,97.97,76.962
81.81,66.66,70.7,99.99,65.65,80.8,78.78,76.76,69.69,75.75,64.64,84.84,93.93,65.65,96.96,78.174
85.85,69.69,99.99,73.73,82.82,57.57,71.71,90.9,85.85,96.96,97.97,61.61,51.51,94.94,80.8,80.12666667
67.67,87.87,52.52,65.65,65.65,90.9,73.73,82.82,78.78,55.55,96.96,79.79,68.68,88.88,67.67,74.87466667
63.63,54.54,79.79,88.88,98.98,57.57,77.77,99.99,69.69,93.93,58.58,74.74,67.67,78.78,59.59,74.942
77.77,94.94,72.72,91.91,90.9,57.57,59.59,67.67,95.95,88.88,93.93,68.68,59.59,93.93,89.89,80.26133333
59.59,67.67,88.88,58.58,62.62,82.82,67.67,85.85,77.77,85.85,79.79,62.62,66.66,55.55,61.61,70.902
86.86,75.75,75.75,65.65,77.77,76.76,64.64,88.88,71.71,58.58,90.9,68.68,83.83,81.81,85.85,76.89466667
53.53,60.6,86.86,93.93,86.86,90.9,86.86,62.62,61.61,60.6,97.97,62.62,55.55,51.51,50.5,70.83466667
80.8,80.8,93.93,93.93,77.77,61.61,86.86,89.89,91.91,52.52,91.91,72.72,51.51,52.52,80.8,77.29866667
60.6,59.59,62.62,91.91,99.99,56.56,62.62,99.99,53.53,85.85,74.74,56.56,74.74,60.6,96.96,73.124
89.89,72.72,77.77,63.63,74.74,69.69,66.66,68.68,61.61,92.92,96.96,96.96,66.66,91.91,97.97,79.25133333
91.91,89.89,54.54,99.99,86.86,73.73,83.83,50.5,90.9,95.95,89.89,84.84,70.7,87.87,89.89,82.75266667
58.58,76.76,65.65,83.83,51.51,83.83,95.95,61.61,58.58,97.97,59.59,57.57,54.54,93.93,84.84,72.316
83.83,90.9,63.63,97.97,70.7,58.58,79.79,96.96,52.52,77.77,66.66,91.91,85.85,65.65,59.59,76.154
92.92,84.84,70.7,99.99,89.89,75.75,87.87,62.62,91.91,56.56,61.61,65.65,95.95,62.62,60.6,77.29866667
84.84,73.73,82.82,89.89,70.7,57.57,99.99,98.98,51.51,80.8,82.82,61.61,81.81,66.66,98.98,78.84733333
78.78,70.7,61.61,98.98,97.97,79.79,71.71,52.52,66.66,62.62,78.78,69.69,70.7,71.71,86.86,74.60533333
90.9,86.86,69.69,71.71,83.83,98.98,71.71,64.64,81.81,88.88,68.68,67.67,99.99,76.76,64.64,79.11666667
94.94,59.59,94.94,59.59,55.55,71.71,92.92,74.74,72.72,68.68,54.54,50.5,62.62,86.86,84.84,72.316
73.73,99.99,50.5,95.95,75.75,57.57,71.71,77.77,70.7,55.55,92.92,77.77,89.89,91.91,54.54,75.75
76.76,50.5,93.93,62.62,55.55,69.69,78.78,68.68,87.87,57.57,72.72,72.72,99.99,57.57,80.8,72.38333333
69.69,73.73,76.76,94.94,97.97,53.53,60.6,78.78,71.71,73.73,66.66,71.71,82.82,81.81,72.72,75.144
99.99,54.54,75.75,88.88,64.64,98.98,91.91,83.83,98.98,86.86,67.67,59.59,86.86,53.53,68.68,78.71266667
80.8,58.58,59.59,63.63,96.96,69.69,76.76,97.97,77.77,53.53,82.82,81.81,95.95,96.96,93.93,79.11666667
87.87,92.92,90.9,81.81,53.53,56.56,64.64,74.74,86.86,70.7,79.79,84.84,90.9,52.52,97.97,77.77
55.55,67.67,93.93,86.86,72.72,76.76,71.71,69.69,77.77,55.55,89.89,53.53,86.86,52.52,96.96,73.86466667
99.99,64.64,83.83,79.79,86.86,89.89,98.98,81.81,94.94,97.97,83.83,87.87,65.65,53.53,76.76,83.08933333
56.56,89.89,88.88,98.98,91.91,63.63,54.54,73.73,65.65,97.97,60.6,50.5,54.54,87.87,93.93,75.27866667
61.61,55.55,82.82,95.95,91.91,89.89,80.8,55.55,81.81,81.81,78.78,82.82,97.97,58.58,51.51,76.49066667
85.85,79.79,84.84,94.94,81.81,69.69,94.94,55.55,99.99,52.52,80.8,72.72,70.7,80.8,68.68,78.24133333
64.64,85.85,54.54,75.75,71.71,98.98,73.73,53.53,66.66,84.84,82.82,63.63,73.73,66.66,97.97,74.336
96.96,92.92,80.8,99.99,52.52,78.78,73.73,88.88,69.69,67.67,95.95,83.83,52.52,88.88,94.94,81.204
52.52,65.65,63.63,80.8,73.73,55.55,51.51,75.75,63.63,85.85,89.89,57.57,78.78,89.89,90.9,71.71
51.51,65.65,65.65,94.94,67.67,53.53,57.57,60.6,52.52,56.56,79.79,52.52,58.58,92.92,62.62,64.842
68.68,78.78,75.75,84.84,80.8,77.77,56.56,78.78,67.67,51.51,89.89,64.64,62.62,84.84,54.54,71.84466667
93.93,85.85,89.89,62.62,72.72,87.87,99.99,99.99,97.97,58.58,62.62,91.91,90.9,70.7,80.8,83.08933333
95.95,52.52,70.7,62.62,82.82,87.87,70.7,92.92,70.7,72.72,52.52,72.72,87.87,79.79,65.65,74.538
53.53,50.5,95.95,88.88,57.57,78.78,93.93,98.98,86.86,69.69,79.79,57.57,86.86,72.72,91.91,77.568
87.87,90.9,55.55,84.84,76.76,89.89,53.53,69.69,84.84,52.52,50.5,51.51,61.61,86.86,80.8,71.84466667
67.67,88.88,90.9,94.94,90.9,54.54,84.84,90.9,80.8,65.65,81.81,71.71,82.82,98.98,99.99,83.022
98.98,97.97,66.66,97.97,69.69,74.74,50.5,55.55,60.6,54.54,58.58,50.5,96.96,68.68,79.79,72.114
65.65,62.62,75.75,75.75,92.92,95.95,90.9,63.63,78.78,81.81,53.53,80.8,86.86,90.9,67.67,77.568
94.94,65.65,98.98,78.78,56.56,52.52,67.67,75.75,68.68,61.61,82.82,90.9,84.84,95.95,97.97,78.24133333
55.55,71.71,66.66,56.56,74.74,70.7,66.66,63.63,94.94,57.57,91.91,91.91,86.86,64.64,74.74,72.58533333
52.52,89.89,70.7,64.64,68.68,53.53,55.55,54.54,95.95,68.68,98.98,95.95,67.67,55.55,67.67,70.7
80.8,66.66,83.83,81.81,88.88,99.99,89.89,92.92,80.8,78.78,80.8,81.81,53.53,92.92,61.61,81.002
93.93,76.76,61.61,88.88,95.95,53.53,76.76,63.63,73.73,91.91,86.86,83.83,85.85,67.67,74.74,78.376
75.75,96.96,85.85,96.96,83.83,87.87,87.87,83.83,71.71,87.87,62.62,56.56,74.74,57.57,73.73,78.91466667
73.73,99.99,66.66,63.63,92.92,90.9,62.62,90.9,52.52,81.81,67.67,55.55,91.91,74.74,89.89,77.02933333
54.54,68.68,69.69,67.67,61.61,77.77,79.79,56.56,81.81,81.81,53.53,62.62,84.84,86.86,93.93,72.114
97.97,76.76,73.73,89.89,74.74,88.88,60.6,58.58,73.73,90.9,87.87,90.9,78.78,67.67,60.6,78.10666667
53.53,94.94,51.51,79.79,71.71,67.67,89.89,93.93,92.92,92.92,86.86,78.78,86.86,61.61,88.88,79.45333333
61.61,92.92,96.96,66.66,80.8,69.69,50.5,51.51,55.55,89.89,56.56,65.65,72.72,65.65,77.77,70.296
70.7,96.96,98.98,88.88,67.67,70.7,53.53,94.94,94.94,62.62,79.79,73.73,57.57,63.63,89.89,77.63533333
60.6,82.82,84.84,62.62,56.56,66.66,85.85,68.68,71.71,57.57,87.87,56.56,95.95,89.89,50.5,71.912
86.86,52.52,97.97,55.55,58.58,82.82,88.88,55.55,55.55,85.85,60.6,96.96,73.73,78.78,68.68,73.25866667
84.84,76.76,67.67,59.59,63.63,91.91,90.9,85.85,82.82,93.93,85.85,98.98,95.95,68.68,83.83,82.07933333
87.87,94.94,84.84,72.72,59.59,81.81,57.57,85.85,54.54,84.84,87.87,76.76,76.76,97.97,52.52,77.09666667
65.65,97.97,71.71,58.58,97.97,95.95,74.74,83.83,62.62,95.95,67.67,53.53,51.51,62.62,69.69,73.99933333
95.95,83.83,70.7,95.95,93.93,77.77,80.8,90.9,62.62,71.71,79.79,87.87,97.97,90.9,95.95,85.10933333
56.56,89.89,72.72,92.92,73.73,82.82,98.98,50.5,89.89,75.75,86.86,61.61,81.81,64.64,86.86,77.70266667
97.97,80.8,76.76,50.5,81.81,51.51,73.73,63.63,70.7,59.59,71.71,95.95,93.93,75.75,87.87,75.48066667
89.89,69.69,77.77,62.62,66.66,66.66,57.57,85.85,58.58,90.9,88.88,74.74,85.85,51.51,82.82,73.99933333
55.55,86.86,64.64,98.98,92.92,96.96,57.57,91.91,68.68,86.86,63.63,95.95,55.55,70.7,92.92,78.64533333
85.85,88.88,58.58,78.78,75.75,93.93,80.8,71.71,76.76,65.65,86.86,75.75,81.81,74.74,85.85,78.78
94.94,98.98,96.96,77.77,55.55,55.55,70.7,63.63,75.75,73.73,98.98,68.68,85.85,66.66,79.79,77.568
58.58,71.71,96.96,65.65,73.73,78.78,84.84,74.74,72.72,61.61,87.87,53.53,89.89,87.87,51.51,73.99933333
87.87,74.74,58.58,66.66,57.57,80.8,71.71,94.94,75.75,62.62,83.83,62.62,94.94,65.65,51.51,72.65266667
85.85,66.66,84.84,53.53,54.54,59.59,84.84,70.7,57.57,82.82,89.89,65.65,65.65,57.57,85.85,71.03666667
74.74,66.66,51.51,99.99,96.96,68.68,64.64,56.56,90.9,78.78,90.9,99.99,87.87,52.52,63.63,76.28866667
53.53,81.81,99.99,58.58,99.99,65.65,77.77,71.71,76.76,54.54,76.76,54.54,93.93,74.74,95.95,75.75
51.51,80.8,64.64,86.86,61.61,56.56,56.56,94.94,60.6,71.71,58.58,56.56,54.54,52.52,90.9,66.59266667
61.61,87.87,94.94,58.58,81.81,63.63,76.76,92.92,93.93,74.74,87.87,85.85,53.53,89.89,61.61,77.70266667
75.75,60.6,71.71,65.65,87.87,96.96,94.94,78.78,59.59,61.61,88.88,68.68,64.64,69.69,83.83,75.27866667
63.63,55.55,75.75,86.86,69.69,92.92,60.6,87.87,59.59,98.98,73.73,72.72,50.5,61.61,92.92,73.528
70.7,86.86,76.76,56.56,91.91,81.81,74.74,62.62,54.54,86.86,94.94,61.61,78.78,73.73,69.69,74.80733333
87.87,50.5,80.8,87.87,83.83,63.63,51.51,91.91,73.73,50.5,81.81,73.73,75.75,73.73,91.91,74.60533333
84.84,89.89,83.83,50.5,50.5,88.88,65.65,68.68,97.97,67.67,54.54,86.86,55.55,56.56,57.57,70.63266667
77.77,82.82,96.96,86.86,95.95,60.6,54.54,96.96,85.85,94.94,57.57,77.77,65.65,79.79,85.85,79.992
89.89,76.76,69.69,53.53,56.56,74.74,97.97,79.79,98.98,65.65,75.75,97.97,72.72,55.55,55.55,74.74
61.61,82.82,66.66,93.93,83.83,70.7,70.7,93.93,98.98,74.74,75.75,66.66,97.97,74.74,56.56,77.972
95.95,50.5,62.62,52.52,80.8,53.53,91.91,98.98,62.62,86.86,74.74,55.55,71.71,97.97,58.58,72.98933333
73.73,98.98,56.56,82.82,91.91,69.69,61.61,53.53,67.67,94.94,78.78,90.9,63.63,89.89,59.59,75.61533333
69.69,58.58,62.62,64.64,57.57,88.88,99.99,82.82,69.69,78.78,70.7,98.98,74.74,83.83,99.99,77.43333333
91.91,66.66,89.89,51.51,83.83,83.83,72.72,77.77,75.75,52.52,63.63,92.92,65.65,53.53,91.91,74.26866667
83.83,70.7,56.56,72.72,79.79,51.51,50.5,83.83,87.87,59.59,56.56,80.8,87.87,76.76,81.81,72.04666667
56.56,51.51,85.85,58.58,87.87,95.95,53.53,57.57,77.77,75.75,57.57,61.61,84.84,72.72,91.91,71.306
85.85,94.94,94.94,91.91,86.86,66.66,54.54,52.52,76.76,61.61,95.95,69.69,75.75,53.53,73.73,75.68266667
53.53,63.63,91.91,85.85,94.94,77.77,95.95,62.62,70.7,60.6,92.92,92.92,82.82,84.84,83.83,79.65533333
76.76,64.64,99.99,94.94,55.55,54.54,50.5,69.69,55.55,55.55,67.67,99.99,86.86,99.99,74.74,73.79733333
71.71,54.54,93.93,90.9,69.69,51.51,53.53,54.54,56.56,56.56,84.84,60.6,50.5,91.91,98.98,69.35333333
66.66,79.79,50.5,62.62,56.56,99.99,84.84,60.6,93.93,84.84,90.9,59.59,80.8,72.72,89.89,75.61533333
86.86,53.53,91.91,51.51,53.53,52.52,97.97,81.81,62.62,76.76,70.7,67.67,67.67,60.6,94.94,71.37333333
68.68,60.6,71.71,83.83,78.78,65.65,61.61,69.69,54.54,66.66,53.53,64.64,73.73,73.73,86.86,68.94933333
62.62,97.97,58.58,50.5,66.66,72.72,81.81,50.5,98.98,55.55,99.99,65.65,85.85,64.64,89.89,73.46066667
65.65,69.69,72.72,88.88,78.78,96.96,75.75,62.62,75.75,97.97,50.5,51.51,50.5,89.89,95.95,74.87466667
82.82,93.93,83.83,71.71,88.88,90.9,75.75,98.98,87.87,92.92,71.71,61.61,89.89,82.82,63.63,82.48333333
72.72,78.78,96.96,66.66,50.5,55.55,50.5,66.66,82.82,97.97,70.7,63.63,78.78,94.94,90.9,74.538
59.59,81.81,63.63,58.58,94.94,58.58,76.76,81.81,85.85,92.92,76.76,88.88,73.73,82.82,69.69,76.42333333
81.81,83.83,83.83,62.62,97.97,97.97,50.5,58.58,51.51,91.91,67.67,67.67,53.53,70.7,61.61,72.114
63.63,75.75,52.52,55.55,56.56,83.83,90.9,81.81,71.71,54.54,91.91,59.59,66.66,67.67,65.65,69.21866667
77.77,74.74,65.65,82.82,72.72,76.76,67.67,60.6,93.93,75.75,92.92,77.77,82.82,75.75,86.86,77.63533333
92.92,89.89,96.96,96.96,54.54,98.98,84.84,59.59,83.83,75.75,74.74,76.76,89.89,80.8,97.97,83.628
54.54,92.92,85.85,80.8,86.86,98.98,70.7,61.61,99.99,76.76,75.75,74.74,55.55,56.56,85.85,77.164
81.81,76.76,61.61,74.74,85.85,92.92,98.98,53.53,73.73,80.8,76.76,85.85,84.84,97.97,53.53,78.64533333
65.65,90.9,72.72,86.86,50.5,97.97,74.74,75.75,82.82,97.97,57.57,80.8,86.86,54.54,79.79,77.02933333
71.71,86.86,70.7,75.75,64.64,56.56,83.83,74.74,68.68,73.73,65.65,99.99,76.76,72.72,64.64,73.79733333
63.63,58.58,92.92,85.85,94.94,54.54,74.74,60.6,68.68,68.68,96.96,51.51,86.86,95.95,74.74,75.27866667
61.61,81.81,79.79,89.89,63.63,86.86,80.8,89.89,99.99,51.51,51.51,89.89,85.85,79.79,91.91,78.982
99.99,54.54,99.99,51.51,50.5,73.73,56.56,52.52,79.79,87.87,92.92,81.81,83.83,93.93,95.95,77.02933333
82.82,87.87,50.5,87.87,97.97,75.75,91.91,54.54,62.62,71.71,83.83,84.84,86.86,64.64,57.57,76.08666667
56.56,91.91,86.86,88.88,98.98,54.54,76.76,90.9,80.8,94.94,98.98,71.71,68.68,68.68,74.74,80.26133333
55.55,66.66,87.87,69.69,63.63,89.89,73.73,61.61,72.72,71.71,60.6,58.58,87.87,61.61,77.77,70.63266667
50.5,61.61,75.75,72.72,51.51,75.75,75.75,78.78,93.93,81.81,86.86,92.92,68.68,86.86,82.82,75.75
67.67,73.73,82.82,95.95,54.54,72.72,71.71,89.89,80.8,50.5,84.84,55.55,60.6,85.85,50.5,71.84466667
52.52,51.51,54.54,83.83,56.56,64.64,97.97,72.72,80.8,94.94,96.96,64.64,93.93,82.82,97.97,76.42333333
52.52,96.96,94.94,87.87,54.54,95.95,92.92,65.65,88.88,54.54,68.68,77.77,74.74,73.73,85.85,77.70266667
67.67,56.56,53.53,90.9,65.65,58.58,79.79,94.94,80.8,57.57,78.78,52.52,60.6,62.62,66.66,68.478
98.98,91.91,73.73,79.79,57.57,63.63,58.58,55.55,91.91,56.56,66.66,82.82,78.78,88.88,50.5,73.05666667
77.77,84.84,82.82,91.91,65.65,61.61,51.51,83.83,79.79,83.83,50.5,55.55,65.65,89.89,76.76,73.46066667
66.66,76.76,89.89,51.51,53.53,87.87,87.87,69.69,98.98,80.8,88.88,98.98,86.86,86.86,94.94,81.33866667
99.99,84.84,89.89,76.76,96.96,66.66,91.91,52.52,50.5,90.9,91.91,54.54,60.6,68.68,90.9,77.83733333
52.52,60.6,77.77,57.57,89.89,99.99,93.93,72.72,78.78,82.82,69.69,63.63,89.89,65.65,51.51,73.79733333
68.68,60.6,85.85,98.98,96.96,94.94,79.79,96.96,89.89,55.55,74.74,87.87,59.59,55.55,72.72,78.578
81.81,63.63,96.96,66.66,76.76,84.84,66.66,83.83,88.88,59.59,79.79,56.56,72.72,69.69,77.77,75.07666667
76.76,92.92,54.54,68.68,73.73,77.77,81.81,84.84,67.67,74.74,79.79,99.99,95.95,84.84,95.95,80.66533333
84.84,73.73,56.56,86.86,59.59,55.55,99.99,60.6,57.57,53.53,63.63,99.99,84.84,89.89,60.6,72.518
54.54,75.75,71.71,52.52,89.89,76.76,98.98,76.76,86.86,61.61,69.69,92.92,87.87,93.93,59.59,76.62533333
80.8,68.68,99.99,67.67,87.87,98.98,76.76,84.84,87.87,63.63,99.99,62.62,81.81,62.62,71.71,79.72266667
91.91,77.77,64.64,59.59,68.68,57.57,71.71,58.58,97.97,67.67,81.81,99.99,94.94,70.7,99.99,77.568
56.56,72.72,99.99,67.67,71.71,96.96,73.73,54.54,94.94,93.93,78.78,67.67,66.66,54.54,82.82,75.548
96.96,80.8,56.56,58.58,61.61,78.78,51.51,73.73,93.93,83.83,84.84,98.98,92.92,93.93,69.69,78.44333333
66.66,69.69,94.94,89.89,83.83,92.92,75.75,71.71,81.81,58.58,72.72,61.61,83.83,74.74,88.88,77.83733333
83.83,98.98,70.7,69.69,57.57,86.86,72.72,92.92,52.52,79.79,50.5,97.97,74.74,65.65,62.62,74.47066667
51.51,54.54,68.68,91.91,60.6,74.74,99.99,63.63,64.64,53.53,63.63,94.94,66.66,51.51,88.88,69.95933333
58.58,72.72,58.58,91.91,77.77,81.81,57.57,75.75,55.55,86.86,56.56,97.97,81.81,87.87,55.55,73.124
58.58,95.95,59.59,89.89,64.64,75.75,66.66,68.68,53.53,50.5,78.78,94.94,64.64,59.59,58.58,69.35333333
71.71,65.65,51.51,75.75,68.68,61.61,67.67,78.78,74.74,88.88,74.74,74.74,53.53,52.52,94.94,70.36333333
80.8,76.76,85.85,79.79,97.97,92.92,88.88,94.94,86.86,74.74,50.5,54.54,76.76,57.57,67.67,77.77
57.57,58.58,89.89,89.89,78.78,54.54,98.98,70.7,55.55,71.71,92.92,58.58,58.58,94.94,85.85,74.47066667
65.65,53.53,51.51,84.84,95.95,96.96,51.51,84.84,87.87,65.65,95.95,55.55,61.61,64.64,74.74,72.72
56.56,57.57,79.79,88.88,78.78,82.82,55.55,67.67,91.91,98.98,75.75,89.89,71.71,55.55,88.88,76.01933333
93.93,59.59,65.65,65.65,61.61,98.98,88.88,70.7,77.77,61.61,99.99,58.58,51.51,87.87,81.81,74.942
50.5,62.62,98.98,89.89,80.8,76.76,91.91,53.53,81.81,82.82,93.93,95.95,87.87,92.92,68.68,80.598
88.88,72.72,53.53,51.51,74.74,52.52,87.87,74.74,87.87,94.94,95.95,68.68,98.98,59.59,92.92,77.02933333
81.81,93.93,82.82,92.92,94.94,98.98,55.55,78.78,53.53,85.85,55.55,62.62,75.75,88.88,78.78,78.71266667
65.65,88.88,51.51,96.96,94.94,66.66,95.95,75.75,53.53,87.87,83.83,80.8,78.78,75.75,73.73,78.03933333
98.98,89.89,67.67,71.71,57.57,98.98,90.9,83.83,69.69,97.97,58.58,65.65,62.62,80.8,96.96,79.45333333
92.92,84.84,70.7,75.75,59.59,77.77,86.86,82.82,91.91,82.82,93.93,51.51,85.85,61.61,53.53,76.82733333
76.76,82.82,94.94,79.79,81.81,60.6,70.7,67.67,66.66,84.84,99.99,57.57,83.83,66.66,81.81,77.09666667
88.88,65.65,95.95,67.67,88.88,81.81,78.78,58.58,96.96,84.84,64.64,88.88,83.83,82.82,70.7,79.92466667
63.63,72.72,80.8,68.68,69.69,57.57,84.84,50.5,85.85,92.92,57.57,54.54,61.61,59.59,83.83,69.62266667
56.56,92.92,82.82,51.51,83.83,87.87,62.62,70.7,84.84,78.78,58.58,76.76,52.52,90.9,94.94,75.07666667
90.9,62.62,61.61,68.68,91.91,64.64,52.52,97.97,59.59,68.68,81.81,69.69,86.86,94.94,57.57,73.99933333
81.81,58.58,93.93,93.93,66.66,86.86,80.8,82.82,77.77,64.64,99.99,75.75,82.82,73.73,86.86,80.46333333
66.66,86.86,94.94,97.97,57.57,70.7,91.91,93.93,59.59,92.92,62.62,90.9,88.88,76.76,59.59,79.45333333
84.84,94.94,61.61,61.61,99.99,79.79,54.54,67.67,80.8,53.53,63.63,68.68,62.62,92.92,90.9,74.538
92.92,73.73,88.88,58.58,66.66,66.66,81.81,72.72,60.6,94.94,71.71,51.51,53.53,79.79,78.78,72.85466667
99.99,89.89,88.88,57.57,57.57,86.86,80.8,98.98,97.97,56.56,99.99,94.94,69.69,76.76,78.78,82.34866667
99.99,75.75,80.8,95.95,81.81,61.61,94.94,51.51,75.75,55.55,65.65,57.57,71.71,64.64,59.59,72.85466667
54.54,62.62,82.82,61.61,78.78,95.95,86.86,73.73,52.52,68.68,69.69,66.66,85.85,50.5,83.83,71.64266667
81.81,72.72,91.91,52.52,60.6,73.73,89.89,71.71,93.93,61.61,67.67,89.89,54.54,72.72,97.97,75.548
92.92,53.53,92.92,70.7,57.57,58.58,97.97,99.99,50.5,63.63,79.79,85.85,50.5,62.62,73.73,72.72
96.96,93.93,64.64,73.73,52.52,53.53,56.56,74.74,61.61,82.82,60.6,83.83,62.62,53.53,50.5,68.14133333
52.52,73.73,59.59,80.8,68.68,73.73,86.86,59.59,98.98,88.88,60.6,84.84,51.51,60.6,80.8,72.114
75.75,79.79,56.56,90.9,72.72,73.73,86.86,96.96,76.76,62.62,74.74,98.98,96.96,75.75,92.92,80.8
65.65,55.55,81.81,56.56,92.92,90.9,94.94,79.79,82.82,77.77,62.62,60.6,90.9,52.52,91.91,75.81733333
78.78,95.95,90.9,59.59,91.91,90.9,60.6,94.94,74.74,54.54,72.72,61.61,66.66,54.54,96.96,76.356
51.51,62.62,56.56,89.89,54.54,65.65,59.59,96.96,59.59,64.64,77.77,98.98,89.89,86.86,79.79,72.98933333
57.57,87.87,85.85,67.67,94.94,50.5,77.77,86.86,79.79,53.53,64.64,72.72,89.89,68.68,50.5,72.58533333
51.51,61.61,96.96,73.73,98.98,84.84,75.75,85.85,69.69,67.67,67.67,57.57,91.91,79.79,98.98,77.50066667
87.87,93.93,76.76,96.96,95.95,93.93,57.57,86.86,68.68,82.82,88.88,59.59,54.54,98.98,78.78,81.47333333
85.85,51.51,59.59,95.95,78.78,76.76,85.85,82.82,68.68,99.99,62.62,62.62,51.51,65.65,98.98,75.144
86.86,66.66,99.99,67.67,96.96,81.81,64.64,89.89,76.76,58.58,57.57,51.51,82.82,79.79,73.73,75.68266667
74.74,50.5,89.89,65.65,55.55,68.68,68.68,96.96,67.67,84.84,56.56,62.62,73.73,97.97,67.67,72.114
74.74,74.74,90.9,66.66,90.9,85.85,63.63,88.88,82.82,61.61,58.58,79.79,66.66,71.71,69.69,75.144
90.9,50.5,65.65,55.55,78.78,69.69,57.57,74.74,98.98,59.59,96.96,84.84,65.65,60.6,60.6,71.37333333
67.67,52.52,88.88,57.57,75.75,55.55,59.59,93.93,75.75,64.64,59.59,91.91,59.59,70.7,74.74,69.892
68.68,98.98,88.88,68.68,78.78,57.57,71.71,83.83,53.53,92.92,81.81,92.92,63.63,71.71,98.98,78.174
86.86,73.73,89.89,89.89,50.5,55.55,54.54,62.62,64.64,89.89,76.76,66.66,84.84,65.65,87.87,73.326
66.66,58.58,70.7,63.63,70.7,75.75,76.76,84.84,63.63,70.7,57.57,80.8,93.93,61.61,54.54,70.02666667
90.9,84.84,95.95,91.91,82.82,51.51,82.82,56.56,72.72,80.8,52.52,85.85,69.69,88.88,91.91,78.64533333
78.78,77.77,62.62,88.88,79.79,59.59,60.6,58.58,63.63,56.56,63.63,94.94,91.91,88.88,81.81,73.86466667
89.89,58.58,90.9,95.95,90.9,95.95,72.72,81.81,88.88,61.61,53.53,65.65,62.62,52.52,89.89,76.76
72.72,95.95,98.98,52.52,91.91,80.8,57.57,78.78,74.74,88.88,95.95,96.96,87.87,63.63,61.61,79.92466667
73.73,84.84,99.99,80.8,78.78,52.52,93.93,93.93,75.75,60.6,65.65,87.87,54.54,79.79,87.87,78.03933333
75.75,50.5,78.78,73.73,62.62,90.9,85.85,62.62,65.65,68.68,80.8,59.59,85.85,87.87,95.95,75.00933333
67.67,96.96,93.93,98.98,72.72,88.88,50.5,65.65,70.7,86.86,97.97,88.88,53.53,71.71,63.63,77.90466667
62.62,74.74,50.5,70.7,89.89,76.76,51.51,69.69,64.64,68.68,61.61,72.72,65.65,89.89,59.59,68.61266667
54.54,75.75,67.67,83.83,71.71,81.81,54.54,70.7,95.95,51.51,76.76,51.51,87.87,75.75,95.95,73.05666667
80.8,88.88,54.54,88.88,73.73,76.76,55.55,69.69,52.52,59.59,59.59,86.86,88.88,67.67,67.67,71.44066667
61.61,77.77,87.87,68.68,71.71,90.9,89.89,68.68,81.81,97.97,57.57,86.86,51.51,50.5,86.86,75.346
64.64,96.96,55.55,59.59,83.83,66.66,83.83,82.82,70.7,97.97,71.71,77.77,57.57,90.9,68.68,75.27866667
64.64,87.87,76.76,66.66,93.93,73.73,90.9,97.97,62.62,82.82,95.95,97.97,60.6,78.78,63.63,79.65533333
60.6,85.85,77.77,91.91,85.85,78.78,90.9,65.65,54.54,53.53,51.51,82.82,86.86,82.82,88.88,75.88466667
61.61,50.5,90.9,58.58,82.82,58.58,94.94,99.99,71.71,92.92,90.9,97.97,85.85,78.78,80.8,79.79
78.78,74.74,79.79,95.95,55.55,58.58,91.91,93.93,85.85,55.55,90.9,58.58,82.82,88.88,77.77,77.972
65.65,77.77,94.94,64.64,84.84,77.77,75.75,53.53,92.92,85.85,84.84,74.74,77.77,73.73,88.88,78.24133333
64.64,53.53,60.6,66.66,80.8,89.89,52.52,52.52,87.87,50.5,62.62,76.76,90.9,89.89,88.88,71.23866667
64.64,50.5,85.85,64.64,58.58,63.63,97.97,83.83,76.76,51.51,62.62,65.65,60.6,69.69,56.56,67.53533333
78.78,89.89,52.52,81.81,81.81,56.56,95.95,64.64,75.75,88.88,79.79,63.63,78.78,75.75,55.55,74.67266667
70.7,78.78,84.84,86.86,92.92,62.62,89.89,95.95,95.95,64.64,92.92,60.6,99.99,62.62,50.5,79.31866667
64.64,62.62,59.59,73.73,85.85,68.68,93.93,99.99,74.74,81.81,78.78,94.94,82.82,60.6,73.73,77.09666667
69.69,76.76,94.94,75.75,53.53,66.66,81.81,64.64,61.61,51.51,51.51,69.69,57.57,61.61,62.62,66.66
66.66,93.93,99.99,58.58,94.94,55.55,83.83,70.7,90.9,64.64,97.97,90.9,85.85,94.94,94.94,82.95466667
93.93,81.81,83.83,78.78,69.69,63.63,53.53,90.9,57.57,81.81,71.71,84.84,84.84,90.9,76.76,77.63533333
84.84,89.89,74.74,59.59,53.53,75.75,59.59,91.91,97.97,54.54,76.76,93.93,51.51,95.95,99.99,77.366
72.72,81.81,59.59,71.71,81.81,58.58,78.78,75.75,93.93,60.6,66.66,97.97,64.64,77.77,92.92,75.68266667
81.81,75.75,71.71,93.93,68.68,83.83,76.76,87.87,64.64,64.64,69.69,75.75,86.86,52.52,98.98,76.89466667
75.75,54.54,70.7,78.78,67.67,97.97,67.67,85.85,63.63,93.93,72.72,52.52,58.58,96.96,58.58,73.05666667
79.79,89.89,91.91,99.99,55.55,59.59,69.69,59.59,75.75,75.75,51.51,53.53,56.56,97.97,96.96,74.26866667
65.65,83.83,68.68,94.94,63.63,88.88,93.93,51.51,75.75,88.88,63.63,80.8,93.93,65.65,96.96,78.44333333
62.62,82.82,74.74,58.58,94.94,76.76,88.88,91.91,88.88,89.89,60.6,64.64,92.92,87.87,64.64,78.71266667
77.77,63.63,83.83,76.76,79.79,55.55,70.7,54.54,99.99,57.57,53.53,83.83,98.98,53.53,73.73,72.24866667
96.96,66.66,95.95,91.91,77.77,63.63,66.66,54.54,80.8,81.81,64.64,66.66,56.56,60.6,69.69,72.98933333
80.8,63.63,99.99,71.71,58.58,74.74,57.57,77.77,75.75,91.91,73.73,89.89,60.6,79.79,69.69,75.07666667
56.56,83.83,95.95,90.9,85.85,66.66,89.89,50.5,90.9,87.87,69.69,73.73,60.6,57.57,52.52,74.20133333
64.64,53.53,54.54,59.59,54.54,74.74,65.65,65.65,74.74,72.72,79.79,99.99,96.96,78.78,64.64,70.7
61.61,90.9,66.66,65.65,58.58,87.87,79.79,63.63,55.55,54.54,78.78,85.85,79.79,55.55,90.9,71.71
68.68,91.91,60.6,86.86,64.64,78.78,53.53,99.99,74.74,98.98,57.57,80.8,67.67,77.77,74.74,75.81733333
57.57,92.92,72.72,50.5,69.69,75.75,74.74,83.83,70.7,93.93,69.69,99.99,88.88,61.61,58.58,74.74
97.97,54.54,68.68,74.74,71.71,84.84,55.55,89.89,57.57,69.69,50.5,57.57,84.84,92.92,99.99,74.06666667
81.81,67.67,59.59,68.68,96.96,83.83,54.54,88.88,55.55,64.64,50.5,55.55,61.61,76.76,68.68,69.01666667
76.76,98.98,86.86,56.56,94.94,71.71,91.91,80.8,83.83,98.98,79.79,66.66,58.58,53.53,92.92,79.52066667
68.68,66.66,94.94,70.7,97.97,90.9,81.81,69.69,95.95,94.94,87.87,90.9,65.65,88.88,59.59,81.67533333
53.53,79.79,79.79,62.62,62.62,84.84,87.87,68.68,95.95,93.93,60.6,96.96,97.97,69.69,93.93,79.25133333
58.58,74.74,54.54,81.81,63.63,77.77,50.5,90.9,89.89,61.61,86.86,95.95,93.93,50.5,77.77,73.932
59.59,84.84,81.81,58.58,73.73,80.8,85.85,74.74,93.93,78.78,80.8,71.71,92.92,74.74,80.8,78.24133333
70.7,82.82,86.86,59.59,53.53,72.72,68.68,97.97,96.96,95.95,74.74,77.77,51.51,72.72,81.81,76.28866667
62.62,95.95,65.65,72.72,52.52,81.81,65.65,80.8,68.68,79.79,52.52,70.7,67.67,85.85,67.67,71.37333333
61.61,85.85,56.56,64.64,70.7,58.58,57.57,84.84,62.62,65.65,58.58,66.66,60.6,94.94,99.99,69.95933333
79.79,94.94,98.98,63.63,98.98,90.9,76.76,77.77,73.73,85.85,71.71,93.93,62.62,75.75,96.96,82.82
79.79,73.73,96.96,88.88,89.89,61.61,82.82,79.79,66.66,59.59,58.58,91.91,94.94,73.73,59.59,77.23133333
82.82,91.91,78.78,72.72,71.71,99.99,72.72,57.57,54.54,83.83,77.77,80.8,75.75,63.63,67.67,75.48066667
91.91,87.87,66.66,50.5,53.53,58.58,97.97,86.86,51.51,95.95,57.57,57.57,65.65,91.91,92.92,73.79733333
78.78,50.5,80.8,79.79,70.7,52.52,94.94,89.89,64.64,89.89,60.6,60.6,63.63,87.87,97.97,74.87466667
89.89,60.6,93.93,51.51,69.69,89.89,58.58,65.65,72.72,93.93,80.8,75.75,50.5,66.66,61.61,72.114
72.72,99.99,94.94,72.72,63.63,85.85,61.61,87.87,60.6,82.82,97.97,99.99,87.87,58.58,53.53,78.71266667
61.61,89.89,51.51,77.77,78.78,78.78,94.94,67.67,82.82,65.65,92.92,61.61,78.78,67.67,78.78,75.27866667
66.66,79.79,60.6,63.63,97.97,98.98,55.55,97.97,99.99,52.52,63.63,88.88,79.79,57.57,85.85,76.62533333
59.59,92.92,88.88,56.56,65.65,84.84,67.67,75.75,68.68,94.94,94.94,90.9,79.79,90.9,80.8,79.52066667
90.9,82.82,84.84,93.93,72.72,79.79,50.5,62.62,93.93,96.96,62.62,66.66,99.99,99.99,92.92,82.07933333
86.86,53.53,52.52,91.91,91.91,65.65,65.65,68.68,80.8,94.94,95.95,84.84,65.65,69.69,51.51,74.67266667
95.95,54.54,98.98,69.69,80.8,66.66,84.84,69.69,70.7,80.8,64.64,89.89,87.87,90.9,78.78,78.982
66.66,88.88,52.52,87.87,92.92,62.62,54.54,64.64,68.68,78.78,75.75,53.53,70.7,84.84,77.77,72.04666667
97.97,56.56,51.51,75.75,68.68,85.85,79.79,95.95,57.57,65.65,61.61,84.84,58.58,64.64,74.74,71.97933333
92.92,83.83,63.63,81.81,51.51,52.52,54.54,81.81,64.64,57.57,72.72,53.53,59.59,60.6,88.88,68.00666667
52.52,64.64,55.55,99.99,75.75,78.78,67.67,92.92,86.86,90.9,52.52,86.86,96.96,77.77,82.82,77.50066667
81.81,88.88,68.68,55.55,92.92,67.67,92.92,89.89,87.87,82.82,81.81,93.93,99.99,78.78,79.79,82.88733333
58.58,69.69,92.92,62.62,53.53,55.55,84.84,57.57,81.81,71.71,63.63,84.84,95.95,73.73,62.62,71.306
66.66,94.94,53.53,83.83,66.66,70.7,51.51,80.8,78.78,98.98,75.75,93.93,51.51,58.58,55.55,72.114
64.64,67.67,77.77,61.61,78.78,76.76,88.88,85.85,56.56,79.79,60.6,57.57,62.62,88.88,84.84,72.85466667
70.7,51.51,94.94,98.98,75.75,55.55,79.79,77.77,62.62,81.81,54.54,63.63,69.69,71.71,75.75,72.316
56.56,72.72,50.5,74.74,68.68,62.62,76.76,94.94,99.99,55.55,73.73,74.74,82.82,51.51,69.69,71.03666667
58.58,82.82,87.87,61.61,72.72,53.53,76.76,54.54,67.67,84.84,74.74,82.82,96.96,66.66,95.95,74.538
64.64,78.78,69.69,77.77,97.97,76.76,72.72,62.62,61.61,57.57,55.55,76.76,96.96,83.83,61.61,72.98933333
61.61,75.75,94.94,83.83,92.92,83.83,97.97,51.51,91.91,53.53,98.98,51.51,61.61,79.79,54.54,75.61533333
83.83,62.62,91.91,72.72,80.8,73.73,92.92,86.86,85.85,95.95,79.79,53.53,89.89,64.64,92.92,80.53066667
53.53,95.95,71.71,83.83,89.89,78.78,81.81,57.57,94.94,94.94,86.86,80.8,54.54,83.83,96.96,80.396
50.5,83.83,77.77,51.51,68.68,52.52,54.54,77.77,68.68,66.66,93.93,74.74,69.69,50.5,69.69,67.40066667
73.73,99.99,89.89,81.81,52.52,96.96,51.51,67.67,57.57,54.54,80.8,62.62,62.62,72.72,53.53,70.56533333
78.78,70.7,82.82,80.8,79.79,88.88,75.75,97.97,55.55,64.64,56.56,51.51,70.7,95.95,50.5,73.39333333
61.61,61.61,52.52,74.74,85.85,82.82,51.51,89.89,63.63,75.75,89.89,79.79,68.68,91.91,89.89,74.67266667
61.61,77.77,94.94,63.63,97.97,77.77,99.99,95.95,62.62,71.71,68.68,59.59,82.82,53.53,95.95,77.63533333
58.58,50.5,89.89,75.75,54.54,59.59,54.54,94.94,80.8,87.87,83.83,64.64,66.66,55.55,55.55,68.882
54.54,85.85,88.88,59.59,67.67,94.94,58.58,96.96,97.97,80.8,89.89,60.6,58.58,55.55,77.77,75.21133333
67.67,85.85,67.67,99.99,86.86,92.92,98.98,85.85,69.69,86.86,64.64,51.51,72.72,71.71,78.78,78.78
63.63,95.95,82.82,60.6,75.75,73.73,85.85,97.97,91.91,86.86,87.87,81.81,52.52,86.86,65.65,79.31866667
50.5,51.51,66.66,56.56,51.51,79.79,79.79,68.68,90.9,67.67,96.96,80.8,71.71,66.66,98.98,71.912
65.65,52.52,54.54,69.69,99.99,57.57,68.68,62.62,57.57,55.55,95.95,67.67,77.77,77.77,95.95,70.63266667
82.82,93.93,75.75,90.9,74.74,79.79,61.61,67.67,59.59,83.83,79.79,79.79,71.71,91.91,57.57,76.76
50.5,98.98,57.57,92.92,78.78,54.54,61.61,58.58,68.68,87.87,63.63,66.66,76.76,74.74,57.57,69.95933333
68.68,80.8,91.91,83.83,65.65,85.85,52.52,73.73,95.95,66.66,67.67,81.81,59.59,74.74,61.61,74.06666667
66.66,75.75,73.73,91.91,52.52,93.93,93.93,72.72,82.82,54.54,89.89,54.54,92.92,92.92,51.51,76.01933333
72.72,83.83,99.99,86.86,90.9,78.78,52.52,71.71,78.78,74.74,64.64,91.91,93.93,83.83,54.54,78.64533333
76.76,79.79,58.58,99.99,97.97,52.52,68.68,63.63,83.83,91.91,59.59,89.89,53.53,53.53,95.95,75.07666667
51.51,94.94,69.69,75.75,87.87,62.62,90.9,69.69,64.64,96.96,60.6,94.94,98.98,50.5,51.51,74.74
60.6,53.53,63.63,71.71,99.99,53.53,51.51,89.89,93.93,74.74,86.86,94.94,78.78,61.61,60.6,73.05666667
74.74,68.68,61.61,66.66,53.53,93.93,70.7,61.61,80.8,63.63,50.5,76.76,67.67,93.93,55.55,69.35333333
69.69,70.7,82.82,56.56,76.76,84.84,52.52,65.65,98.98,57.57,92.92,81.81,93.93,67.67,86.86,75.952
84.84,83.83,54.54,64.64,89.89,89.89,51.51,64.64,58.58,91.91,92.92,55.55,77.77,83.83,83.83,75.21133333
83.83,76.76,63.63,87.87,76.76,88.88,89.89,71.71,83.83,53.53,57.57,87.87,50.5,67.67,66.66,73.79733333
90.9,73.73,83.83,94.94,81.81,51.51,81.81,52.52,50.5,82.82,50.5,63.63,72.72,63.63,62.62,70.498
61.61,71.71,63.63,66.66,74.74,84.84,55.55,51.51,96.96,65.65,97.97,65.65,73.73,72.72,57.57,70.7
76.76,72.72,82.82,64.64,55.55,63.63,98.98,57.57,74.74,76.76,69.69,60.6,96.96,86.86,91.91,75.346
61.61,93.93,70.7,80.8,78.78,78.78,69.69,65.65,60.6,56.56,66.66,65.65,69.69,93.93,63.63,71.77733333
80.8,50.5,74.74,87.87,81.81,81.81,52.52,88.88,87.87,59.59,68.68,63.63,53.53,56.56,72.72,70.76733333
77.77,81.81,66.66,94.94,77.77,56.56,79.79,63.63,60.6,51.51,65.65,55.55,63.63,93.93,66.66,70.43066667
53.53,61.61,55.55,87.87,78.78,54.54,57.57,87.87,81.81,73.73,79.79,56.56,68.68,86.86,91.91,71.77733333
65.65,76.76,96.96,52.52,53.53,91.91,50.5,53.53,85.85,78.78,89.89,58.58,94.94,54.54,76.76,72.04666667
93.93,74.74,75.75,51.51,76.76,91.91,63.63,75.75,97.97,94.94,65.65,86.86,98.98,98.98,56.56,80.26133333
77.77,74.74,84.84,73.73,59.59,59.59,57.57,74.74,99.99,62.62,63.63,58.58,81.81,71.71,83.83,72.316
70.7,59.59,75.75,82.82,50.5,58.58,53.53,95.95,84.84,86.86,52.52,81.81,94.94,94.94,93.93,75.81733333
99.99,94.94,64.64,65.65,58.58,71.71,69.69,63.63,51.51,77.77,92.92,75.75,54.54,82.82,89.89,74.26866667
50.5,86.86,58.58,85.85,63.63,88.88,62.62,98.98,99.99,63.63,78.78,85.85,91.91,53.53,90.9,77.366
74.74,89.89,71.71,67.67,79.79,98.98,80.8,55.55,86.86,75.75,56.56,64.64,61.61,60.6,82.82,73.86466667
55.55,99.99,88.88,84.84,96.96,69.69,54.54,84.84,66.66,97.97,98.98,93.93,80.8,74.74,77.77,81.74266667
56.56,50.5,94.94,93.93,66.66,99.99,66.66,72.72,95.95,61.61,50.5,68.68,90.9,60.6,68.68,73.25866667
59.59,82.82,85.85,66.66,85.85,80.8,70.7,70.7,59.59,61.61,61.61,62.62,83.83,91.91,54.54,71.912
92.92,84.84,87.87,58.58,52.52,94.94,84.84,56.56,91.91,99.99,73.73,67.67,71.71,70.7,51.51,76.01933333
76.76,94.94,94.94,57.57,83.83,64.64,98.98,53.53,91.91,89.89,65.65,62.62,56.56,83.83,58.58,75.61533333
67.67,89.89,84.84,56.56,70.7,66.66,75.75,94.94,72.72,54.54,77.77,96.96,62.62,91.91,55.55,74.60533333
52.52,82.82,91.91,51.51,57.57,76.76,78.78,76.76,78.78,86.86,53.53,79.79,51.51,66.66,91.91,71.84466667
76.76,55.55,95.95,83.83,79.79,51.51,95.95,70.7,76.76,89.89,74.74,97.97,50.5,61.61,98.98,77.366
86.86,64.64,75.75,62.62,69.69,95.95,87.87,91.91,61.61,72.72,54.54,68.68,93.93,90.9,89.89,77.83733333
79.79,72.72,94.94,54.54,56.56,83.83,63.63,57.57,77.77,70.7,93.93,79.79,65.65,50.5,63.63,71.03666667
70.7,87.87,93.93,54.54,81.81,81.81,86.86,84.84,84.84,61.61,89.89,55.55,94.94,62.62,54.54,76.42333333
73.73,90.9,84.84,69.69,81.81,93.93,81.81,79.79,56.56,88.88,93.93,69.69,82.82,58.58,97.97,80.32866667
75.75,95.95,96.96,87.87,64.64,55.55,67.67,79.79,99.99,81.81,99.99,93.93,94.94,91.91,62.62,83.29133333
94.94,58.58,75.75,99.99,58.58,91.91,66.66,65.65,87.87,62.62,70.7,90.9,96.96,54.54,95.95,78.10666667
76.76,69.69,71.71,67.67,95.95,63.63,84.84,60.6,91.91,62.62,64.64,78.78,56.56,97.97,87.87,75.41333333
90.9,65.65,97.97,50.5,96.96,91.91,69.69,54.54,61.61,88.88,94.94,54.54,99.99,64.64,97.97,78.71266667
66.66,99.99,85.85,86.86,95.95,67.67,85.85,50.5,95.95,83.83,75.75,84.84,86.86,54.54,89.89,80.73266667
96.96,93.93,57.57,75.75,89.89,81.81,59.59,56.56,90.9,84.84,52.52,95.95,87.87,79.79,62.62,77.77
59.59,55.55,81.81,75.75,83.83,80.8,52.52,99.99,51.51,64.64,59.59,61.61,76.76,56.56,58.58,67.93933333
82.82,79.79,56.56,69.69,54.54,73.73,80.8,91.91,83.83,87.87,85.85,62.62,61.61,74.74,59.59,73.73
77.77,73.73,60.6,92.92,59.59,51.51,88.88,87.87,79.79,76.76,68.68,81.81,59.59,76.76,58.58,72.98933333
74.74,71.71,53.53,56.56,86.86,92.92,52.52,53.53,53.53,77.77,50.5,52.52,61.61,50.5,60.6,63.29333333
79.79,98.98,87.87,83.83,76.76,84.84,69.69,77.77,95.95,55.55,96.96,56.56,83.83,60.6,76.76,79.04933333
69.69,83.83,58.58,64.64,75.75,57.57,56.56,79.79,99.99,53.53,95.95,74.74,55.55,86.86,58.58,71.44066667
77.77,98.98,95.95,67.67,67.67,51.51,54.54,63.63,56.56,56.56,55.55,96.96,65.65,67.67,76.76,70.22866667
82.82,64.64,84.84,99.99,91.91,78.78,82.82,98.98,68.68,60.6,81.81,87.87,82.82,53.53,79.79,79.992
99.99,79.79,96.96,70.7,71.71,55.55,93.93,75.75,73.73,85.85,90.9,93.93,85.85,79.79,84.84,82.618
95.95,67.67,65.65,61.61,69.69,75.75,53.53,95.95,80.8,58.58,84.84,71.71,67.67,67.67,99.99,74.47066667
72.72,93.93,65.65,95.95,86.86,95.95,88.88,85.85,84.84,69.69,79.79,79.79,66.66,60.6,99.99,81.81
76.76,63.63,84.84,63.63,52.52,64.64,85.85,93.93,56.56,70.7,62.62,95.95,96.96,81.81,93.93,76.28866667
99.99,50.5,66.66,56.56,74.74,58.58,77.77,59.59,54.54,70.7,87.87,85.85,85.85,62.62,80.8,71.508
56.56,97.97,90.9,59.59,69.69,86.86,88.88,90.9,57.57,92.92,95.95,74.74,71.71,54.54,52.52,76.08666667
80.8,78.78,73.73,90.9,50.5,54.54,62.62,52.52,92.92,53.53,90.9,89.89,53.53,75.75,54.54,70.36333333
87.87,58.58,76.76,55.55,81.81,50.5,74.74,95.95,83.83,52.52,58.58,88.88,61.61,59.59,93.93,72.04666667
77.77,91.91,87.87,73.73,92.92,89.89,98.98,95.95,93.93,85.85,69.69,63.63,71.71,86.86,98.98,85.31133333
53.53,64.64,66.66,57.57,80.8,53.53,75.75,98.98,58.58,79.79,64.64,96.96,81.81,50.5,74.74,70.56533333
96.96,72.72,58.58,85.85,50.5,79.79,82.82,71.71,64.64,76.76,81.81,61.61,94.94,51.51,60.6,72.72
87.87,97.97,51.51,91.91,54.54,63.63,87.87,94.94,86.86,52.52,92.92,66.66,84.84,69.69,89.89,78.24133333
55.55,50.5,53.53,71.71,79.79,52.52,90.9,98.98,64.64,57.57,51.51,96.96,85.85,68.68,86.86,71.03666667
85.85,86.86,79.79,62.62,56.56,54.54,65.65,97.97,98.98,59.59,84.84,69.69,59.59,53.53,79.79,73.05666667
84.84,57.57,77.77,97.97,83.83,76.76,72.72,80.8,51.51,77.77,88.88,72.72,72.72,68.68,60.6,75.00933333
84.84,92.92,89.89,77.77,51.51,85.85,76.76,92.92,78.78,80.8,53.53,75.75,68.68,52.52,56.56,74.60533333
76.76,65.65,54.54,96.96,55.55,70.7,51.51,75.75,71.71,73.73,65.65,83.83,60.6,54.54,87.87,69.69
99.99,95.95,60.6,71.71,76.76,82.82,84.84,77.77,70.7,83.83,84.84,61.61,78.78,71.71,57.57,77.29866667
53.53,65.65,74.74,84.84,96.96,98.98,98.98,83.83,51.51,66.66,97.97,83.83,90.9,64.64,74.74,79.184
77.77,77.77,93.93,76.76,83.83,75.75,53.53,75.75,87.87,97.97,82.82,50.5,80.8,97.97,54.54,77.83733333
82.82,61.61,64.64,77.77,57.57,81.81,52.52,70.7,57.57,54.54,97.97,61.61,74.74,78.78,54.54,68.61266667
84.84,88.88,51.51,60.6,50.5,75.75,57.57,93.93,99.99,69.69,78.78,50.5,92.92,69.69,98.98,74.942
67.67,74.74,74.74,87.87,95.95,52.52,90.9,87.87,80.8,62.62,66.66,58.58,79.79,97.97,54.54,75.548
87.87,62.62,71.71,60.6,96.96,63.63,96.96,67.67,56.56,73.73,52.52,58.58,72.72,58.58,73.73,70.296
68.68,75.75,97.97,73.73,60.6,60.6,75.75,61.61,89.89,69.69,67.67,88.88,94.94,70.7,85.85,76.154
74.74,61.61,55.55,72.72,72.72,56.56,89.89,60.6,67.67,68.68,63.63,53.53,75.75,54.54,61.61,65.98666667
63.63,53.53,91.91,87.87,84.84,96.96,81.81,71.71,92.92,71.71,74.74,78.78,69.69,93.93,66.66,78.71266667
54.54,87.87,61.61,85.85,69.69,89.89,77.77,95.95,87.87,81.81,64.64,91.91,78.78,73.73,91.91,79.588
70.7,69.69,61.61,99.99,68.68,83.83,57.57,99.99,90.9,67.67,53.53,79.79,83.83,93.93,73.73,77.02933333
79.79,87.87,70.7,96.96,63.63,78.78,61.61,80.8,76.76,66.66,88.88,50.5,55.55,91.91,94.94,76.356
55.55,66.66,63.63,53.53,94.94,82.82,78.78,86.86,98.98,70.7,51.51,77.77,58.58,99.99,56.56,73.124
78.78,58.58,53.53,80.8,81.81,96.96,50.5,64.64,50.5,98.98,72.72,88.88,73.73,79.79,70.7,73.39333333
67.67,50.5,92.92,86.86,91.91,67.67,54.54,59.59,55.55,79.79,86.86,77.77,59.59,94.94,92.92,74.60533333
75.75,57.57,66.66,91.91,61.61,65.65,56.56,58.58,84.84,67.67,90.9,99.99,78.78,97.97,68.68,74.87466667
67.67,51.51,86.86,80.8,80.8,79.79,71.71,86.86,99.99,97.97,54.54,82.82,53.53,86.86,84.84,77.77
62.62,71.71,59.59,64.64,86.86,50.5,73.73,74.74,50.5,66.66,92.92,84.84,68.68,57.57,86.86,70.16133333
94.94,60.6,57.57,57.57,87.87,98.98,69.69,94.94,65.65,76.76,62.62,85.85,68.68,65.65,53.53,73.39333333
73.73,70.7,66.66,74.74,61.61,83.83,97.97,68.68,63.63,93.93,99.99,69.69,65.65,70.7,56.56,74.538
93.93,73.73,90.9,95.95,77.77,92.92,53.53,57.57,95.95,93.93,90.9,73.73,79.79,65.65,87.87,81.608
59.59,72.72,79.79,58.58,59.59,76.76,87.87,52.52,84.84,87.87,96.96,66.66,79.79,69.69,96.96,75.346
65.65,76.76,92.92,58.58,72.72,98.98,82.82,67.67,56.56,74.74,84.84,87.87,66.66,60.6,91.91,75.952
89.89,84.84,80.8,71.71,82.82,52.52,68.68,98.98,91.91,52.52,85.85,87.87,72.72,99.99,85.85,80.46333333
77.77,85.85,66.66,69.69,66.66,90.9,51.51,66.66,92.92,75.75,85.85,76.76,81.81,73.73,89.89,76.82733333
95.95,99.99,71.71,77.77,58.58,89.89,67.67,51.51,83.83,62.62,61.61,72.72,88.88,66.66,78.78,75.21133333
89.89,60.6,67.67,96.96,66.66,99.99,76.76,61.61,77.77,97.97,62.62,74.74,80.8,94.94,80.8,79.31866667
69.69,51.51,58.58,63.63,54.54,57.57,62.62,54.54,93.93,63.63,55.55,89.89,56.56,84.84,74.74,66.12133333
71.71,79.79,58.58,80.8,50.5,89.89,87.87,63.63,73.73,59.59,96.96,77.77,68.68,77.77,97.97,75.68266667
59.59,76.76,82.82,78.78,64.64,61.61,61.61,67.67,50.5,68.68,78.78,77.77,95.95,77.77,65.65,71.23866667
82.82,94.94,78.78,76.76,54.54,69.69,51.51,93.93,90.9,85.85,66.66,80.8,57.57,59.59,70.7,74.336
60.6,91.91,66.66,92.92,95.95,50.5,66.66,86.86,94.94,85.85,72.72,66.66,52.52,71.71,89.89,76.42333333
61.61,94.94,50.5,92.92,77.77,89.89,61.61,85.85,58.58,94.94,60.6,68.68,64.64,96.96,72.72,75.48066667
90.9,61.61,72.72,79.79,80.8,68.68,52.52,71.71,92.92,63.63,66.66,98.98,58.58,95.95,76.76,75.48066667
72.72,93.93,81.81,96.96,77.77,94.94,74.74,77.77,96.96,59.59,54.54,72.72,69.69,75.75,88.88,79.25133333
52.52,53.53,98.98,93.93,67.67,51.51,51.51,82.82,83.83,65.65,94.94,88.88,90.9,99.99,75.75,76.82733333
79.79,85.85,71.71,85.85,51.51,60.6,84.84,51.51,61.61,62.62,69.69,97.97,80.8,68.68,50.5,70.902
94.94,88.88,70.7,96.96,80.8,66.66,62.62,71.71,69.69,67.67,96.96,60.6,91.91,58.58,63.63,76.154
67.67,96.96,91.91,76.76,62.62,67.67,51.51,84.84,58.58,78.78,85.85,99.99,76.76,62.62,89.89,76.82733333
60.6,52.52,65.65,97.97,66.66,73.73,60.6,56.56,65.65,98.98,60.6,72.72,56.56,54.54,79.79,68.20866667
86.86,53.53,95.95,52.52,92.92,61.61,84.84,50.5,53.53,58.58,86.86,95.95,62.62,78.78,95.95,74.06666667
73.73,58.58,59.59,69.69,72.72,78.78,80.8,63.63,85.85,60.6,83.83,95.95,60.6,95.95,54.54,72.98933333
84.84,52.52,69.69,93.93,69.69,81.81,99.99,95.95,95.95,73.73,85.85,70.7,92.92,82.82,62.62,80.86733333
69.69,50.5,77.77,81.81,58.58,97.97,91.91,66.66,81.81,82.82,50.5,56.56,72.72,77.77,63.63,72.04666667
63.63,69.69,91.91,61.61,77.77,85.85,94.94,64.64,50.5,71.71,51.51,80.8,93.93,71.71,80.8,74.06666667
89.89,85.85,63.63,97.97,52.52,83.83,57.57,93.93,51.51,76.76,68.68,72.72,77.77,85.85,60.6,74.60533333
53.53,92.92,67.67,82.82,90.9,54.54,85.85,94.94,92.92,50.5,50.5,90.9,76.76,68.68,83.83,75.81733333
62.62,90.9,63.63,68.68,92.92,89.89,74.74,59.59,62.62,95.95,56.56,62.62,66.66,87.87,85.85,74.74
66.66,69.69,66.66,53.53,73.73,84.84,74.74,97.97,84.84,69.69,93.93,57.57,54.54,72.72,87.87,73.932
56.56,79.79,79.79,71.71,62.62,71.71,93.93,75.75,79.79,95.95,57.57,50.5,79.79,84.84,94.94,75.68266667
62.62,72.72,93.93,58.58,73.73,58.58,84.84,78.78,90.9,60.6,57.57,67.67,73.73,98.98,73.73,73.79733333
66.66,80.8,80.8,77.77,99.99,60.6,97.97,87.87,94.94,65.65,67.67,96.96,51.51,93.93,71.71,79.65533333
66.66,62.62,65.65,58.58,53.53,59.59,71.71,86.86,98.98,89.89,51.51,76.76,98.98,90.9,74.74,73.79733333
50.5,50.5,70.7,88.88,87.87,90.9,53.53,92.92,93.93,65.65,81.81,88.88,77.77,90.9,76.76,77.43333333
58.58,61.61,73.73,53.53,94.94,83.83,77.77,58.58,78.78,62.62,75.75,85.85,53.53,71.71,83.83,71.64266667
91.91,74.74,93.93,85.85,68.68,58.58,57.57,56.56,98.98,69.69,77.77,77.77,98.98,51.51,50.5,74.20133333
80.8,91.91,84.84,97.97,59.59,53.53,51.51,93.93,96.96,50.5,59.59,82.82,59.59,51.51,78.78,72.922
68.68,69.69,93.93,60.6,77.77,64.64,60.6,68.68,70.7,67.67,68.68,87.87,89.89,68.68,70.7,72.58533333
67.67,77.77,51.51,89.89,65.65,80.8,68.68,70.7,66.66,58.58,91.91,79.79,96.96,82.82,54.54,73.59533333
89.89,68.68,92.92,90.9,83.83,61.61,96.96,96.96,84.84,68.68,52.52,89.89,94.94,73.73,65.65,80.8
69.69,94.94,54.54,63.63,95.95,92.92,85.85,54.54,52.52,62.62,63.63,70.7,75.75,98.98,75.75,74.134
94.94,79.79,85.85,74.74,57.57,91.91,66.66,64.64,52.52,79.79,63.63,82.82,71.71,72.72,74.74,74.26866667
78.78,87.87,71.71,76.76,65.65,79.79,73.73,66.66,87.87,62.62,54.54,66.66,94.94,64.64,66.66,73.25866667
71.71,64.64,57.57,90.9,77.77,58.58,77.77,65.65,69.69,67.67,85.85,78.78,84.84,98.98,77.77,75.21133333
98.98,99.99,52.52,95.95,83.83,82.82,82.82,51.51,94.94,87.87,69.69,88.88,60.6,90.9,50.5,79.45333333
81.81,66.66,50.5,68.68,61.61,70.7,80.8,64.64,95.95,69.69,90.9,52.52,61.61,66.66,98.98,72.114
57.57,60.6,64.64,85.85,81.81,73.73,60.6,51.51,62.62,55.55,53.53,85.85,91.91,66.66,67.67,68.00666667
65.65,59.59,62.62,70.7,81.81,91.91,56.56,68.68,75.75,50.5,52.52,93.93,81.81,50.5,60.6,68.20866667
56.56,93.93,74.74,62.62,82.82,92.92,62.62,62.62,63.63,98.98,90.9,50.5,99.99,81.81,66.66,76.08666667
50.5,60.6,82.82,98.98,59.59,98.98,57.57,62.62,78.78,91.91,78.78,83.83,92.92,83.83,99.99,78.78
98.98,79.79,97.97,93.93,89.89,56.56,62.62,85.85,67.67,93.93,76.76,97.97,82.82,63.63,55.55,80.26133333
50.5,66.66,54.54,91.91,62.62,97.97,65.65,79.79,50.5,63.63,77.77,53.53,53.53,64.64,84.84,67.872
82.82,92.92,52.52,79.79,91.91,89.89,87.87,74.74,72.72,92.92,96.96,67.67,66.66,79.79,50.5,78.64533333
90.9,61.61,70.7,72.72,76.76,61.61,66.66,50.5,71.71,81.81,51.51,73.73,83.83,63.63,86.86,70.96933333
69.69,96.96,74.74,53.53,77.77,56.56,54.54,63.63,83.83,71.71,58.58,82.82,69.69,65.65,93.93,71.57533333
67.67,61.61,56.56,75.75,79.79,62.62,72.72,60.6,53.53,76.76,96.96,90.9,81.81,64.64,61.61,70.902
61.61,68.68,80.8,61.61,88.88,51.51,72.72,98.98,53.53,63.63,91.91,83.83,60.6,72.72,96.96,73.86466667
90.9,95.95,54.54,96.96,63.63,80.8,67.67,78.78,70.7,59.59,70.7,65.65,68.68,67.67,67.67,73.326
73.73,70.7,90.9,69.69,73.73,53.53,90.9,84.84,94.94,51.51,77.77,74.74,65.65,77.77,68.68,74.60533333
94.94,65.65,58.58,98.98,98.98,52.52,55.55,74.74,79.79,80.8,94.94,95.95,58.58,77.77,53.53,76.08666667
92.92,91.91,70.7,91.91,94.94,50.5,87.87,87.87,57.57,95.95,99.99,60.6,52.52,99.99,62.62,79.85733333
96.96,94.94,96.96,70.7,61.61,70.7,93.93,56.56,62.62,75.75,66.66,76.76,86.86,65.65,92.92,77.972
81.81,82.82,83.83,87.87,71.71,95.95,55.55,51.51,76.76,85.85,88.88,90.9,87.87,78.78,86.86,80.46333333
84.84,75.75,95.95,85.85,62.62,76.76,52.52,79.79,92.92,96.96,78.78,57.57,82.82,59.59,53.53,75.75
52.52,63.63,96.96,52.52,98.98,82.82,77.77,50.5,69.69,74.74,90.9,92.92,57.57,72.72,86.86,74.74
70.7,64.64,82.82,59.59,54.54,54.54,98.98,98.98,66.66,62.62,81.81,82.82,51.51,86.86,86.86,73.59533333
67.67,89.89,60.6,74.74,87.87,87.87,97.97,93.93,62.62,87.87,87.87,55.55,86.86,65.65,57.57,77.63533333
65.65,95.95,84.84,56.56,74.74,98.98,82.82,56.56,93.93,92.92,57.57,90.9,71.71,64.64,74.74,77.50066667
98.98,75.75,85.85,51.51,91.91,61.61,86.86,55.55,81.81,68.68,95.95,76.76,70.7,80.8,65.65,76.558
95.95,77.77,85.85,90.9,83.83,77.77,64.64,77.77,89.89,56.56,81.81,88.88,68.68,74.74,86.86,80.12666667
60.6,96.96,61.61,80.8,72.72,64.64,79.79,59.59,73.73,65.65,81.81,53.53,87.87,78.78,57.57,71.71
88.88,63.63,88.88,80.8,99.99,74.74,88.88,72.72,71.71,80.8,91.91,69.69,76.76,75.75,84.84,80.66533333
83.83,52.52,85.85,91.91,64.64,65.65,93.93,55.55,56.56,88.88,90.9,80.8,91.91,88.88,84.84,78.44333333
51.51,92.92,73.73,74.74,74.74,81.81,92.92,61.61,88.88,67.67,56.56,60.6,89.89,55.55,72.72,73.05666667
75.75,71.71,79.79,98.98,65.65,78.78,52.52,73.73,83.83,50.5,95.95,72.72,57.57,75.75,68.68,73.46066667
65.65,88.88,95.95,57.57,61.61,77.77,76.76,60.6,70.7,95.95,95.95,90.9,56.56,74.74,66.66,75.75
61.61,64.64,50.5,92.92,93.93,81.81,92.92,71.71,99.99,87.87,58.58,77.77,91.91,98.98,53.53,78.578
89.89,99.99,65.65,61.61,78.78,56.56,61.61,82.82,72.72,84.84,81.81,87.87,61.61,79.79,67.67,75.548
75.75,91.91,99.99,53.53,82.82,93.93,97.97,60.6,65.65,89.89,51.51,51.51,61.61,79.79,62.62,74.60533333
63.63,97.97,66.66,68.68,57.57,62.62,89.89,97.97,96.96,82.82,50.5,75.75,51.51,75.75,51.51,72.65266667
84.84,75.75,71.71,74.74,97.97,66.66,71.71,87.87,71.71,72.72,90.9,68.68,53.53,73.73,55.55,74.538
93.93,86.86,53.53,64.64,75.75,61.61,76.76,81.81,54.54,55.55,53.53,93.93,95.95,88.88,60.6,73.19133333
85.85,51.51,69.69,72.72,65.65,90.9,81.81,93.93,78.78,79.79,77.77,50.5,74.74,66.66,58.58,73.25866667
96.96,86.86,98.98,54.54,54.54,58.58,60.6,70.7,53.53,52.52,51.51,84.84,86.86,57.57,93.93,70.83466667
96.96,80.8,82.82,58.58,59.59,71.71,83.83,59.59,54.54,65.65,64.64,85.85,98.98,78.78,91.91,75.61533333
59.59,76.76,89.89,95.95,88.88,87.87,78.78,63.63,53.53,65.65,52.52,93.93,64.64,51.51,73.73,73.124
69.69,89.89,95.95,66.66,98.98,58.58,66.66,67.67,75.75,63.63,89.89,90.9,66.66,74.74,78.78,76.962
99.99,79.79,74.74,78.78,59.59,82.82,65.65,72.72,54.54,96.96,93.93,73.73,51.51,71.71,80.8,75.81733333
89.89,90.9,96.96,97.97,54.54,76.76,97.97,87.87,55.55,72.72,99.99,85.85,55.55,51.51,60.6,78.30866667
70.7,69.69,56.56,83.83,78.78,73.73,55.55,99.99,77.77,91.91,77.77,99.99,58.58,91.91,58.58,76.356
81.81,80.8,85.85,85.85,94.94,98.98,74.74,99.99,84.84,61.61,87.87,85.85,77.77,99.99,51.51,83.49333333
96.96,53.53,97.97,59.59,75.75,90.9,63.63,82.82,76.76,75.75,76.76,77.77,88.88,85.85,75.75,78.578
72.72,63.63,68.68,69.69,94.94,84.84,94.94,53.53,76.76,73.73,62.62,86.86,72.72,82.82,78.78,75.81733333
88.88,71.71,83.83,65.65,78.78,79.79,68.68,97.97,94.94,77.77,65.65,95.95,91.91,67.67,99.99,81.94466667
69.69,71.71,80.8,58.58,74.74,91.91,90.9,70.7,91.91,61.61,91.91,56.56,57.57,67.67,82.82,74.60533333
84.84,90.9,62.62,96.96,94.94,85.85,77.77,65.65,87.87,66.66,56.56,74.74,87.87,83.83,77.77,79.65533333
97.97,60.6,80.8,78.78,63.63,96.96,72.72,87.87,95.95,72.72,66.66,70.7,84.84,56.56,80.8,77.83733333
51.51,90.9,72.72,67.67,54.54,75.75,92.92,66.66,64.64,75.75,53.53,93.93,94.94,73.73,65.65,72.98933333
83.83,50.5,91.91,85.85,73.73,62.62,77.77,82.82,72.72,59.59,58.58,64.64,55.55,70.7,66.66,70.498
77.77,94.94,96.96,60.6,50.5,90.9,68.68,92.92,99.99,52.52,64.64,78.78,77.77,89.89,85.85,78.84733333
72.72,50.5,70.7,53.53,84.84,68.68,95.95,74.74,88.88,51.51,57.57,88.88,96.96,70.7,69.69,73.05666667
89.89,91.91,92.92,89.89,84.84,90.9,91.91,78.78,90.9,85.85,79.79,65.65,89.89,93.93,62.62,85.31133333
56.56,96.96,78.78,63.63,73.73,56.56,86.86,95.95,56.56,80.8,52.52,92.92,81.81,74.74,87.87,75.75
77.77,56.56,59.59,59.59,99.99,78.78,85.85,76.76,53.53,90.9,81.81,69.69,94.94,75.75,96.96,77.23133333
68.68,78.78,69.69,94.94,63.63,83.83,86.86,92.92,51.51,70.7,61.61,65.65,90.9,64.64,66.66,74.06666667
97.97,50.5,79.79,99.99,65.65,56.56,86.86,99.99,96.96,89.89,97.97,54.54,65.65,92.92,57.57,79.52066667
79.79,56.56,57.57,97.97,74.74,91.91,59.59,81.81,68.68,63.63,96.96,87.87,69.69,83.83,63.63,75.61533333
79.79,80.8,85.85,68.68,83.83,81.81,79.79,69.69,83.83,96.96,77.77,52.52,98.98,80.8,71.71,79.52066667
98.98,63.63,88.88,64.64,50.5,98.98,80.8,67.67,69.69,88.88,83.83,90.9,59.59,60.6,62.62,75.346
80.8,77.77,69.69,92.92,95.95,96.96,87.87,54.54,96.96,90.9,69.69,61.61,87.87,93.93,90.9,83.224
60.6,61.61,71.71,66.66,80.8,51.51,53.53,95.95,95.95,57.57,58.58,92.92,65.65,60.6,90.9,70.96933333
73.73,95.95,57.57,65.65,58.58,67.67,99.99,96.96,53.53,95.95,62.62,73.73,51.51,79.79,76.76,73.99933333
72.72,89.89,58.58,96.96,82.82,87.87,86.86,83.83,89.89,98.98,83.83,52.52,92.92,73.73,65.65,81.13666667
90.9,63.63,85.85,97.97,71.71,87.87,78.78,70.7,62.62,70.7,53.53,82.82,95.95,52.52,58.58,74.942
88.88,82.82,60.6,85.85,59.59,55.55,75.75,67.67,59.59,83.83,92.92,74.74,85.85,95.95,90.9,77.366
78.78,72.72,65.65,85.85,58.58,52.52,55.55,86.86,74.74,59.59,50.5,50.5,82.82,52.52,90.9,67.872
50.5,52.52,99.99,79.79,88.88,96.96,70.7,77.77,63.63,89.89,60.6,77.77,61.61,95.95,80.8,76.49066667
93.93,63.63,85.85,51.51,94.94,92.92,66.66,53.53,88.88,66.66,68.68,65.65,93.93,54.54,75.75,74.47066667
52.52,60.6,94.94,57.57,54.54,59.59,79.79,55.55,74.74,51.51,68.68,77.77,65.65,92.92,96.96,69.55533333
85.85,67.67,90.9,99.99,76.76,97.97,90.9,75.75,98.98,64.64,64.64,54.54,82.82,83.83,90.9,81.74266667
55.55,69.69,65.65,53.53,80.8,57.57,99.99,58.58,75.75,74.74,92.92,86.86,80.8,72.72,77.77,73.528
59.59,96.96,54.54,66.66,99.99,70.7,50.5,83.83,57.57,94.94,67.67,68.68,59.59,53.53,92.92,71.84466667
84.84,81.81,77.77,62.62,65.65,85.85,54.54,92.92,86.86,56.56,64.64,54.54,71.71,85.85,50.5,71.77733333
85.85,80.8,57.57,86.86,90.9,98.98,59.59,66.66,53.53,82.82,90.9,70.7,90.9,70.7,88.88,78.376
65.65,94.94,76.76,59.59,51.51,58.58,58.58,52.52,50.5,84.84,51.51,72.72,78.78,88.88,95.95,69.42066667
54.54,96.96,58.58,69.69,63.63,67.67,53.53,94.94,52.52,71.71,63.63,80.8,67.67,76.76,57.57,68.68
64.64,97.97,88.88,76.76,61.61,96.96,76.76,84.84,51.51,93.93,61.61,85.85,85.85,93.93,68.68,79.31866667
73.73,68.68,55.55,83.83,81.81,74.74,65.65,80.8,57.57,71.71,74.74,92.92,97.97,65.65,78.78,74.942
52.52,91.91,96.96,56.56,87.87,75.75,66.66,97.97,79.79,92.92,60.6,77.77,93.93,89.89,85.85,80.46333333
65.65,62.62,59.59,90.9,98.98,87.87,62.62,56.56,70.7,73.73,63.63,98.98,91.91,59.59,60.6,73.59533333
53.53,96.96,86.86,75.75,94.94,88.88,95.95,78.78,50.5,66.66,57.57,97.97,86.86,94.94,96.96,81.54066667
74.74,98.98,99.99,67.67,85.85,71.71,68.68,60.6,88.88,71.71,92.92,97.97,97.97,67.67,98.98,82.95466667
51.51,94.94,53.53,70.7,81.81,60.6,83.83,58.58,58.58,95.95,72.72,62.62,58.58,75.75,50.5,68.68
66.66,91.91,69.69,99.99,87.87,86.86,60.6,66.66,82.82,85.85,63.63,92.92,54.54,80.8,93.93,78.982
55.55,89.89,72.72,68.68,64.64,60.6,95.95,88.88,55.55,92.92,71.71,88.88,80.8,86.86,93.93,77.83733333
76.76,85.85,85.85,91.91,61.61,77.77,59.59,87.87,96.96,65.65,78.78,62.62,75.75,93.93,63.63,77.63533333
90.9,78.78,79.79,67.67,71.71,85.85,80.8,74.74,61.61,51.51,74.74,52.52,66.66,80.8,81.81,73.326
60.6,79.79,85.85,98.98,92.92,92.92,94.94,52.52,90.9,95.95,53.53,67.67,75.75,79.79,89.89,80.8
58.58,94.94,96.96,92.92,73.73,74.74,88.88,68.68,66.66,95.95,94.94,56.56,91.91,99.99,96.96,83.49333333
76.76,79.79,59.59,52.52,60.6,68.68,50.5,62.62,84.84,50.5,50.5,73.73,50.5,93.93,54.54,64.64
70.7,92.92,70.7,65.65,78.78,95.95,96.96,96.96,66.66,86.86,53.53,78.78,51.51,50.5,79.79,75.75
53.53,64.64,93.93,66.66,55.55,95.95,95.95,71.71,81.81,98.98,89.89,66.66,54.54,62.62,88.88,76.08666667
53.53,67.67,78.78,69.69,90.9,51.51,52.52,73.73,86.86,57.57,90.9,65.65,96.96,85.85,71.71,72.922
52.52,90.9,53.53,93.93,92.92,68.68,64.64,68.68,83.83,86.86,62.62,77.77,71.71,88.88,79.79,75.81733333
54.54,98.98,90.9,55.55,53.53,73.73,73.73,81.81,97.97,62.62,81.81,89.89,84.84,57.57,95.95,76.89466667
97.97,93.93,72.72,83.83,75.75,50.5,52.52,88.88,79.79,90.9,62.62,81.81,60.6,94.94,68.68,77.02933333
83.83,76.76,99.99,94.94,85.85,87.87,60.6,72.72,72.72,54.54,97.97,76.76,65.65,64.64,68.68,77.568
77.77,58.58,70.7,52.52,89.89,50.5,95.95,55.55,71.71,89.89,76.76,68.68,65.65,55.55,72.72,70.16133333
69.69,53.53,54.54,64.64,75.75,53.53,81.81,75.75,84.84,98.98,93.93,86.86,52.52,54.54,84.84,72.38333333
89.89,53.53,53.53,57.57,61.61,80.8,78.78,78.78,76.76,82.82,68.68,79.79,73.73,61.61,65.65,70.902
74.74,66.66,92.92,75.75,61.61,53.53,68.68,56.56,58.58,71.71,56.56,51.51,64.64,92.92,70.7,67.80466667
80.8,98.98,87.87,59.59,71.71,71.71,84.84,98.98,68.68,83.83,65.65,52.52,73.73,52.52,82.82,75.61533333
61.61,68.68,87.87,85.85,82.82,52.52,87.87,83.83,78.78,81.81,96.96,76.76,57.57,87.87,87.87,78.578
85.85,80.8,65.65,71.71,98.98,90.9,71.71,66.66,66.66,93.93,64.64,97.97,79.79,79.79,56.56,78.10666667
83.83,74.74,84.84,50.5,58.58,87.87,59.59,99.99,55.55,82.82,68.68,80.8,85.85,63.63,71.71,73.932
88.88,85.85,72.72,95.95,78.78,64.64,99.99,92.92,67.67,87.87,62.62,95.95,86.86,99.99,86.86,84.50333333
76.76,97.97,93.93,95.95,99.99,69.69,89.89,95.95,69.69,60.6,75.75,58.58,86.86,82.82,93.93,83.224
63.63,60.6,82.82,60.6,65.65,94.94,53.53,53.53,77.77,98.98,60.6,56.56,75.75,94.94,91.91,72.78733333
69.69,99.99,59.59,83.83,90.9,81.81,75.75,66.66,52.52,86.86,67.67,59.59,56.56,70.7,94.94,74.47066667
81.81,54.54,60.6,69.69,98.98,64.64,81.81,80.8,84.84,86.86,64.64,71.71,95.95,61.61,55.55,74.26866667
80.8,68.68,77.77,93.93,64.64,50.5,91.91,86.86,60.6,73.73,74.74,97.97,72.72,55.55,81.81,75.48066667
,,,,,,,,,,,,,,,229
,,,,,,,,,,,,,,,1575
